datetime,target,horizon,actual,predicted,pred_std,pi90_lower,pi90_upper
2026-02-13 04:00:00,NH4,4,5.8,4.499841694651401,2.2297801263575874,0.8318533867931701,8.167830002509632
2026-02-13 05:00:00,NH4,4,5.7,4.818612648296695,2.429169714130555,0.8226284685519323,8.81459682804146
2026-02-13 06:00:00,NH4,4,5.3,5.36131633027102,2.4028472166854953,1.4086326588233802,9.314000001718659
2026-02-13 07:00:00,NH4,4,5.5,4.807706459045777,2.4110848949709105,0.8414718068186291,8.773941111272926
2026-02-13 08:00:00,NH4,4,6.6,5.026055203626014,2.420864517409523,1.0437330724873486,9.00837733476468
2026-02-13 09:00:00,NH4,4,8.0,4.717364454206251,2.441459163044246,0.7011641309984666,8.733564777414035
2026-02-13 10:00:00,NH4,4,8.4,4.664215520784614,2.4446859958855987,0.642707057552804,8.685723984016423
2026-02-13 11:00:00,NH4,4,9.2,4.796666619235597,2.4416886934115727,0.7800887185735599,8.813244519897633
2026-02-13 12:00:00,NH4,4,9.4,4.827253529678316,2.4392968137119966,0.8146102711220813,8.839896788234551
2026-02-13 13:00:00,NH4,4,9.1,4.932874136113225,2.426946303306118,0.9405474671746603,8.925200805051789
2026-02-13 14:00:00,NH4,4,8.7,4.631599829159776,2.432402438486547,0.6302978178494065,8.632901840470145
2026-02-13 15:00:00,NH4,4,8.2,5.021494479405552,2.4122513673784045,1.0533409800680769,8.989647978743028
2026-02-13 16:00:00,NH4,4,7.4,5.648725129335162,2.360553448629909,1.7656147063389613,9.531835552331362
2026-02-13 17:00:00,NH4,4,6.8,5.029986249839441,2.3959886334862195,1.0885849477546095,8.971387551924272
2026-02-13 18:00:00,NH4,4,6.3,4.754429474943122,2.403360164868053,0.8009020037351746,8.70795694615107
2026-02-13 19:00:00,NH4,4,5.8,4.78028209626885,2.3984237433555537,0.8348750384489643,8.725689154088737
2026-02-13 20:00:00,NH4,4,6.2,5.1891763092177365,2.409955204312232,1.2247999981241149,9.153552620311359
2026-02-13 21:00:00,NH4,4,6.8,5.058315083108955,2.387620365770555,1.1306795814163921,8.985950584801518
2026-02-13 22:00:00,NH4,4,6.6,4.771229487571967,2.389304885282313,0.8408229512825618,8.701636023861372
2026-02-13 23:00:00,NH4,4,5.8,4.4666349981397815,2.3877797800939073,0.5387372598853037,8.39453273639426
2026-02-14 00:00:00,NH4,4,4.8,3.936291726579309,2.400605895669196,-0.012704971796518194,7.885288424955136
2026-02-14 01:00:00,NH4,4,3.9,3.5420736399690846,2.3762842098059904,-0.3669138851617695,7.451061165099938
2026-02-14 02:00:00,NH4,4,3.2,2.8993385688406734,2.353240323580865,-0.9717417634498497,6.770418901131197
2026-02-14 03:00:00,NH4,4,3.0,2.574339612439948,2.3322360468736076,-1.2621886846671369,6.410867909547033
2026-02-14 04:00:00,NH4,4,2.3,2.719605769772959,2.332171445275379,-1.1168162577050391,6.556027797250957
2026-02-14 05:00:00,NH4,4,1.8,2.806331042045089,2.332735762608017,-1.0310192874450994,6.643681371535277
2026-02-14 06:00:00,NH4,4,1.5,2.8272057819015126,2.30489726117664,-0.9643502127340602,6.618761776537085
2026-02-14 07:00:00,NH4,4,1.4,3.268822353360006,2.3376003762580804,-0.5765302655845366,7.114174972304548
2026-02-14 08:00:00,NH4,4,1.7,3.279824009205675,2.3181365930012534,-0.533510686281387,7.093158704692737
2026-02-14 09:00:00,NH4,4,2.6,4.171651669876719,2.2712150510605325,0.4355029108821431,7.907800428871296
2026-02-14 10:00:00,NH4,4,4.2,4.201546741701382,2.2031425403021534,0.5773772629043394,7.825716220498424
2026-02-14 11:00:00,NH4,4,6.3,4.227204981388823,2.0895239641782717,0.7899380603155661,7.66447190246208
2026-02-14 12:00:00,NH4,4,8.2,4.614719329222393,2.051851982091247,1.239422818682292,7.990015839762495
2026-02-14 13:00:00,NH4,4,8.7,4.86452423702843,2.041951733839786,1.5055136348619822,8.223534839194878
2026-02-14 14:00:00,NH4,4,8.9,4.972939572720135,2.034747027000375,1.6257807133045175,8.320098432135751
2026-02-14 15:00:00,NH4,4,9.2,4.841329988460885,2.0165400559031985,1.5241215965001231,8.158538380421646
2026-02-14 16:00:00,NH4,4,9.2,4.490747185486932,2.007334658508988,1.188681672239647,7.792812698734218
2026-02-14 17:00:00,NH4,4,8.5,4.299640803145769,2.0372988277520236,0.9482842314936897,7.650997374797848
2026-02-14 18:00:00,NH4,4,7.9,4.1918258738163425,2.104442049116714,0.7300187030193479,7.653633044613337
2026-02-14 19:00:00,NH4,4,7.5,4.630312301378909,2.1330149109793166,1.1215027728179336,8.139121829939885
2026-02-14 20:00:00,NH4,4,7.3,4.743278124781492,2.0843983075076595,1.314442908931392,8.172113340631592
2026-02-14 21:00:00,NH4,4,6.6,3.6722584237425906,2.014586654110374,0.35826337773102557,6.986253469754155
2026-02-14 22:00:00,NH4,4,5.9,3.3744440011791554,2.0451748703327737,0.010131339481742607,6.738756662876568
2026-02-14 23:00:00,NH4,4,6.3,3.2622257518645954,2.057965231510546,-0.12312705397025292,6.647578557699443
2026-02-15 00:00:00,NH4,4,6.9,3.223479485508787,2.0604711315835047,-0.16599552594607792,6.612954496963653
2026-02-15 01:00:00,NH4,4,7.0,2.8646905738908996,1.9926417735917181,-0.4132051436674766,6.142586291449276
2026-02-15 02:00:00,NH4,4,5.9,2.676463015783745,1.9209248597154733,-0.4834583784482085,5.8363844100156985
2026-02-15 03:00:00,NH4,4,5.1,2.485477811608755,1.8067864258921709,-0.4866858589838663,5.457641482201376
2026-02-15 04:00:00,NH4,4,2.7,2.5996090648764287,1.7451880307172276,-0.2712252456534108,5.470443375406268
2026-02-15 05:00:00,NH4,4,1.8,2.988903608197853,1.7923216660697017,0.04053446751319356,5.9372727488825126
2026-02-15 06:00:00,NH4,4,1.8,3.19861935873349,1.7605833510248383,0.30245974629763106,6.094778971169349
2026-02-15 07:00:00,NH4,4,2.0,3.608117576035418,1.852139659528963,0.561347836110274,6.654887315960562
2026-02-15 08:00:00,NH4,4,2.1,3.5174901091543465,1.8940503230290269,0.401777327771597,6.633202890537095
2026-02-15 09:00:00,NH4,4,3.1,3.5773387590700114,1.722882798241344,0.7431965559630007,6.411480962177022
2026-02-15 10:00:00,NH4,4,5.0,4.396861269603166,1.8284616613851534,1.3890418366245885,7.404680702581743
2026-02-15 11:00:00,NH4,4,7.5,4.845227867948335,1.8930025944334352,1.7312386001053341,7.959217135791336
2026-02-15 12:00:00,NH4,4,9.6,6.215031439442303,2.16714156009849,2.650083573080287,9.779979305804318
2026-02-15 13:00:00,NH4,4,9.9,7.034113837889114,2.0405311006843463,3.6774401772633643,10.390787498514864
2026-02-15 14:00:00,NH4,4,10.1,6.2706654942470035,1.9503087944935489,3.0624075273051155,9.478923461188892
2026-02-15 15:00:00,NH4,4,10.1,5.927561673852632,1.9569222566820785,2.708424561610613,9.146698786094651
2026-02-15 16:00:00,NH4,4,9.9,6.7795549250145815,1.7292080051528373,3.935007756538164,9.624102093490999
2026-02-15 17:00:00,NH4,4,9.6,6.565501839545457,1.8131227601710094,3.582914899064147,9.548088780026768
2026-02-15 18:00:00,NH4,4,9.2,5.650138607542843,1.9294861939556034,2.476133818485875,8.82414339659981
2026-02-15 19:00:00,NH4,4,9.1,5.738108040270946,2.020943682779832,2.4136556820981223,9.06256039844377
2026-02-15 20:00:00,NH4,4,9.2,5.711994781396086,1.975804302203555,2.4617967042712383,8.962192858520934
2026-02-15 21:00:00,NH4,4,8.9,4.925918565229489,1.9361912084108954,1.7408840273935664,8.110953103065413
2026-02-15 22:00:00,NH4,4,8.1,5.011219971269461,2.052300940418685,1.6351849242807242,8.387255018258198
2026-02-15 23:00:00,NH4,4,7.3,4.651128396607863,2.1200009299594766,1.1637268668245238,8.138529926391202
2026-02-16 00:00:00,NH4,4,6.3,4.94078503828029,2.1011428981566795,1.4844049708125522,8.397165105748028
2026-02-16 01:00:00,NH4,4,5.6,4.530135137910627,2.024608949873545,1.1996534153686458,7.860616860452609
2026-02-16 02:00:00,NH4,4,5.5,4.011578603988717,2.012952718946459,0.7002713813217918,7.322885826655642
2026-02-16 03:00:00,NH4,4,5.4,3.637952001055727,2.0014540936883236,0.3455600169384345,6.930343985173019
2026-02-16 04:00:00,NH4,4,4.7,3.5766670675824686,1.9226484644184225,0.41391034361416335,6.739423791550774
2026-02-16 05:00:00,NH4,4,3.9,3.4322719308328113,1.849906342400817,0.3891759975834672,6.4753678640821555
2026-02-16 06:00:00,NH4,4,3.7,3.286822582485811,1.9478185680640312,0.08266103802047953,6.490984126951142
2026-02-16 07:00:00,NH4,4,3.7,3.6346532799922673,2.044131072674864,0.27205766544211585,6.997248894542419
2026-02-16 08:00:00,NH4,4,4.1,4.009175190824378,2.1326330377112237,0.5009938437894146,7.5173565378593405
2026-02-16 09:00:00,NH4,4,6.5,4.4804061170507286,2.1215217822384473,0.9905027852684825,7.970309448832975
2026-02-16 10:00:00,NH4,4,7.6,4.994124338516624,2.102566458811058,1.5354025137724334,8.452846163260814
2026-02-16 11:00:00,NH4,4,8.3,5.52587923391601,2.017690717062423,2.206778004348324,8.844980463483695
2026-02-16 12:00:00,NH4,4,8.6,5.0162113629299645,2.000074295525109,1.72608914679116,8.306333579068768
2026-02-16 13:00:00,NH4,4,8.9,5.330882975972587,2.0627769043805175,1.9376149682666357,8.724150983678538
2026-02-16 14:00:00,NH4,4,8.9,5.879416449684458,1.9775061747964113,2.626418792144361,9.132414107224555
2026-02-16 15:00:00,NH4,4,8.7,5.211216565400586,2.0610213947231992,1.8208363710809232,8.601596759720248
2026-02-16 16:00:00,NH4,4,8.1,5.251852171063287,2.0785955278706463,1.8325625277160733,8.6711418144105
2026-02-16 17:00:00,NH4,4,8.4,4.789161378027455,2.2435828166450382,1.0984676446463668,8.479855111408543
2026-02-16 18:00:00,NH4,4,8.3,5.203431551028275,2.1215738779609112,1.7134425217825755,8.693420580273974
2026-02-16 19:00:00,NH4,4,7.9,5.23674084584921,2.151623371542189,1.6973203996623099,8.776161292036111
2026-02-16 20:00:00,NH4,4,7.8,5.225905743848141,2.1650315606299317,1.6644288266119034,8.78738266108438
2026-02-16 21:00:00,NH4,4,7.5,5.197744963070887,2.127241917913258,1.6984320081035778,8.697057918038197
2026-02-16 22:00:00,NH4,4,6.8,5.30894612699602,2.070518725389821,1.9029428237297643,8.714949430262275
2026-02-16 23:00:00,NH4,4,6.5,5.524582120158422,2.071313610392081,2.1172712310634494,8.931893009253395
2026-02-17 00:00:00,NH4,4,5.8,5.385393165031101,2.058221850099633,1.999618221617205,8.771168108444998
2026-02-17 01:00:00,NH4,4,5.1,5.014582797733713,1.9800127682089996,1.7574617940299082,8.271703801437518
2026-02-17 02:00:00,NH4,4,4.9,4.395684445218233,1.9553726636156856,1.1790964135704303,7.6122724768660355
2026-02-17 03:00:00,NH4,4,4.9,3.809768933373837,1.9124258982941447,0.6638283306799688,6.955709536067705
2026-02-17 04:00:00,NH4,4,4.7,3.374440254411625,1.925753758340528,0.20657532194145656,6.542305186881793
2026-02-17 05:00:00,NH4,4,4.9,3.414466265006154,1.9912275528147012,0.13889694062597036,6.690035589386337
2026-02-17 06:00:00,NH4,4,5.9,3.304586541367854,2.059458192485472,-0.08322218527074687,6.692395268006456
2026-02-17 07:00:00,NH4,4,5.9,3.4387820500985176,2.07291137469262,0.028842838729157716,6.848721261467878
2026-02-17 08:00:00,NH4,4,6.9,4.12433072670671,2.134327311036726,0.6133623000512962,7.635299153362125
2026-02-17 09:00:00,NH4,4,9.7,4.5131544615692505,2.0695249079259717,1.108785988031027,7.917522935107474
2026-02-17 10:00:00,NH4,4,10.8,4.820816755696441,2.0027652349319873,1.526267944233322,8.11536556715956
2026-02-17 11:00:00,NH4,4,11.1,4.871091071492481,1.989817929327754,1.5978405777483258,8.144341565236637
2026-02-17 12:00:00,NH4,4,12.3,4.009549932380829,1.980435087219243,0.7517342139051744,7.267365650856484
2026-02-17 13:00:00,NH4,4,14.5,3.6052807591576714,2.067348085986667,0.20449315770960386,7.006068360605739
2026-02-17 14:00:00,NH4,4,13.9,3.1339187327828557,2.225885818209505,-0.5276634381717797,6.795500903737491
2026-02-17 15:00:00,NH4,4,12.0,3.548003329921193,2.2443030281115646,-0.14387515132233064,7.239881811164716
2026-02-17 16:00:00,NH4,4,10.8,3.678589263324654,2.3085985331572605,-0.11905532371903949,7.476233850368348
2026-02-17 17:00:00,NH4,4,9.8,4.2728538244868295,2.3884743907809645,0.3438134516521427,8.201894197321517
2026-02-17 18:00:00,NH4,4,9.4,4.791569288217866,2.3288296192641664,0.9606445645283128,8.62249401190742
2026-02-17 19:00:00,NH4,4,9.1,4.019329625346978,2.306227338643239,0.22558565327884939,7.813073597415106
2026-02-17 20:00:00,NH4,4,8.6,3.833270227755743,2.348606033725426,-0.03018669772258331,7.696727153234069
2026-02-17 21:00:00,NH4,4,7.9,4.246665135675639,2.4419201030455335,0.22970656616573581,8.263623705185541
2026-02-17 22:00:00,NH4,4,7.1,3.627989586774174,2.3858655636169495,-0.29675926537570785,7.552738438924056
2026-02-17 23:00:00,NH4,4,6.3,3.7531636422177588,2.4563531544014934,-0.28753729677269746,7.793864581208215
2026-02-18 00:00:00,NH4,4,5.9,3.6292860944355603,2.453164711207859,-0.40616985550136775,7.664742044372488
2026-02-18 01:00:00,NH4,4,5.7,3.892081461184743,2.4292421877741877,-0.10402193770379586,7.888184860073282
2026-02-18 02:00:00,NH4,4,5.2,3.9539761974992182,2.415813821387438,-0.02003753868311753,7.927989933681554
2026-02-18 03:00:00,NH4,4,4.9,3.7337813896389966,2.400207112461233,-0.21455931035973208,7.682122089637725
2026-02-18 04:00:00,NH4,4,4.1,3.5605959509604723,2.415008425998162,-0.41209290980650426,7.533284811727449
2026-02-18 05:00:00,NH4,4,3.9,3.7490835113877434,2.4324936511550135,-0.2523685447622537,7.7505355675377405
2026-02-18 06:00:00,NH4,4,4.0,3.7492251306684468,2.438939741212759,-0.2628307436265418,7.761281004963435
2026-02-18 07:00:00,NH4,4,4.7,3.7906131496369415,2.440543500128453,-0.2240809080743631,7.805307207348246
2026-02-18 08:00:00,NH4,4,6.2,3.8355105136174297,2.4460565314773812,-0.1882524806628627,7.859273507897722
2026-02-18 09:00:00,NH4,4,7.9,3.9572290216024735,2.4476265848554095,-0.06911671048467483,7.983574753689622
2026-02-18 10:00:00,NH4,4,8.4,4.508145415231727,2.4289315396631403,0.5125530324858611,8.503737797977593
2026-02-18 11:00:00,NH4,4,8.4,4.247903429962642,2.4162199493325,0.2732216133106795,8.222585246614605
2026-02-18 12:00:00,NH4,4,8.6,4.538927479199566,2.406185222698641,0.5807527878603018,8.497102170538831
2026-02-18 13:00:00,NH4,4,8.5,5.052988109070485,2.365938343012203,1.161019534815411,8.94495668332556
2026-02-18 14:00:00,NH4,4,7.8,4.812869227759379,2.372634157270304,0.9098860390497294,8.71585241646903
2026-02-18 15:00:00,NH4,4,7.0,4.055784822908139,2.3938343130250717,0.1179273779818959,7.993642267834382
2026-02-18 16:00:00,NH4,4,6.5,4.003220124150069,2.4156943332905954,0.029402945887039067,7.977037302413098
2026-02-18 17:00:00,NH4,4,6.1,4.225972975586739,2.418189483641583,0.24805127499633484,8.203894676177143
2026-02-18 18:00:00,NH4,4,5.7,3.9349158491507548,2.390896513928259,0.001891083738768451,7.867940614562741
2026-02-18 19:00:00,NH4,4,5.6,3.7563966831943647,2.370524992407663,-0.14311692931624043,7.65591029570497
2026-02-18 20:00:00,NH4,4,5.3,4.145951636569301,2.3564269501993165,0.2696293034914259,8.022273969647177
2026-02-18 21:00:00,NH4,4,4.9,4.391991874167012,2.3672944373224407,0.4977925247715964,8.286191223562426
2026-02-18 22:00:00,NH4,4,4.3,4.024341965694551,2.3611083385461114,0.14031874878619766,7.908365182602903
2026-02-18 23:00:00,NH4,4,4.1,3.8998844065145484,2.3534017665543034,0.028538500532719002,7.771230312496378
2026-02-19 00:00:00,NH4,4,4.7,3.654964246049758,2.326497468930118,-0.17212409034028653,7.4820525824398025
2026-02-19 01:00:00,NH4,4,4.4,3.4484783315559557,2.294382021051519,-0.3257800930737931,7.2227367561857045
2026-02-19 02:00:00,NH4,4,3.4,3.3540024725434887,2.2598416078207286,-0.36343697232161,7.071441917408587
2026-02-19 03:00:00,NH4,4,3.1,3.1769667304738514,2.2383094433496242,-0.5050523038362806,6.858985764783983
2026-02-19 04:00:00,NH4,4,2.4,3.075635362726448,2.2506088546848964,-0.6266162032302063,6.7778869286831025
2026-02-19 05:00:00,NH4,4,2.2,3.2481139008575832,2.2677100601641484,-0.48226914811244104,6.9784969498276075
2026-02-19 06:00:00,NH4,4,2.5,3.315767540797088,2.274063308671798,-0.42506660196801915,7.056601683562196
2026-02-19 07:00:00,NH4,4,3.6,3.3373787336354255,2.2541035805337475,-0.37062165634258903,7.04537912361344
2026-02-19 08:00:00,NH4,4,4.4,3.1469143499168677,2.247309637279012,-0.5499100034071067,6.843738703240842
2026-02-19 09:00:00,NH4,4,4.8,3.7066329661941735,2.152280008541571,0.16613235214328892,7.247133580245058
2026-02-19 10:00:00,NH4,4,5.5,3.77977369162707,2.1415338963845016,0.2569504320745648,7.302596951179575
2026-02-19 11:00:00,NH4,4,6.5,3.4113659192924777,2.1483561008273733,-0.12267986656855134,6.945411705153507
2026-02-19 12:00:00,NH4,4,7.5,4.630860030678967,2.1306289450483114,1.1259754160744948,8.13574464528344
2026-02-19 13:00:00,NH4,4,7.7,3.489741065309794,2.097113644228311,0.039989120554222435,6.939493010065366
2026-02-19 14:00:00,NH4,4,7.7,3.4803623742767,2.103039465546144,0.020862453453292407,6.939862295100108
2026-02-19 15:00:00,NH4,4,7.5,3.7038984070934355,2.1456811047830695,0.17425298972528624,7.233543824461584
2026-02-19 16:00:00,NH4,4,7.6,4.314211995278468,2.1339493964257117,0.8038652381581719,7.824558752398763
2026-02-19 17:00:00,NH4,4,7.3,5.070799318547402,2.132797496828086,1.5623474362652008,8.579251200829603
2026-02-19 18:00:00,NH4,4,7.2,5.317443067530731,2.123753453323315,1.8238686368138777,8.811017498247585
2026-02-19 19:00:00,NH4,4,7.0,4.837502795727792,2.215649252632305,1.1927597751476502,8.482245816307934
2026-02-19 20:00:00,NH4,4,6.8,3.1039275078853894,2.232077282457898,-0.5678396217578525,6.775694637528631
2026-02-19 21:00:00,NH4,4,6.5,3.0692566031283928,2.2005234734220576,-0.5506045106508921,6.689117716907678
2026-02-19 22:00:00,NH4,4,5.8,3.0795476186753152,2.2200721376157775,-0.5724710477026389,6.731566285053269
2026-02-19 23:00:00,NH4,4,5.0,3.0130816532214393,2.1749086515552167,-0.5646430785868923,6.5908063850297705
2026-02-20 00:00:00,NH4,4,4.1,3.0206651854234314,2.1665363842294747,-0.5432871666340544,6.584617537480917
2026-02-20 01:00:00,NH4,4,3.3,2.6299973407363684,2.11809353651897,-0.8542665268373377,6.114261208310074
2026-02-20 02:00:00,NH4,4,2.6,2.467621195680627,2.081209552698516,-0.9559685185084321,5.891210909869686
2026-02-20 03:00:00,NH4,4,2.5,2.572658005187983,2.0540029704136207,-0.8061768811424228,5.951492891518389
2026-02-20 04:00:00,NH4,4,1.7,2.6114664725044574,2.0498711470770505,-0.7605715644372908,5.983504509446206
2026-02-20 05:00:00,NH4,4,1.7,2.6925769528347705,2.060730987461652,-0.6973255215396472,6.082479427209188
2026-02-20 06:00:00,NH4,4,2.1,3.0584070663558753,2.039672680906463,-0.2968544937352564,6.4136686264470075
2026-02-20 07:00:00,NH4,4,3.0,3.283290635088794,1.9944192371580522,0.0024709899637982424,6.564110280213789
2026-02-20 08:00:00,NH4,4,4.7,3.888014812978979,1.9472076295684635,0.6848582623388566,7.091171363619101
2026-02-20 09:00:00,NH4,4,5.8,4.480932110240415,1.910151012494506,1.3387336946869528,7.6231305257938775
2026-02-20 10:00:00,NH4,4,6.4,4.851376926758167,1.876252835016288,1.7649410131563736,7.93781284035996
2026-02-20 11:00:00,NH4,4,6.7,4.202848516393096,1.8809497678712535,1.108686148244884,7.297010884541308
2026-02-20 12:00:00,NH4,4,7.1,5.064187541164302,1.7229264771203767,2.2299734863012826,7.8984015960273215
2026-02-20 13:00:00,NH4,4,7.4,4.183653765760384,1.678262891908141,1.4229113085714915,6.944396222949276
2026-02-20 14:00:00,NH4,4,7.1,4.4100618823182804,1.6730127667681136,1.6579558809847335,7.162167883651827
2026-02-20 15:00:00,NH4,4,6.9,4.573524264881147,1.7070822396629632,1.7653739806355726,7.381674549126721
2026-02-20 16:00:00,NH4,4,7.1,4.485439338499509,1.7954893270962875,1.5318593954261157,7.439019281572902
2026-02-20 17:00:00,NH4,4,7.7,4.116966094467845,1.8281842417255072,1.1096030168293853,7.124329172106304
2026-02-20 18:00:00,NH4,4,8.3,4.805090135850884,1.7669527884001464,1.8984527989326434,7.711727472769125
2026-02-20 19:00:00,NH4,4,8.3,5.086620810023113,1.7627596137641193,2.1868812453811373,7.9863603746650895
2026-02-20 20:00:00,NH4,4,8.1,5.877272978965361,2.044195746366214,2.514570976192939,9.239974981737783
2026-02-20 21:00:00,NH4,4,7.8,5.231025850818322,1.9486587090366412,2.0254822744530476,8.436569427183597
2026-02-20 22:00:00,NH4,4,7.1,4.291832464816496,1.8738458215973046,1.2093560882889296,7.374308841344062
2026-02-20 23:00:00,NH4,4,6.4,4.037651723117169,1.895431720350903,0.9196665431399338,7.155636903094404
2026-02-21 00:00:00,NH4,4,6.0,3.5585567353070573,1.981735223074744,0.2986022933491035,6.818511177265011
2026-02-21 01:00:00,NH4,4,6.0,3.3121669505907283,1.9882939750091706,0.04142336170064276,6.582910539480814
2026-02-21 02:00:00,NH4,4,5.4,2.9091712890768124,1.9409887861123238,-0.28375526407796015,6.102097842231585
2026-02-21 03:00:00,NH4,4,5.2,2.1581092393849666,1.8521034020165197,-0.8886008569322081,5.204819335702141
2026-02-21 04:00:00,NH4,4,2.6,1.9580971447747606,1.8583814416365543,-1.0989403267173712,5.015134616266892
2026-02-21 05:00:00,NH4,4,1.1,1.9432360965989584,1.8925057490624413,-1.1699358606087578,5.056408053806674
2026-02-21 06:00:00,NH4,4,0.8,2.236406119595042,1.915153521620501,-0.914021423470682,5.3868336626607665
2026-02-21 07:00:00,NH4,4,0.7,2.4792038255772884,1.9371764017458684,-0.7074513552946651,5.665859006449242
2026-02-21 08:00:00,NH4,4,1.4,2.6032041877099994,1.9549838452684762,-0.6127442377566439,5.819152613176643
2026-02-21 09:00:00,NH4,4,2.6,2.7910361286094125,1.980172563999809,-0.4663477391702733,6.048419996389098
2026-02-21 10:00:00,NH4,4,4.3,3.8126413808423725,1.9432317904658245,0.6160250855260911,7.009257676158654
2026-02-21 11:00:00,NH4,4,6.1,4.300509842415821,2.011483509738985,0.9916194688951903,7.609400215936451
2026-02-21 12:00:00,NH4,4,6.9,5.377996888528742,2.1867036833673694,1.7808693293894189,8.975124447668065
2026-02-21 13:00:00,NH4,4,7.6,6.121689599910742,2.1077730165137494,2.6544029877456246,9.58897621207586
2026-02-21 14:00:00,NH4,4,8.0,6.2926775251299,2.0348078256486004,2.945418651937952,9.639936398321847
2026-02-21 15:00:00,NH4,4,8.1,6.153881065978789,1.9951858505486537,2.8718003418262534,9.435961790131325
2026-02-21 16:00:00,NH4,4,7.8,5.761888971837565,1.9487912083942998,2.5561274340289417,8.967650509646187
2026-02-21 17:00:00,NH4,4,7.6,5.0412066317566016,1.8934021587158718,1.9265600806689922,8.155853182844211
2026-02-21 18:00:00,NH4,4,7.4,5.666651475469608,1.9864602833616793,2.398924309339645,8.93437864159957
2026-02-21 19:00:00,NH4,4,7.2,5.091330159340668,1.8626008608113616,2.027351743305978,8.155308575375358
2026-02-21 20:00:00,NH4,4,6.8,5.124232460819804,1.8229256276117856,2.1255198033984164,8.12294511824119
2026-02-21 21:00:00,NH4,4,6.1,5.518993082993182,1.784988446305345,2.5826870888208897,8.455299077165474
2026-02-21 22:00:00,NH4,4,5.3,5.441662791695664,1.864261460622549,2.374952688971571,8.508372894419757
2026-02-21 23:00:00,NH4,4,4.8,5.223772272353282,2.0588143307737012,1.8370226982305429,8.61052184647602
2026-02-22 00:00:00,NH4,4,4.5,4.697940385454018,2.083764077855981,1.2701484773809288,8.125732293527108
2026-02-22 01:00:00,NH4,4,3.7,4.321961819795561,2.0339321677798297,0.9761434037977414,7.667780235793381
2026-02-22 02:00:00,NH4,4,2.7,3.655490126020966,2.037386739794397,0.3039889390591828,7.006991312982749
2026-02-22 03:00:00,NH4,4,2.6,2.8365048798507875,2.03238367206825,-0.5067662607014842,6.179776020403059
2026-02-22 04:00:00,NH4,4,3.4,2.116527342381407,1.9972264890468792,-1.1689102321007092,5.401964916863523
2026-02-22 05:00:00,NH4,4,5.0,1.682175917704939,1.9876201146524537,-1.5874591708983476,4.951811006308225
2026-02-22 06:00:00,NH4,4,6.0,1.6407983709346428,1.9943113975820088,-1.639843878087762,4.921440619957048
2026-02-22 07:00:00,NH4,4,4.8,1.941716261453536,2.006788726997008,-1.3594511944565426,5.242883717363615
2026-02-22 08:00:00,NH4,4,3.6,2.3427821091344585,2.003105597676565,-0.9523265990434906,5.637890817312408
2026-02-22 09:00:00,NH4,4,3.4,3.3049331135698594,2.0012986036475087,0.012796910569707443,6.597069316570011
2026-02-22 10:00:00,NH4,4,4.5,4.390124411738023,2.006532500303168,1.0893784487393114,7.690870374736735
2026-02-22 11:00:00,NH4,4,6.9,4.382543487503442,1.9640232471932173,1.1517252458705998,7.613361729136285
2026-02-22 12:00:00,NH4,4,9.6,3.8874785067004485,2.0585642122100967,0.5011403776148393,7.273816635786058
2026-02-22 13:00:00,NH4,4,10.9,3.6522288351013614,2.2399715650056105,-0.03252438933286772,7.336982059535591
2026-02-22 14:00:00,NH4,4,12.6,3.415661121184619,2.1437451263066962,-0.1107996115898966,6.942121853959135
2026-02-22 15:00:00,NH4,4,13.7,4.751888324241404,2.1812442364210782,1.16374155532873,8.340035093154077
2026-02-22 16:00:00,NH4,4,11.7,5.164266575087895,2.103618370976477,1.7038143548315903,8.6247187953442
2026-02-22 17:00:00,NH4,4,9.7,4.998107181419335,2.113668722190044,1.5211221334167124,8.475092229421957
2026-02-22 18:00:00,NH4,4,8.4,5.624530919144151,2.1754320953878894,2.045945122231073,9.20311671605723
2026-02-22 19:00:00,NH4,4,7.4,6.52393833394008,2.2160910396987146,2.8784685736356947,10.169408094244465
2026-02-22 20:00:00,NH4,4,6.6,7.4300841874940176,2.189548626816455,3.828276696380949,11.031891678607085
2026-02-22 21:00:00,NH4,4,6.1,7.4153837076822455,2.1980806067344187,3.7995411096041267,11.031226305760365
2026-02-22 22:00:00,NH4,4,5.3,6.630093064060999,2.2804945912549477,2.87867946144661,10.381506666675389
2026-02-22 23:00:00,NH4,4,4.8,5.6122831937757205,2.368440422691927,1.7161986984475006,9.50836768910394
2026-02-23 00:00:00,NH4,4,4.5,3.7382044939489663,2.4477192521006677,-0.2882936757566319,7.764702663654564
2026-02-23 01:00:00,NH4,4,4.4,4.241351578568954,2.407301023338906,0.28134139517645407,8.201361761961454
2026-02-23 02:00:00,NH4,4,3.6,4.200270533442447,2.3976868241353584,0.25607570773978283,8.144465359145112
2026-02-23 03:00:00,NH4,4,3.4,5.197220115479883,2.381748464174773,1.2792438919123819,9.115196339047385
2026-02-23 04:00:00,NH4,4,3.3,4.278479738743108,2.325060006397758,0.45375602821879646,8.10320344926742
2026-02-23 05:00:00,NH4,4,3.6,3.567506401149559,2.3110967441785566,-0.2342477430241665,7.369260545323285
2026-02-23 06:00:00,NH4,4,3.6,3.2164544674289295,2.3121207966228083,-0.5869842430155905,7.019893177873449
2026-02-23 07:00:00,NH4,4,3.7,3.8090055588717586,2.3534695920493784,-0.06245192004946887,7.680463037792986
2026-02-23 08:00:00,NH4,4,4.1,4.362077284322374,2.348574976515135,0.49867144795497653,8.225483120689772
2026-02-23 09:00:00,NH4,4,4.8,4.378719416866805,2.339343289474205,0.5304997056817382,8.226939128051873
2026-02-23 10:00:00,NH4,4,5.7,4.227748968345814,2.3645761249943704,0.33802124273007506,8.117476693961553
2026-02-23 11:00:00,NH4,4,6.2,4.481247764575524,2.3690526947105455,0.5841560817766771,8.378339447374373
2026-02-23 12:00:00,NH4,4,6.2,6.293575595345302,2.0753379197496353,2.8796447173571513,9.707506473333453
2026-02-23 13:00:00,NH4,4,6.3,5.879064748687525,2.1568873489078904,2.3309850597340454,9.427144437641005
2026-02-23 14:00:00,NH4,4,7.1,4.806377252077287,2.158469603890748,1.2556947536770071,8.357059750477568
2026-02-23 15:00:00,NH4,4,7.5,4.7997775474415905,2.193726143021517,1.1910980421711947,8.408457052711986
2026-02-23 16:00:00,NH4,4,7.8,4.621454889646006,2.254416709079041,0.9129394032109834,8.329970376081029
2026-02-23 17:00:00,NH4,4,7.2,4.594725534902173,2.2973661139639616,0.8155582774314558,8.373892792372889
2026-02-23 18:00:00,NH4,4,6.1,4.8578345789983866,2.2928493367704115,1.0860974200110598,8.629571737985714
2026-02-23 19:00:00,NH4,4,5.0,4.996977439063498,2.264204883821893,1.2723604051764839,8.721594472950512
2026-02-23 20:00:00,NH4,4,4.0,4.940182388179512,2.236632197500651,1.2609224232909404,8.619442353068083
2026-02-23 21:00:00,NH4,4,3.5,5.137411575465908,2.220684518778681,1.4843855420749779,8.790437608856838
2026-02-23 22:00:00,NH4,4,3.8,5.721660173073589,2.2394084767536686,2.0378332288138044,9.405487117333374
2026-02-23 23:00:00,NH4,4,3.8,5.328119919617459,2.2280480109514724,1.6629809416022865,8.99325889763263
2026-02-24 00:00:00,NH4,4,3.4,3.0526742987923248,2.155892878490678,-0.49376948632484075,6.59911808390949
2026-02-24 01:00:00,NH4,4,2.9,1.9654595090965299,2.0286227471727636,-1.3716249100026663,5.3025439281957265
2026-02-24 02:00:00,NH4,4,2.7,1.7220668488280007,2.0469111367533834,-1.6451019711313153,5.089235668787317
2026-02-24 03:00:00,NH4,4,2.5,1.42231556787589,2.091591581676471,-2.018352583981905,4.862983719733686
2026-02-24 04:00:00,NH4,4,1.8,1.086522314677402,2.13225306935814,-2.4210339844167383,4.594078613771542
2026-02-24 05:00:00,NH4,4,1.6,0.868722087143805,2.135132716402138,-2.643571231337712,4.381015405625322
2026-02-24 06:00:00,NH4,4,1.9,0.7816771142612153,2.0994467359148934,-2.6719127663187843,4.235266994841215
2026-02-24 07:00:00,NH4,4,2.8,1.0476701114257643,2.0496165607334804,-2.323949130980811,4.4192893538323395
2026-02-24 08:00:00,NH4,4,3.9,1.883745826904412,2.0407038030487743,-1.4732119291108219,5.240703582919646
2026-02-24 09:00:00,NH4,4,3.9,2.9773502804395524,2.033029184531907,-0.36698272811543475,6.32168328899454
2026-02-24 10:00:00,NH4,4,4.6,3.8607846281839073,2.0087001085232212,0.5564729496632084,7.165096306704607
2026-02-24 11:00:00,NH4,4,5.9,4.721919794938337,1.979173440735466,1.4661794849284955,7.977660104948178
2026-02-24 12:00:00,NH4,4,6.2,5.511988212854122,1.930951570456997,2.335572879452362,8.688403546255882
2026-02-24 13:00:00,NH4,4,6.4,5.163157149280759,1.9699840378479934,1.92253340702081,8.403780891540709
2026-02-24 14:00:00,NH4,4,6.0,4.9014794435786255,2.018359573760904,1.5812779447419385,8.221680942415313
2026-02-24 15:00:00,NH4,4,5.5,5.092013119764751,2.0503217008903323,1.719233921800154,8.464792317729348
2026-02-24 16:00:00,NH4,4,4.8,5.51066952589803,1.9953706661251827,2.2282847801221046,8.793054271673956
2026-02-24 17:00:00,NH4,4,4.2,5.238089376484008,1.9775560536572467,1.9850096682178369,8.49116908475018
2026-02-24 18:00:00,NH4,4,4.1,5.710887273023058,1.8793902498096786,2.619290312086137,8.80248423395998
2026-02-24 19:00:00,NH4,4,4.8,5.852949383495581,1.9178129478026131,2.6981470843602824,9.007751682630879
2026-02-24 20:00:00,NH4,4,4.9,5.767122710865312,2.107218791476034,2.300747798887236,9.233497622843387
2026-02-24 21:00:00,NH4,4,4.5,5.3040194321171175,1.78370488374281,2.369824898360195,8.23821396587404
2026-02-24 22:00:00,NH4,4,4.0,5.4516367300894375,1.7716453694542815,2.5372800973371445,8.365993362841731
2026-02-24 23:00:00,NH4,4,3.6,4.8262746014262605,1.9401494806399975,1.6347287057734645,8.017820497079057
2026-02-25 00:00:00,NH4,4,3.6,3.121995151335624,1.8164557903411365,0.13392537622445477,6.110064926446793
2026-02-25 01:00:00,NH4,4,3.7,2.355534557540353,1.8291043860266702,-0.6533421574735194,5.364411272554225
2026-02-25 02:00:00,NH4,4,3.6,1.762421738666247,1.6056660639763827,-0.8788989365749025,4.403742413907397
2026-02-25 03:00:00,NH4,4,3.1,1.8277388798053296,1.839542220138233,-1.1983080723220638,4.853785831932723
2026-02-25 04:00:00,NH4,4,1.3,1.806561250464161,1.6688840017802493,-0.9387529324643491,4.551875433392671
2026-02-25 05:00:00,NH4,4,1.1,2.1477070390443513,1.6844439414866597,-0.6232032447012039,4.918617322789906
2026-02-25 06:00:00,NH4,4,1.4,2.3114094251832555,1.6391984736664098,-0.38507206399798877,5.0078909143645
2026-02-25 07:00:00,NH4,4,2.2,3.3695125548561213,1.7187518474768897,0.5421657657566379,6.196859343955605
2026-02-25 08:00:00,NH4,4,3.4,3.4496209630622867,1.831102594037639,0.43745719587037035,6.4617847302542035
2026-02-25 09:00:00,NH4,4,4.4,4.022400858046302,1.8762348637151312,0.935994507234911,7.108807208857693
2026-02-25 10:00:00,NH4,4,5.0,5.451577323635144,1.8700278782508437,2.375381463912506,8.527773183357782
2026-02-25 11:00:00,NH4,4,6.4,6.367956002472713,1.9086728448186352,3.2281891727460583,9.507722832199368
2026-02-25 12:00:00,NH4,4,6.5,7.4199715189255215,1.9347910134732225,4.23724030176207,10.602702736088972
2026-02-25 13:00:00,NH4,4,6.3,8.510502068848002,1.6724548960362222,5.759313764868416,11.261690372827587
2026-02-25 14:00:00,NH4,4,6.4,7.157403185984171,1.8674871776570512,4.085386778738322,10.22941959323002
2026-02-25 15:00:00,NH4,4,6.5,7.22236757816831,1.6847479207161593,4.450957248590228,9.993777907746392
2026-02-25 16:00:00,NH4,4,6.3,6.827178074061165,1.5246830117061845,4.3190745198044915,9.335281628317839
2026-02-25 17:00:00,NH4,4,5.7,5.892856409752184,1.3792714752726976,3.6239548329285967,8.161757986575772
2026-02-25 18:00:00,NH4,4,5.7,6.642062579537619,1.4082944884126767,4.325418146098766,8.958707012976472
2026-02-25 19:00:00,NH4,4,5.8,7.992569807394666,1.647234777243861,5.2828685988285145,10.702271015960818
2026-02-25 20:00:00,NH4,4,5.7,6.789333008046661,2.0150354059081925,3.4745997653276843,10.104066250765637
2026-02-25 21:00:00,NH4,4,5.5,8.554627500056302,1.7302361826272263,5.708388979634515,11.40086602047809
2026-02-25 22:00:00,NH4,4,5.0,8.90365109479592,1.7403717829297392,6.0407395118765,11.766562677715342
2026-02-25 23:00:00,NH4,4,4.5,6.560798790381219,2.033358641281094,3.21592382547382,9.905673755288618
2026-02-26 00:00:00,NH4,4,3.6,4.052116093681282,1.7470626750075458,1.1781979932938693,6.926034194068695
2026-02-26 01:00:00,NH4,4,2.2,3.1527204938514353,1.6394759927698932,0.45578248574496083,5.84965850195791
2026-02-26 02:00:00,NH4,4,1.4,2.5885651641036285,1.588948457601232,-0.025255048650398404,5.202385376857656
2026-02-26 03:00:00,NH4,4,1.3,2.239695498177214,1.7021795859552757,-0.5603899207192149,5.039780917073642
2026-02-26 04:00:00,NH4,4,1.1,1.882036746012769,1.8885003590614178,-1.2245463446432632,4.988619836668801
2026-02-26 05:00:00,NH4,4,1.2,2.0927279281992597,1.803303331498216,-0.8737060521153057,5.0591619085138255
2026-02-26 06:00:00,NH4,4,1.5,2.419452999041923,1.8790176476816953,-0.6715310313944656,5.510437029478312
2026-02-26 07:00:00,NH4,4,2.5,3.115097740017714,1.9800734781373992,-0.14212313151830802,6.372318611553736
2026-02-26 08:00:00,NH4,4,2.9,3.929430500662586,2.0031109598544776,0.6343129717019704,7.224548029623202
2026-02-26 09:00:00,NH4,4,2.9,5.444371296311674,1.8589846905092795,2.3863414804239094,8.50240111219944
2026-02-26 10:00:00,NH4,4,4.2,6.92830030293298,1.5384658928376465,4.397523909215051,9.459076696650909
2026-02-26 11:00:00,NH4,4,5.1,7.372826077303321,1.568078750492982,4.793336532742366,9.952315621864276
2026-02-26 12:00:00,NH4,4,5.7,6.180960359536723,1.86589250964301,3.1115671811739714,9.250353537899475
2026-02-26 13:00:00,NH4,4,5.5,10.062815084762477,1.4313238435129987,7.708287362183594,12.41734280734136
2026-02-26 14:00:00,NH4,4,5.6,9.506210498989365,1.3541052924541384,7.278707292902308,11.733713705076422
2026-02-26 15:00:00,NH4,4,5.4,8.9372096563828,1.3563118351230874,6.7060766876053215,11.168342625160278
2026-02-26 16:00:00,NH4,4,5.0,8.591840888239837,1.395916966170415,6.295557478889505,10.888124297590169
2026-02-26 17:00:00,NH4,4,4.5,7.771363472292252,1.5590168684204997,5.206780723740531,10.335946220843974
2026-02-26 18:00:00,NH4,4,4.4,8.14499837786266,1.574565750535152,5.554837718232335,10.735159037492984
2026-02-26 19:00:00,NH4,4,5.0,5.730337560629024,2.199611461730625,2.111976706082146,9.348698415175901
2026-02-26 20:00:00,NH4,4,5.0,7.5492150777512315,1.8150597407526463,4.563441804213128,10.534988351289336
2026-02-26 21:00:00,NH4,4,4.2,7.786413563077209,1.7782208953049978,4.861240190300488,10.71158693585393
2026-02-26 22:00:00,NH4,4,3.9,7.416596585891396,1.9038800131965747,4.28471396418303,10.548479207599762
2026-02-26 23:00:00,NH4,4,4.1,4.873706666163476,2.2096218681452062,1.2388786930646116,8.50853463926234
2026-02-27 00:00:00,NH4,4,3.5,3.474004850758472,1.774021685610583,0.555739177929063,6.3922705235878805
2026-02-27 01:00:00,NH4,4,1.8,2.6720498766422374,1.6736017626176363,-0.08102502286377433,5.425124776148249
2026-02-27 02:00:00,NH4,4,1.2,2.1220952220726548,1.5792413423694824,-0.4757567861251437,4.719947230270453
2026-02-27 03:00:00,NH4,4,1.1,2.2455019191954175,1.773547153064629,-0.6719831475958973,5.162986985986732
2026-02-27 04:00:00,NH4,4,0.9,1.858779773118647,1.75092766375188,-1.0214962337531954,4.7390557799904895
2026-02-27 05:00:00,NH4,4,1.0,1.8648515099460463,1.8129905078631252,-1.1175178754887949,4.847220895380888
2026-02-27 06:00:00,NH4,4,1.4,3.10632596846052,2.0360207475478593,-0.24292816125570882,6.455580098176748
2026-02-27 07:00:00,NH4,4,2.2,1.9301010940065892,2.0983894259353155,-1.521749511657005,5.381951699670184
2026-02-27 08:00:00,NH4,4,3.9,2.744065916809283,1.958423253948523,-0.47754033593603706,5.965672169554603
2026-02-27 09:00:00,NH4,4,4.6,4.705493416325832,1.9387861885023003,1.516190136239548,7.894796696412117
2026-02-27 10:00:00,NH4,4,4.9,6.866847080016802,1.917524079893183,3.712519968592516,10.021174191441087
2026-02-27 11:00:00,NH4,4,5.5,4.100559423981067,2.2813326891375936,0.3477671503497253,7.853351697612409
2026-02-27 12:00:00,NH4,4,6.6,6.62972983828134,1.877786860584491,3.540770452619852,9.718689223942828
2026-02-27 13:00:00,NH4,4,7.4,9.221654267086764,1.831396521595162,6.209006989062723,12.234301545110807
2026-02-27 14:00:00,NH4,4,7.4,9.063762154235524,1.8007056370528722,6.101601381283549,12.0259229271875
2026-02-27 15:00:00,NH4,4,7.3,7.940960333299026,1.7813775911424619,5.010594195869676,10.871326470728377
2026-02-27 16:00:00,NH4,4,7.0,7.002439542414215,1.8162038877114477,4.014784147128884,9.990094937699546
2026-02-27 17:00:00,NH4,4,6.8,7.068107817434391,1.7679438535618368,4.159840178325169,9.976375456543613
2026-02-27 18:00:00,NH4,4,6.7,7.841623657785236,1.7956758227463208,4.887736929367539,10.795510386202935
2026-02-27 19:00:00,NH4,4,6.4,8.873925555506869,1.6870376797557758,6.098748572308617,11.64910253870512
2026-02-27 20:00:00,NH4,4,5.9,6.892606103481729,2.0789003003255555,3.47281510944619,10.312397097517268
2026-02-27 21:00:00,NH4,4,5.4,8.306694559200752,1.9300511460359284,5.131760423971649,11.481628694429855
2026-02-27 22:00:00,NH4,4,4.9,7.422354278533517,1.9717927225695027,4.1787552499066845,10.665953307160349
2026-02-27 23:00:00,NH4,4,4.6,7.312619687437703,2.017048727799404,3.9945745302076836,10.630664844667722
2026-02-28 00:00:00,NH4,4,3.9,4.12562473294744,1.8965408657459968,1.0058150087952749,7.245434457099605
2026-02-28 01:00:00,NH4,4,2.7,3.3625057433989247,1.8565306168233844,0.30851287872445754,6.4164986080733915
2026-02-28 02:00:00,NH4,4,2.0,2.757673530475605,1.8304280374625705,-0.25338059115032374,5.768727652101534
2026-02-28 03:00:00,NH4,4,1.8,2.2397910385977244,1.8079136569612817,-0.7342269271035842,5.2138090042990335
2026-02-28 04:00:00,NH4,4,1.4,2.4215639594554257,1.8631402350314652,-0.6433017271713344,5.486429646082186
2026-02-28 05:00:00,NH4,4,1.3,2.466737895489737,1.955843986924598,-0.7506254630012266,5.684101253980701
2026-02-28 06:00:00,NH4,4,1.4,2.5999105992462317,2.018443097253837,-0.7204282957363302,5.920249494228793
2026-02-28 07:00:00,NH4,4,1.8,2.856557471902234,2.037521585657796,-0.4951655365048402,6.208280480309309
2026-02-28 08:00:00,NH4,4,2.5,3.6966522646063154,2.026125869918731,0.36367520859000324,7.029629320622627
2026-02-28 09:00:00,NH4,4,4.0,5.062503897966985,1.9946927902103808,1.7812342580709082,8.343773537863061
2026-02-28 10:00:00,NH4,4,5.8,6.061242066468665,1.902098039716333,2.9322907911352973,9.190193341802033
2026-02-28 11:00:00,NH4,4,6.6,6.962780352445257,1.9000264053819047,3.8372369155920243,10.08832378929849
2026-02-28 12:00:00,NH4,4,7.0,8.141450323866845,1.9049283226154965,5.007843233164353,11.275057414569337
2026-02-28 13:00:00,NH4,4,7.4,8.628991406399079,1.919435023326426,5.471520793027109,11.786462019771049
2026-02-28 14:00:00,NH4,4,7.7,8.14886204557389,1.9035624501210866,5.017501815124703,11.280222276023078
2026-02-28 15:00:00,NH4,4,7.6,7.561961734839219,1.880953829005332,4.467792686125447,10.65613078355299
2026-02-28 16:00:00,NH4,4,7.2,7.181739351162464,1.8463991599164133,4.144412733099964,10.219065969224964
2026-02-28 17:00:00,NH4,4,6.7,6.731040248871764,1.8642656537568076,3.6643232484418156,9.797757249301712
2026-02-28 18:00:00,NH4,4,6.4,6.933194204330569,1.7801778695831303,4.00480160886632,9.861586799794818
2026-02-28 19:00:00,NH4,4,6.1,7.5060121225608665,1.679578107854395,4.743106135140387,10.268918109981346
2026-02-28 20:00:00,NH4,4,5.5,8.520798506944054,1.7515605712970583,5.639481367160393,11.402115646727715
2026-02-28 21:00:00,NH4,4,4.7,8.782202896755543,1.8815988155199808,5.686972845225174,11.877432948285911
2026-02-28 22:00:00,NH4,4,4.1,7.6204668413615,2.0700097846411327,4.215300745626837,11.025632937096162
2026-02-28 23:00:00,NH4,4,3.8,7.218694395843416,2.125610974043894,3.72206434354121,10.715324448145623
2026-03-01 00:00:00,NH4,4,3.7,5.036511176818427,2.0189147763670965,1.7153963696945538,8.3576259839423
2026-03-01 01:00:00,NH4,4,3.6,4.166045637165669,1.9562184742269306,0.9480662470623682,7.3840250272689705
2026-03-01 02:00:00,NH4,4,3.4,3.2543396615723776,1.8942028981107162,0.13837589418024931,6.370303428964506
2026-03-01 03:00:00,NH4,4,3.3,2.403698226090457,1.8164430687025672,-0.5843506219252661,5.3917470741061795
2026-03-01 04:00:00,NH4,4,2.6,1.8984677086068642,1.7564611096683787,-0.9909108167976186,4.787846234011347
2026-03-01 05:00:00,NH4,4,2.1,2.0659029639019915,1.7555418512228267,-0.8219633813595584,4.953769309163541
2026-03-01 06:00:00,NH4,4,1.9,2.7826647494115018,1.7822313231218243,-0.14910577712389905,5.714435275946903
2026-03-01 07:00:00,NH4,4,2.0,3.340081757270069,1.8742455597306606,0.25694781151313206,6.423215703027006
2026-03-01 08:00:00,NH4,4,2.6,3.7806587669580747,1.9495583073931513,0.5736353512963408,6.987682182619809
2026-03-01 09:00:00,NH4,4,3.9,4.29042069073831,1.940233460293667,1.098736648555228,7.4821047329213926
2026-03-01 10:00:00,NH4,4,6.0,5.4568269956843665,1.958048145309844,2.235837796649673,8.67781619471906
2026-03-01 11:00:00,NH4,4,7.3,6.149094296599004,1.9585229309051526,2.9273240752600276,9.37086451793798
2026-03-01 12:00:00,NH4,4,8.0,6.293299532079658,2.022849471350008,2.965712151708895,9.62088691245042
2026-03-01 13:00:00,NH4,4,8.7,6.387821549345627,1.977786531033513,3.1343627057954984,9.641280392895757
2026-03-01 14:00:00,NH4,4,9.2,6.359815339271844,1.8866067024506874,3.256347313740463,9.463283364803225
2026-03-01 15:00:00,NH4,4,9.2,6.312374252494411,1.8361130210888101,3.2919683328033185,9.332780172185505
2026-03-01 16:00:00,NH4,4,8.8,6.6412584438788524,1.8179427221710966,3.6507426659073983,9.631774221850307
2026-03-01 17:00:00,NH4,4,8.3,6.904067831939665,1.8509731199293238,3.8592170496559275,9.948918614223402
2026-03-01 18:00:00,NH4,4,8.2,6.928883656018535,1.737242753100888,4.071119327167574,9.786647984869496
2026-03-01 19:00:00,NH4,4,8.1,7.21469002028015,1.5499698258601704,4.66498965674017,9.76439038382013
2026-03-01 20:00:00,NH4,4,7.8,7.069341944782687,1.4721289684126964,4.647689791743802,9.490994097821574
2026-03-01 21:00:00,NH4,4,7.2,7.586544343708212,1.4813022013261377,5.1498022225267155,10.023286464889708
2026-03-01 22:00:00,NH4,4,6.5,8.082991512473376,1.657336627952851,5.356672759490936,10.809310265455816
2026-03-01 23:00:00,NH4,4,6.0,7.127517246794766,1.7566511953521842,4.237826030440424,10.017208463149109
2026-03-02 00:00:00,NH4,4,5.1,5.879848209943777,1.8248701061133992,2.877936885387235,8.881759534500318
2026-03-02 01:00:00,NH4,4,3.8,5.072836333814176,1.7135530472426626,2.254041571099996,7.891631096528355
2026-03-02 02:00:00,NH4,4,2.2,4.154149919849426,1.6408701325858925,1.454918551745633,6.853381287953219
2026-03-02 03:00:00,NH4,4,1.9,2.8241356800251562,1.6440993750382737,0.11959220808719584,5.528679151963116
2026-03-02 04:00:00,NH4,4,1.6,1.703184753138324,1.648580691646474,-1.0087304846201257,4.415099990896774
2026-03-02 05:00:00,NH4,4,1.4,1.2044202355480338,1.6556102147221088,-1.5190585676698354,3.927899038765903
2026-03-02 06:00:00,NH4,4,1.9,1.5380198189323073,1.7034842479825112,-1.2642117689989234,4.340251406863538
2026-03-02 07:00:00,NH4,4,3.0,2.1462001904991412,1.7981718777035738,-0.8117925483232376,5.1041929293215205
2026-03-02 08:00:00,NH4,4,4.9,3.3354266031339064,1.926420044546722,0.1664656298545486,6.504387576413264
2026-03-02 09:00:00,NH4,4,6.7,4.566548810702229,1.9924953322188435,1.2888939892022315,7.844203632202227
2026-03-02 10:00:00,NH4,4,7.2,5.841807931561,2.0489113234226273,2.4713488045307783,9.212267058591221
2026-03-02 11:00:00,NH4,4,7.6,6.505068597289629,1.9123931965446697,3.3591817889736473,9.650955405605611
2026-03-02 12:00:00,NH4,4,7.9,7.070992200502845,1.7592887631262877,4.176962185160102,9.965022215845588
2026-03-02 13:00:00,NH4,4,7.7,6.644509172219834,1.8967050726256345,3.5244293277506653,9.764589016689003
2026-03-02 14:00:00,NH4,4,7.3,6.387200812537301,1.8495145354013245,3.3447494018021224,9.42965222327248
2026-03-02 15:00:00,NH4,4,6.9,6.4984433298164195,1.7637975652342743,3.5969963350060383,9.399890324626801
2026-03-02 16:00:00,NH4,4,6.6,6.453751180269292,1.6641365471061156,3.7162465602797323,9.191255800258853
2026-03-02 17:00:00,NH4,4,6.3,7.1000315784209915,1.5728240256334616,4.512736056253948,9.687327100588035
2026-03-02 18:00:00,NH4,4,5.8,7.14235271235795,1.6038245958308999,4.50406125221612,9.78064417249978
2026-03-02 19:00:00,NH4,4,5.6,7.247834125044232,1.5146719948613985,4.756198693497232,9.739469556591231
2026-03-02 20:00:00,NH4,4,5.4,7.550243441808677,1.6908460199226,4.768801739036,10.331685144581353
2026-03-02 21:00:00,NH4,4,4.8,7.373091180261682,1.7817309317596053,4.442143797517131,10.304038563006232
2026-03-02 22:00:00,NH4,4,4.2,6.032666286361152,1.7727213780080346,3.1165396195379356,8.94879295318437
2026-03-02 23:00:00,NH4,4,3.7,5.243161939236385,1.7565675045497222,2.3536083942520922,8.132715484220679
2026-03-03 00:00:00,NH4,4,3.4,4.122950886257312,1.6133537504988409,1.4689839666867188,6.776917805827906
2026-03-03 01:00:00,NH4,4,2.8,2.5428741750365296,1.634465791537072,-0.14582205204195375,5.231570402115013
2026-03-03 02:00:00,NH4,4,2.2,1.2010161212903951,1.7354521478749696,-1.6538026619639297,4.05583490454472
2026-03-03 03:00:00,NH4,4,1.9,0.6039651568131714,1.8373410646812878,-2.418460894587547,3.62639120821389
2026-03-03 04:00:00,NH4,4,1.1,0.6216909255330259,1.9176748178271577,-2.5328841497926486,3.7762660008587003
2026-03-03 05:00:00,NH4,4,1.1,1.0657665500118965,1.9886147056805479,-2.2055046408326047,4.337037740856397
2026-03-03 06:00:00,NH4,4,1.7,1.3977852107431026,2.000742209189756,-1.893435723374046,4.689006144860251
2026-03-03 07:00:00,NH4,4,2.8,1.828283014917514,1.9922281933944346,-1.4489323632163311,5.105498393051359
2026-03-03 08:00:00,NH4,4,4.2,2.398814605347289,1.9720618746108542,-0.8452271783875664,5.642856389082144
2026-03-03 09:00:00,NH4,4,4.7,3.036812094340917,1.9258408800633673,-0.13119615336332213,6.204820342045156
2026-03-03 10:00:00,NH4,4,5.9,3.1279829031040136,1.9024635611716403,-0.0015696550233346152,6.257535461231361
2026-03-03 11:00:00,NH4,4,6.8,4.113598370931474,1.8314809040454758,1.100812283776666,7.126384458086282
2026-03-03 12:00:00,NH4,4,7.3,6.028362288604326,1.795855902595422,3.0741793288348567,8.982545248373794
2026-03-03 13:00:00,NH4,4,7.5,6.031830492596127,1.7040631022012276,3.2286466894751076,8.835014295717146
2026-03-03 14:00:00,NH4,4,7.5,6.411813384304294,1.6425672272688792,3.7097902954469872,9.1138364731616
2026-03-03 15:00:00,NH4,4,7.4,6.783220079168561,1.6072321953756414,4.13932311777563,9.427117040561491
2026-03-03 16:00:00,NH4,4,6.8,6.626423250541933,1.594201987898107,4.003960980449547,9.24888552063432
2026-03-03 17:00:00,NH4,4,6.2,6.353188205097716,1.640205902569507,3.6550494953708768,9.051326914824555
2026-03-03 18:00:00,NH4,4,5.9,7.157432356809265,1.6268189847763184,4.4813151268522216,9.833549586766308
2026-03-03 19:00:00,NH4,4,5.6,6.815654842336001,1.7164711298114328,3.992059833796194,9.639249850875808
2026-03-03 20:00:00,NH4,4,5.5,7.226716207369934,1.6783634822069589,4.4658082791394875,9.987624135600381
2026-03-03 21:00:00,NH4,4,5.2,6.429533938950707,1.5468332637410804,3.8849932200966295,8.974074657804785
2026-03-03 22:00:00,NH4,4,4.5,5.572289530987838,1.6037731326876379,2.9340827277166737,8.210496334259002
2026-03-03 23:00:00,NH4,4,3.6,4.977879354155658,1.6399407117421279,2.280176883339858,7.6755818249714585
2026-03-04 00:00:00,NH4,4,3.0,3.012608590482902,1.5279546357647733,0.4991232146498499,5.526093966315954
2026-03-04 01:00:00,NH4,4,2.5,2.107035746433777,1.4841779610615655,-0.3344369995124987,4.548508492380052
2026-03-04 02:00:00,NH4,4,2.0,1.582945725684752,1.5077652350166328,-0.8973280859176094,4.063219537287113
2026-03-04 03:00:00,NH4,4,1.6,1.4989313004833325,1.6567838914680044,-1.226478200981535,4.2243408019482
2026-03-04 04:00:00,NH4,4,0.9,1.5576272201085941,1.732234114102239,-1.291897897589589,4.407152337806777
2026-03-04 05:00:00,NH4,4,0.9,1.6348448820473158,1.7666949824702205,-1.271368364116197,4.541058128210828
2026-03-04 06:00:00,NH4,4,1.3,2.3117052301304812,1.831392853031926,-0.7009360131070368,5.324346473367999
2026-03-04 07:00:00,NH4,4,2.6,3.2245598143466716,1.8618513352080575,0.16181436792941684,6.287305260763926
2026-03-04 08:00:00,NH4,4,3.2,3.9994329751450914,1.9074216335348217,0.8617243879803098,7.137141562309873
2026-03-04 09:00:00,NH4,4,3.6,4.7943055906029635,1.9329300969205285,1.6146355811686939,7.9739756000372335
2026-03-04 10:00:00,NH4,4,5.4,5.596887315926313,1.8381201720883065,2.573179632841049,8.620594999011578
2026-03-04 11:00:00,NH4,4,6.6,6.6282963328167135,1.8446177252893916,3.5939001747156643,9.662692490917763
2026-03-04 12:00:00,NH4,4,7.6,7.017199020168493,1.8115440123738888,4.037209119813446,9.997188920523541
2026-03-04 13:00:00,NH4,4,8.4,7.165831235586722,1.7539574327953493,4.280571258638373,10.051091212535072
2026-03-04 14:00:00,NH4,4,7.7,6.842533913042459,1.7001312153383288,4.045818063810908,9.639249762274009
2026-03-04 15:00:00,NH4,4,7.3,6.941017901758615,1.5149008719074086,4.449005967470928,9.433029836046302
2026-03-04 16:00:00,NH4,4,7.1,6.40647804897742,1.5925460677437262,3.7867397675389904,9.02621633041585
2026-03-04 17:00:00,NH4,4,6.9,6.33823137502396,1.5692998180530782,3.756733174326646,8.919729575721274
2026-03-04 18:00:00,NH4,4,6.7,7.5554670805036235,1.2757031475960585,5.456935402708107,9.653998758299139
2026-03-04 19:00:00,NH4,4,6.7,6.6217742433041,2.0538917764235127,3.2431222710874215,10.000426215520779
2026-03-04 20:00:00,NH4,4,6.5,8.26883891465996,1.5045727506723081,5.793816739804014,10.743861089515907
2026-03-04 21:00:00,NH4,4,6.5,8.35006645219398,1.5063621035368953,5.872100791875788,10.828032112512172
2026-03-04 22:00:00,NH4,4,6.0,5.889246181531435,1.7205771522813689,3.0588967660285835,8.719595597034287
2026-03-04 23:00:00,NH4,4,5.3,5.793804543449158,1.7385584186859926,2.9338759447107003,8.653733142187615
2026-03-05 00:00:00,NH4,4,4.6,4.427979842858047,1.584605603487193,1.8213036251216148,7.034656060594479
2026-03-05 01:00:00,NH4,4,3.2,3.8287390702821855,1.5564569498749907,1.2683673877378259,6.389110752826545
2026-03-05 02:00:00,NH4,4,2.1,2.346778337607225,1.42288295131241,0.006135882698310446,4.687420792516139
2026-03-05 03:00:00,NH4,4,1.8,2.1729197969312954,1.4420976681686615,-0.1993308672061529,4.545170461068744
2026-03-05 04:00:00,NH4,4,1.1,1.9064916353773356,1.5287324382525782,-0.6082732255481558,4.421256496302827
2026-03-05 05:00:00,NH4,4,1.2,1.6238276577131798,1.6012491442301207,-1.0102271845453688,4.257882499971728
2026-03-05 06:00:00,NH4,4,1.9,2.050324277262871,1.6652739645219214,-0.6890513943756895,4.789699948901432
2026-03-05 07:00:00,NH4,4,2.6,2.701354725870531,1.7565249551689186,-0.1881288253823401,5.590838277123402
2026-03-05 08:00:00,NH4,4,2.4,3.5694660267752005,1.8136409214479225,0.5860267109933681,6.5529053425570325
2026-03-05 09:00:00,NH4,4,3.9,5.154427661567502,1.8445667223668987,2.120115403273954,8.18873991986105
2026-03-05 10:00:00,NH4,4,5.3,6.074546639370478,1.6186121644586522,3.411929628835995,8.73716364990496
2026-03-05 11:00:00,NH4,4,5.4,6.418025475578328,1.6044201750786922,3.778754287573879,9.057296663582777
2026-03-05 12:00:00,NH4,4,6.0,6.6670232939090015,1.6206354186683622,4.001078030199546,9.332968557618457
2026-03-05 13:00:00,NH4,4,6.9,7.377735929784885,1.548931889043449,4.829742972308411,9.925728887261359
2026-03-05 14:00:00,NH4,4,7.6,7.233518557772429,1.5472464340539662,4.688298173753655,9.778738941791204
2026-03-05 15:00:00,NH4,4,7.1,6.7333874367307045,1.5276368340047626,4.22042484479287,9.24635002866854
2026-03-05 16:00:00,NH4,4,6.7,6.382962851641935,1.4313519659475324,4.0283888676582436,8.737536835625626
2026-03-05 17:00:00,NH4,4,6.6,6.248678422051572,1.420468842852693,3.9120071755588923,8.585349668544252
2026-03-05 18:00:00,NH4,4,6.8,6.12813350156094,1.8436940455676598,3.09525679660214,9.161010206519741
2026-03-05 19:00:00,NH4,4,6.9,5.6990974349786985,2.104022039046837,2.237981180746652,9.160213689210746
2026-03-05 20:00:00,NH4,4,7.1,8.00468447733128,1.404281861450836,5.694640815244654,10.314728139417905
2026-03-05 21:00:00,NH4,4,6.5,6.925809445384072,1.9063871504215777,3.7898025829405766,10.061816307827566
2026-03-05 22:00:00,NH4,4,6.0,5.734132011613703,2.1059309836663282,2.2698755434825926,9.198388479744812
2026-03-05 23:00:00,NH4,4,5.5,4.719587607296694,1.9618673736014345,1.4923157777223337,7.946859436871053
2026-03-06 00:00:00,NH4,4,4.6,4.385477970066121,1.954126734567425,1.1709394917027067,7.6000164484295345
2026-03-06 01:00:00,NH4,4,3.3,3.0823658442635726,1.8201563240097025,0.08820869126761188,6.076522997259533
2026-03-06 02:00:00,NH4,4,2.4,2.823212284301957,2.0783389688690477,-0.5956553194876264,6.24207988809154
2026-03-06 03:00:00,NH4,4,2.2,2.6368577358581073,1.7665593409773057,-0.26913238004956064,5.542847851765775
2026-03-06 04:00:00,NH4,4,1.7,2.108670199345104,1.8574937799489377,-0.9469070686708987,5.164247467361107
2026-03-06 05:00:00,NH4,4,1.8,2.145955986757835,1.9360658093769674,-1.0388722696672765,5.330784243182946
2026-03-06 06:00:00,NH4,4,2.2,2.4341700624254137,2.016045455998906,-0.8822247126927865,5.750564837543614
2026-03-06 07:00:00,NH4,4,2.5,2.584321302956013,2.019476470459452,-0.7377174909497857,5.906360096861811
2026-03-06 08:00:00,NH4,4,2.1,2.831834947590602,2.172975343511727,-0.7427094924861892,6.406379387667394
2026-03-06 09:00:00,NH4,4,3.6,4.738346008087413,1.9543640065903947,1.5234172172462142,7.9532747989286126
2026-03-06 10:00:00,NH4,4,5.3,6.122821702779944,1.8341718503709379,3.105609008919751,9.140034396640136
2026-03-06 11:00:00,NH4,4,5.5,6.7508941178120265,1.8450072510407591,3.7158571898499777,9.785931045774076
2026-03-06 12:00:00,NH4,4,5.8,8.146098563706879,1.7779949899088012,5.221296805306901,11.070900322106857
2026-03-06 13:00:00,NH4,4,5.5,9.03099433904892,1.6894213350057183,6.251896242964514,11.810092435133328
2026-03-06 14:00:00,NH4,4,5.1,8.327768938096657,1.6906109964702924,5.5467138489030265,11.108824027290288
2026-03-06 15:00:00,NH4,4,5.0,7.6164928525153766,1.627525608939527,4.939213225809855,10.293772479220898
2026-03-06 16:00:00,NH4,4,5.0,7.049057107085696,1.6361355240504685,4.357614170022675,9.740500044148718
2026-03-06 17:00:00,NH4,4,4.9,7.282142136195224,1.4751601014147326,4.8555037693679886,9.70878050302246
2026-03-06 18:00:00,NH4,4,4.8,5.850510370380796,2.1413891637036144,2.3279251960883505,9.373095544673241
2026-03-06 19:00:00,NH4,4,4.7,6.185341280489181,1.8956861337550128,3.066937590462185,9.303744970516178
2026-03-06 20:00:00,NH4,4,4.3,8.031330010900058,1.557175151057924,5.469776887409774,10.592883134390343
2026-03-06 21:00:00,NH4,4,3.6,5.887211096947519,1.9369657164117322,2.7009024934502195,9.07351970044482
2026-03-06 22:00:00,NH4,4,3.7,4.926906365152169,2.0898567937268413,1.489091939471515,8.364720790832823
2026-03-06 23:00:00,NH4,4,4.0,5.215494827939818,1.9060148610572205,2.08010038150069,8.350889274378945
2026-03-07 00:00:00,NH4,4,3.0,3.548663013136961,1.7397809652627723,0.6867233252797007,6.410602700994222
2026-03-07 01:00:00,NH4,4,2.6,2.974086150736844,1.6345209137816947,0.28529924756595637,5.662873053907732
2026-03-07 02:00:00,NH4,4,2.2,2.684679549579456,1.5822117513221459,0.08194121865452608,5.287417880504386
2026-03-07 03:00:00,NH4,4,2.0,2.4004322674621394,1.6925063198651258,-0.38374062871599257,5.1846051636402715
2026-03-07 04:00:00,NH4,4,1.4,1.9062941498541766,1.8448130906058158,-1.1284233841923905,4.941011683900744
2026-03-07 05:00:00,NH4,4,1.1,2.290513408527593,1.94232423177036,-0.9046099527346492,5.485636769789835
2026-03-07 06:00:00,NH4,4,1.1,2.5716904736555186,2.065139754515263,-0.8254644225220891,5.968845369833126
2026-03-07 07:00:00,NH4,4,1.5,2.704201475665661,2.1287377514040857,-0.7975721253940602,6.205975076725382
2026-03-07 08:00:00,NH4,4,2.4,3.338422798869802,2.1457184141491257,-0.19128399240551008,6.868129590145114
2026-03-07 09:00:00,NH4,4,4.0,4.969370580616568,2.145209703444185,1.4405006184508835,8.498240542782252
2026-03-07 10:00:00,NH4,4,5.8,4.116181261081977,2.0622402956844272,0.7237959746810936,7.508566547482859
2026-03-07 11:00:00,NH4,4,7.2,5.592074933566494,1.9361049061940399,2.407182362877298,8.776967504255689
2026-03-07 12:00:00,NH4,4,8.0,8.090205847130195,1.9084829131605532,4.950751454981084,11.229660239279305
2026-03-07 13:00:00,NH4,4,8.6,8.319961134218943,1.8488478978636116,5.278606342233301,11.361315926204584
2026-03-07 14:00:00,NH4,4,8.7,7.695286057036665,1.7848253874316915,4.759248294711532,10.631323819361796
2026-03-07 15:00:00,NH4,4,8.5,6.778557480354333,1.6846766979931118,4.007264312155664,9.549850648553003
2026-03-07 16:00:00,NH4,4,8.0,6.163942266068391,1.6087331000681613,3.5175763164562657,8.810308215680516
2026-03-07 17:00:00,NH4,4,7.3,6.53858652273692,1.6335397249980317,3.851413675115158,9.225759370358682
2026-03-07 18:00:00,NH4,4,6.7,6.531078134663117,1.5061443115950524,4.053470742089256,9.008685527236977
2026-03-07 19:00:00,NH4,4,6.3,6.436786384257582,1.3450146054308574,4.224237358323821,8.649335410191343
2026-03-07 20:00:00,NH4,4,5.9,7.157464326985746,1.5107635087437008,4.672258355102358,9.642670298869135
2026-03-07 21:00:00,NH4,4,5.1,7.446447764400482,1.6804010171544472,4.682188091181416,10.210707437619547
2026-03-07 22:00:00,NH4,4,3.9,7.079379250128536,1.8273896709881532,4.073323241353024,10.085435258904049
2026-03-07 23:00:00,NH4,4,3.7,6.161802690760524,1.9103309913864603,3.0193082099297968,9.304297171591251
2026-03-08 00:00:00,NH4,4,4.0,5.02463421223739,1.8287038455277667,2.016416386344214,8.032852038130567
2026-03-08 01:00:00,NH4,4,3.7,4.527738415135653,1.7715815757023998,1.6134867231052055,7.4419901071661005
2026-03-08 02:00:00,NH4,4,2.7,3.799144510153046,1.7660308070484896,0.8940238325582808,6.704265187747811
2026-03-08 03:00:00,NH4,4,2.5,2.888928969882939,1.7883474293594845,-0.05290255141341316,5.830760491179291
2026-03-08 04:00:00,NH4,4,2.0,2.2488280546704402,1.8101198210724867,-0.7288190509938004,5.226475160334681
2026-03-08 05:00:00,NH4,4,1.5,2.420738985265657,1.8665272136868933,-0.6496982812492824,5.491176251780597
2026-03-08 06:00:00,NH4,4,1.3,3.4630104308234917,1.993352120727831,0.18394619222620934,6.742074669420774
2026-03-08 07:00:00,NH4,4,1.7,3.6811487500181705,2.05783799346539,0.29600525076760364,7.066292249268738
2026-03-08 08:00:00,NH4,4,2.7,3.39128075080537,2.189129561020996,-0.20983737707416905,6.992398878684909
2026-03-08 09:00:00,NH4,4,4.3,4.402811482359489,2.09788928513379,0.9517836083144049,7.853839356404573
2026-03-08 10:00:00,NH4,4,6.5,5.51552218573987,1.8947950110627076,2.3985843925417165,8.632459978938025
2026-03-08 11:00:00,NH4,4,8.0,6.6114681920047635,1.828954251595423,3.6028384481302926,9.620097935879235
2026-03-08 12:00:00,NH4,4,8.8,6.251483543633536,1.826740252773109,3.2464958278217715,9.2564712594453
2026-03-08 13:00:00,NH4,4,9.6,6.487340931786692,1.75033788097713,3.608035117579313,9.366646745994071
2026-03-08 14:00:00,NH4,4,10.1,6.682431159947507,1.6882522196508645,3.905256258621835,9.45960606127318
2026-03-08 15:00:00,NH4,4,10.0,6.856512927623763,1.6367451048673054,4.164067230117046,9.548958625130481
2026-03-08 16:00:00,NH4,4,9.5,7.22449918278417,1.6128745831407176,4.571320493517689,9.87767787205065
2026-03-08 17:00:00,NH4,4,9.2,7.496684429184233,1.5871586856115925,4.885808391353164,10.107560467015302
2026-03-08 18:00:00,NH4,4,8.8,7.501313214138316,1.5194147470309491,5.001875955272404,10.000750473004228
2026-03-08 19:00:00,NH4,4,8.6,7.903103056265353,1.4179720147272104,5.570539092039092,10.235667020491615
2026-03-08 20:00:00,NH4,4,8.2,7.754435505743002,1.4939928110559837,5.296817331555909,10.212053679930095
2026-03-08 21:00:00,NH4,4,7.6,8.468686439883442,1.6756863400643704,5.712182410477553,11.22519046928933
2026-03-08 22:00:00,NH4,4,6.9,7.858468267110165,1.982841334308236,4.596694272173117,11.120242262047213
2026-03-08 23:00:00,NH4,4,6.2,6.7436551185545595,2.0474469393241868,3.375604903366272,10.111705333742847
2026-03-09 00:00:00,NH4,4,5.2,6.543786089856532,1.902734707948949,3.413787495280511,9.673784684432553
2026-03-09 01:00:00,NH4,4,3.4,6.065740325324941,1.7754412088685316,3.1451395367362065,8.986341113913676
2026-03-09 02:00:00,NH4,4,2.3,4.747828333275724,1.7807364537429684,1.8185168668685407,7.677139799682907
2026-03-09 03:00:00,NH4,4,1.9,3.448207734572559,1.8371113562082977,0.4261595536099092,6.470255915535208
2026-03-09 04:00:00,NH4,4,1.0,2.264410056000693,1.8815012529305062,-0.8306595050699901,5.359479617071376
2026-03-09 05:00:00,NH4,4,1.0,1.73124614731765,1.9495588184209163,-1.4757781089847575,4.9382704036200575
2026-03-09 06:00:00,NH4,4,1.4,2.0247913602986634,2.0186691912723838,-1.2959194593444079,5.345502179941734
2026-03-09 07:00:00,NH4,4,2.4,2.73577505629533,2.107709482297434,-0.7314070420839487,6.202957154674609
2026-03-09 08:00:00,NH4,4,4.2,3.7031358921582846,2.171677257641802,0.13072680333752018,7.275544980979049
2026-03-09 09:00:00,NH4,4,6.3,4.912398291666358,2.2541744471990444,1.20428132602393,8.620515257308787
2026-03-09 10:00:00,NH4,4,7.2,5.672488723049242,2.1923596889868344,2.0660570346658997,9.278920411432585
2026-03-09 11:00:00,NH4,4,7.8,6.544224416482939,2.130993520749661,3.0387400748497466,10.04970875811613
2026-03-09 12:00:00,NH4,4,8.1,6.433501224338828,2.143442711498587,2.9075379639236525,9.959464484754005
2026-03-09 13:00:00,NH4,4,8.1,5.615081407974129,2.0900261077557807,2.17698846071587,9.053174355232388
2026-03-09 14:00:00,NH4,4,7.6,5.5719170395879924,2.1136377824408368,2.094982887472816,9.048851191703168
2026-03-09 15:00:00,NH4,4,7.1,5.986306647068815,2.0291624931242773,2.648334345879379,9.324278948258252
2026-03-09 16:00:00,NH4,4,6.7,6.338096104056195,1.8772545594477337,3.250012353764673,9.426179854347717
2026-03-09 17:00:00,NH4,4,6.6,6.386898201052181,1.8049835687151217,3.4177002305158055,9.356096171588556
2026-03-09 18:00:00,NH4,4,6.3,6.870505664210336,1.7228196164067229,4.036467395221277,9.704543933199396
2026-03-09 19:00:00,NH4,4,6.0,7.182300914858633,1.5433099400277381,4.643556063513003,9.721045766204263
2026-03-09 20:00:00,NH4,4,5.9,7.778508828754221,1.5133515891834564,5.289045464547435,10.267972192961007
2026-03-09 21:00:00,NH4,4,5.4,7.439529511038957,1.8286588727568156,4.431385665353996,10.447673356723918
2026-03-09 22:00:00,NH4,4,4.9,6.134522708195932,1.8485082357120708,3.0937266604495752,9.175318755942289
2026-03-09 23:00:00,NH4,4,4.3,5.393894049394147,1.7628158591085397,2.494061961160599,8.293726137627695
2026-03-10 00:00:00,NH4,4,3.5,4.828310713119235,1.5440302964731676,2.288380875420874,7.368240550817596
2026-03-10 01:00:00,NH4,4,2.8,3.505450533326566,1.5299129377463017,0.9887437507338999,6.022157315919232
2026-03-10 02:00:00,NH4,4,2.2,2.0663357180583217,1.6299443650334793,-0.6149227624217519,4.747594198538396
2026-03-10 03:00:00,NH4,4,1.9,1.455503521328672,1.7854082072273612,-1.481492979560337,4.392500022217681
2026-03-10 04:00:00,NH4,4,1.2,1.4000031240673794,1.921291914574941,-1.7605220754083986,4.560528323543157
2026-03-10 05:00:00,NH4,4,1.1,1.8430122840200762,2.0052213286043474,-1.4555768015340753,5.141601369574228
2026-03-10 06:00:00,NH4,4,0.8,2.1386548537261403,2.047826647034031,-1.2300199806448409,5.507329688097121
2026-03-10 07:00:00,NH4,4,2.0,2.605596007266064,2.077086171962934,-0.8112107456129625,6.0224027601450905
2026-03-10 08:00:00,NH4,4,2.1,3.2733571000072113,2.097410223552634,-0.17688271773687214,6.723596917751294
2026-03-10 09:00:00,NH4,4,3.8,3.6526819127424717,2.1048866028342514,0.19014345108012787,7.1152203744048155
2026-03-10 10:00:00,NH4,4,5.3,3.870497810843868,1.9819817419278505,0.6101378453725537,7.130857776315182
2026-03-10 11:00:00,NH4,4,5.4,4.327013598508842,1.9101629482833609,1.1847955485827129,7.46923164843497
2026-03-10 12:00:00,NH4,4,4.5,5.552801092557621,1.9572454446133916,2.3331323361685916,8.772469848946649
2026-03-10 13:00:00,NH4,4,3.6,5.866185993780313,1.8883273770201394,2.7598874585821833,8.972484528978443
2026-03-10 14:00:00,NH4,4,4.3,6.075360704073194,1.8127891398311076,3.0933225690510224,9.057398839095367
2026-03-10 15:00:00,NH4,4,5.6,6.4183557453925895,1.6525105001872649,3.699975972584539,9.13673551820064
2026-03-10 16:00:00,NH4,4,5.0,6.165228201479887,1.6791834622410173,3.4029714060934135,8.92748499686636
2026-03-10 17:00:00,NH4,4,3.7,6.580122909097149,1.6353961429604065,3.8898962539272803,9.270349564267018
2026-03-10 18:00:00,NH4,4,2.6,6.875544069466819,1.5485932421992068,4.328108186049123,9.422979952884514
2026-03-10 19:00:00,NH4,4,1.8,6.316946083704387,1.9852344726345768,3.051235376220508,9.582656791188267
2026-03-10 20:00:00,NH4,4,2.3,5.513384269189455,1.7280614903547737,2.6707231175558523,8.356045420823058
2026-03-10 21:00:00,NH4,4,3.0,5.974491098378523,1.7124082103098914,3.157579592418751,8.791402604338295
2026-03-10 22:00:00,NH4,4,2.4,5.923539044574525,1.744965598118002,3.0530706356704123,8.794007453478638
2026-03-10 23:00:00,NH4,4,2.4,5.749356807072083,1.951635425955337,2.5389165313755533,8.959797082768612
2026-03-11 00:00:00,NH4,4,1.3,2.9152083680458354,1.6667369758277673,0.17342604280915808,5.656990693282513
2026-03-11 01:00:00,NH4,4,0.7,3.1223064343927507,2.0111556443348277,-0.18604460053804095,6.430657469323542
2026-03-11 02:00:00,NH4,4,0.3,2.248133408387573,1.9406656251660304,-0.9442615450105474,5.440528361785693
2026-03-11 03:00:00,NH4,4,0.3,1.9681163124737906,2.0241499419062436,-1.3616103419619803,5.2978429669095615
2026-03-11 04:00:00,NH4,4,0.3,1.8042739783510733,2.062075778435467,-1.5878406771752696,5.196388633877416
2026-03-11 05:00:00,NH4,4,0.5,2.6586478101254447,2.1974127557463565,-0.9560961730773117,6.2733917933282015
2026-03-11 06:00:00,NH4,4,1.2,2.687175851045577,2.1046282740310303,-0.774937659735468,6.149289361826622
2026-03-11 07:00:00,NH4,4,1.4,2.122456351872473,2.350664107479299,-1.7443861049309737,5.98929880867592
2026-03-11 08:00:00,NH4,4,1.1,3.598176253035379,2.2066551832544503,-0.031771523418191894,7.228124029488949
2026-03-11 09:00:00,NH4,4,3.1,4.45402323630741,2.196102294728121,0.8414349614796515,8.06661151113517
2026-03-11 10:00:00,NH4,4,4.7,3.3085138403373495,2.333252020238332,-0.5296857329547064,7.1467134136294055
2026-03-11 11:00:00,NH4,4,5.9,5.4364322015798,1.975348943399688,2.186983189687313,8.685881213472287
2026-03-11 12:00:00,NH4,4,5.2,6.496665509306476,2.0352579445903274,3.148666190455388,9.844664828157565
2026-03-11 13:00:00,NH4,4,4.4,6.390616138345921,2.05784527112795,3.0054606673404436,9.775771609351398
2026-03-11 14:00:00,NH4,4,3.8,6.159193063086994,2.0985235976932937,2.707121744881526,9.611264381292463
2026-03-11 15:00:00,NH4,4,4.6,5.730655877179442,2.1278544881687855,2.230335244141789,9.230976510217094
2026-03-11 16:00:00,NH4,4,5.2,5.333108973816367,2.1051186415708605,1.8701888084323017,8.796029139200433
2026-03-11 17:00:00,NH4,4,5.6,5.856487534280145,2.113294175527342,2.380118615537668,9.332856453022622
2026-03-11 18:00:00,NH4,4,4.9,4.746861657881986,2.3029558729825603,0.9584992468256743,8.535224068938298
2026-03-11 19:00:00,NH4,4,4.4,7.409703789322139,1.9270404028239434,4.239722326676752,10.579685251967526
2026-03-11 20:00:00,NH4,4,4.0,5.897580170121211,2.080413970033901,2.475299189415444,9.319861150826977
2026-03-11 21:00:00,NH4,4,2.6,4.104854553923918,2.30621734180611,0.31112702665286696,7.898582081194968
2026-03-11 22:00:00,NH4,4,1.2,4.216530512950865,2.0632610368604487,0.8224661073154262,7.610594918586303
2026-03-11 23:00:00,NH4,4,0.4,5.065295185876255,2.0798078336206864,1.6440112995702254,8.486579072182284
2026-03-12 00:00:00,NH4,4,1.1,3.055431532237146,2.2003935916961637,-0.5642159261030435,6.675078990577335
2026-03-12 01:00:00,NH4,4,0.9,2.4348205614088667,2.0414084399586314,-0.9232963223230821,5.792937445140815
2026-03-12 02:00:00,NH4,4,0.4,2.760310624869891,2.1084849502871554,-0.7081471183524797,6.228768368092261
2026-03-12 03:00:00,NH4,4,0.3,2.5437204343297974,2.1177415660100807,-0.9399644417567852,6.0274053104163805
2026-03-12 04:00:00,NH4,4,0.3,1.0399361259428899,2.0415839702433654,-2.318469505107446,4.398341756993226
2026-03-12 05:00:00,NH4,4,0.7,1.7307396340386634,2.117820750646765,-1.7530755007752645,5.214554768852591
2026-03-12 06:00:00,NH4,4,1.2,2.553817996918508,2.0196281856903915,-0.7684703685421859,5.876106362379202
2026-02-13 00:00:00,NH4,10,5.3,3.817434530451685,2.266598228977231,0.08888044378413973,7.54598861711923
2026-02-13 01:00:00,NH4,10,5.5,3.0420503792811466,2.406142576322734,-0.9160541587697506,7.000154917332043
2026-02-13 02:00:00,NH4,10,6.6,3.2818085589108894,2.4541017708195603,-0.7551888540872871,7.318805971909066
2026-02-13 03:00:00,NH4,10,8.0,3.2443174795722802,2.4647076783047956,-0.8101266512391083,7.298761610383669
2026-02-13 04:00:00,NH4,10,8.4,3.5276320305858127,2.460036436818561,-0.5191279079807201,7.574391969152345
2026-02-13 05:00:00,NH4,10,9.2,3.5394215762752,2.4621135575375206,-0.5107552258740213,7.589598378424421
2026-02-13 06:00:00,NH4,10,9.4,3.3574387806113193,2.464589355180995,-0.6968107086614173,7.411688269884056
2026-02-13 07:00:00,NH4,10,9.1,3.2706052540227075,2.4650232127265963,-0.7843579309125435,7.3255684389579585
2026-02-13 08:00:00,NH4,10,8.7,3.3014219752508756,2.4648005766386976,-0.7531749733197821,7.356018923821534
2026-02-13 09:00:00,NH4,10,8.2,3.2563395034014273,2.4650322341461086,-0.7986385217689214,7.3113175285717755
2026-02-13 10:00:00,NH4,10,7.4,3.263962572660555,2.465011681961827,-0.7909816441666511,7.318906789487761
2026-02-13 11:00:00,NH4,10,6.8,3.3005124779821564,2.464909416495334,-0.7542635121526677,7.355288468116981
2026-02-13 12:00:00,NH4,10,6.3,3.422080483224734,2.464314913128453,-0.6317175488715718,7.475878515321039
2026-02-13 13:00:00,NH4,10,5.8,3.5157884679163005,2.4634350770002666,-0.5365622337491378,7.568139169581739
2026-02-13 14:00:00,NH4,10,6.2,3.543125400739164,2.463092673246616,-0.5086620467515188,7.594912848229846
2026-02-13 15:00:00,NH4,10,6.8,3.607100026047704,2.462130889671542,-0.44310528746198274,7.657305339557391
2026-02-13 16:00:00,NH4,10,6.6,3.6255895135977156,2.460075917412531,-0.42123537054589777,7.6724143977413295
2026-02-13 17:00:00,NH4,10,5.8,3.4400868869099868,2.459270880008062,-0.6054137107032758,7.485587484523249
2026-02-13 18:00:00,NH4,10,4.8,3.427345124297659,2.458799606230373,-0.6173802279513048,7.472070476546623
2026-02-13 19:00:00,NH4,10,3.9,3.3724029819619017,2.459080342497624,-0.6727841814466902,7.417590145370493
2026-02-13 20:00:00,NH4,10,3.2,3.358927461676619,2.4601557014374356,-0.6880286671879627,7.405883590541201
2026-02-13 21:00:00,NH4,10,3.0,3.3687278467262547,2.4617009327331028,-0.6807701876196997,7.418225881072209
2026-02-13 22:00:00,NH4,10,2.3,3.3488886443474946,2.4630094945254997,-0.7027619741469526,7.400539262841942
2026-02-13 23:00:00,NH4,10,1.8,3.3088342604901837,2.4636164613774523,-0.7438148184757254,7.361483339456093
2026-02-14 00:00:00,NH4,10,1.5,3.252089274278724,2.463522554894365,-0.8004053285225066,7.3045838770799545
2026-02-14 01:00:00,NH4,10,1.4,3.253481819255789,2.463261165117186,-0.7985827973619819,7.305546435873559
2026-02-14 02:00:00,NH4,10,1.7,3.2249230366607065,2.4614798413385306,-0.8242113023411766,7.27405737566259
2026-02-14 03:00:00,NH4,10,2.6,3.2395904078208067,2.4626800346059783,-0.8115182491060273,7.29069906474764
2026-02-14 04:00:00,NH4,10,4.2,3.2750047364065376,2.462221922035002,-0.7753503253410408,7.325359798154116
2026-02-14 05:00:00,NH4,10,6.3,3.3463448646290272,2.4608535860767953,-0.7017592844673013,7.394449013725356
2026-02-14 06:00:00,NH4,10,8.2,3.3383050170797786,2.4609065845113958,-0.7098863144414675,7.386496348601025
2026-02-14 07:00:00,NH4,10,8.7,3.3041395006674357,2.4619583091617403,-0.7457819179036269,7.354060919238498
2026-02-14 08:00:00,NH4,10,8.9,3.2926483338794994,2.4604394477441462,-0.7547745576596214,7.340071225418621
2026-02-14 09:00:00,NH4,10,9.2,3.282180098070062,2.4533095445018045,-0.7535141026354064,7.31787429877553
2026-02-14 10:00:00,NH4,10,9.2,3.4153099297327136,2.4478440048525645,-0.6113934582497551,7.442013317715182
2026-02-14 11:00:00,NH4,10,8.5,3.592861589796025,2.4454650208017368,-0.42992836942283175,7.615651549014881
2026-02-14 12:00:00,NH4,10,7.9,3.7248087128748755,2.4370152946797714,-0.28408144687334813,7.7336988726230995
2026-02-14 13:00:00,NH4,10,7.5,3.7957525732224044,2.416977393690048,-0.18017523939772406,7.771680385842533
2026-02-14 14:00:00,NH4,10,7.3,3.997437661768722,2.383127908445058,0.07719225237660199,7.917683071160843
2026-02-14 15:00:00,NH4,10,6.6,4.3416179899420415,2.34730446542676,0.4803021443150213,8.202933835569063
2026-02-14 16:00:00,NH4,10,5.9,4.537608024529645,2.31301840339822,0.7326927509395724,8.342523298119717
2026-02-14 17:00:00,NH4,10,6.3,4.317228298707737,2.3038202520287925,0.5274439841203731,8.107012613295101
2026-02-14 18:00:00,NH4,10,6.9,3.5750616947975,2.335356923309229,-0.266600444046182,7.416723833641182
2026-02-14 19:00:00,NH4,10,7.0,3.1087954980316126,2.3399129051035024,-0.7403612308636487,6.957952226926874
2026-02-14 20:00:00,NH4,10,5.9,2.761538963611879,2.3269204808816037,-1.0662452274383591,6.589323154662117
2026-02-14 21:00:00,NH4,10,5.1,2.682511951868882,2.3229643377817712,-1.138764383782132,6.503788287519896
2026-02-14 22:00:00,NH4,10,2.7,2.892980241382076,2.3407962658720636,-0.9576296159774684,6.74359009874162
2026-02-14 23:00:00,NH4,10,1.8,3.004164507868901,2.3485903242965143,-0.8592665755988649,6.867595591336666
2026-02-15 00:00:00,NH4,10,1.8,3.250274707354144,2.3109412344914473,-0.5512236233842871,7.051773038092575
2026-02-15 01:00:00,NH4,10,2.0,3.6035277212690655,2.3496128847336073,-0.2615854741177186,7.46864091665585
2026-02-15 02:00:00,NH4,10,2.1,4.21037833497744,2.2984723240425464,0.429391361927451,7.991365308027429
2026-02-15 03:00:00,NH4,10,3.1,5.058676363267041,2.2083111933911126,1.4260044501386604,8.69134827639542
2026-02-15 04:00:00,NH4,10,5.0,5.042009070289335,2.16488317633593,1.4807762452167306,8.60324189536194
2026-02-15 05:00:00,NH4,10,7.5,5.091644758452364,2.2222883454251146,1.4359804302280503,8.747309086676676
2026-02-15 06:00:00,NH4,10,9.6,5.522534914200191,2.2324455569747594,1.850161972976712,9.19490785542367
2026-02-15 07:00:00,NH4,10,9.9,6.530622000592715,2.1397712568331673,3.010698283102155,10.050545718083276
2026-02-15 08:00:00,NH4,10,10.1,7.0499249127947055,2.066549360978889,3.6504512139844327,10.449398611604979
2026-02-15 09:00:00,NH4,10,10.1,7.282454701133881,1.9733715346825837,4.036258526581031,10.528650875686731
2026-02-15 10:00:00,NH4,10,9.9,7.105462308008519,1.9144672679108712,3.9561636522951362,10.254760963721903
2026-02-15 11:00:00,NH4,10,9.6,6.862275921706293,1.9332141648061203,3.682138620600225,10.04241322281236
2026-02-15 12:00:00,NH4,10,9.2,6.141574830523881,1.9165730834979329,2.9888121081697814,9.29433755287798
2026-02-15 13:00:00,NH4,10,9.1,5.235465488673055,1.863030187106261,2.170780830883256,8.300150146462855
2026-02-15 14:00:00,NH4,10,9.2,5.453722375620851,1.8780647678920384,2.364305832438448,8.543138918803255
2026-02-15 15:00:00,NH4,10,8.9,5.330829717385598,1.9062716475226296,2.195012857210872,8.466646577560324
2026-02-15 16:00:00,NH4,10,8.1,5.422005413644767,1.9796404592120695,2.165496858240912,8.678513969048621
2026-02-15 17:00:00,NH4,10,7.3,4.962822352222936,1.9239444622824782,1.7979337117682594,8.127710992677613
2026-02-15 18:00:00,NH4,10,6.3,4.112528995380891,2.1461390092250032,0.5821303252057604,7.642927665556021
2026-02-15 19:00:00,NH4,10,5.6,2.8868261561163973,1.9813784600890758,-0.3725414107301326,6.146193722962927
2026-02-15 20:00:00,NH4,10,5.5,1.9133529426254277,1.9328515012152827,-1.2661877768737124,5.092893662124568
2026-02-15 21:00:00,NH4,10,5.4,1.7713177065944092,1.8688409808801691,-1.302925706953469,4.845561120142287
2026-02-15 22:00:00,NH4,10,4.7,2.2859879949420323,1.8235361488524158,-0.7137289699201919,5.2857049598042565
2026-02-15 23:00:00,NH4,10,3.9,2.0633880734895147,1.8574112132123948,-0.9920533722448748,5.118829519223905
2026-02-16 00:00:00,NH4,10,3.7,1.8266604072121475,1.8561295483377667,-1.2266726998034785,4.879993514227774
2026-02-16 01:00:00,NH4,10,3.7,2.4513271115988484,2.112893772011121,-1.0243831433594455,5.927037366557142
2026-02-16 02:00:00,NH4,10,4.1,3.8441820037272434,2.208700347033726,0.21086993285676403,7.477494074597723
2026-02-16 03:00:00,NH4,10,6.5,4.1790272352904605,2.184264595458933,0.5859119757605158,7.772142494820406
2026-02-16 04:00:00,NH4,10,7.6,4.372396048748158,2.2666825874685013,0.643703192362473,8.101088905133842
2026-02-16 05:00:00,NH4,10,8.3,4.972871877954896,2.2827042748092077,1.2178233458937493,8.727920410016043
2026-02-16 06:00:00,NH4,10,8.6,5.989645212373349,2.240835506415707,2.303470804319511,9.675819620427186
2026-02-16 07:00:00,NH4,10,8.9,7.065915903078613,2.135832299498433,3.552471770403691,10.579360035753535
2026-02-16 08:00:00,NH4,10,8.9,7.634272843278508,2.121006141466378,4.1452177405663155,11.123327945990699
2026-02-16 09:00:00,NH4,10,8.7,7.997478045720028,2.116442205018955,4.515930618463847,11.479025472976208
2026-02-16 10:00:00,NH4,10,8.1,7.625872337487035,2.11115381907464,4.153024305109252,11.098720369864818
2026-02-16 11:00:00,NH4,10,8.4,7.083717952136231,2.0469637766326154,3.716462539575579,10.450973364696884
2026-02-16 12:00:00,NH4,10,8.3,6.79091965706238,1.9916314241021478,3.514685964414347,10.067153349710413
2026-02-16 13:00:00,NH4,10,7.9,6.156160281929865,2.016506954132569,2.839006342381789,9.473314221477942
2026-02-16 14:00:00,NH4,10,7.8,5.518936933362884,2.0808528083694173,2.0959340635951924,8.941939803130575
2026-02-16 15:00:00,NH4,10,7.5,4.688282144268902,2.1198994186120688,1.2010476006520485,8.175516687885755
2026-02-16 16:00:00,NH4,10,6.8,3.57248049938354,2.122342359327655,0.08122731828954777,7.063733680477532
2026-02-16 17:00:00,NH4,10,6.5,2.9287281244638756,2.0744252279729047,-0.4837013755515529,6.341157624479305
2026-02-16 18:00:00,NH4,10,5.8,2.361336031861976,1.971538038099623,-0.8818440408119042,5.604516104535856
2026-02-16 19:00:00,NH4,10,5.1,2.857715603883278,2.004857484752251,-0.4402749585341752,6.155706166300731
2026-02-16 20:00:00,NH4,10,4.9,3.338733041933144,2.0021729355698152,0.045158562920797785,6.63230752094549
2026-02-16 21:00:00,NH4,10,4.9,3.483517501891088,2.0115710021737043,0.1744832033153445,6.792551800466832
2026-02-16 22:00:00,NH4,10,4.7,3.152031021446381,2.140826073892812,-0.3696278701072946,6.673689913000057
2026-02-16 23:00:00,NH4,10,4.9,3.1794830245932006,2.258403716945271,-0.5355910897817702,6.894557138968171
2026-02-17 00:00:00,NH4,10,5.9,3.27470253400476,2.2279324337661026,-0.39024631954047884,6.939651387549999
2026-02-17 01:00:00,NH4,10,5.9,3.762099372515403,2.2513374771849697,0.0586492225461277,7.465549522484679
2026-02-17 02:00:00,NH4,10,6.9,3.975249262256786,2.3258642644115595,0.14920254729977067,7.801295977213801
2026-02-17 03:00:00,NH4,10,9.7,4.096999170782796,2.349630076574487,0.23185769481776486,7.9621406467478275
2026-02-17 04:00:00,NH4,10,10.8,4.213652785671656,2.327398838002302,0.38508169715786966,8.042223874185442
2026-02-17 05:00:00,NH4,10,11.1,4.539879273919606,2.3354347274859193,0.6980891472052688,8.381669400633943
2026-02-17 06:00:00,NH4,10,12.3,4.5481221420192135,2.3293070015505424,0.716412124468571,8.379832159569856
2026-02-17 07:00:00,NH4,10,14.5,4.630557069079511,2.3111831074685423,0.8286608572937584,8.432453280865262
2026-02-17 08:00:00,NH4,10,13.9,4.7284863502005425,2.2850791648209863,0.96953112407002,8.487441576331065
2026-02-17 09:00:00,NH4,10,12.0,4.65544784820259,2.2806194962149315,0.9038287769290272,8.407066919476152
2026-02-17 10:00:00,NH4,10,10.8,4.446386986711633,2.2801011257950807,0.695620634778725,8.19715333864454
2026-02-17 11:00:00,NH4,10,9.8,4.330486908155827,2.247883097635962,0.6327192125446692,8.028254603766984
2026-02-17 12:00:00,NH4,10,9.4,4.20522181188157,2.23892574183389,0.5221889665648209,7.888254657198319
2026-02-17 13:00:00,NH4,10,9.1,4.17071743773225,2.265954140799078,0.4432228761177668,7.898211999346733
2026-02-17 14:00:00,NH4,10,8.6,4.220089734325088,2.243371423580737,0.5297437425347753,7.9104357261154
2026-02-17 15:00:00,NH4,10,7.9,4.207256231028675,2.1907152734997397,0.6035296061216036,7.810982855935747
2026-02-17 16:00:00,NH4,10,7.1,4.243371058321094,2.1791721097524417,0.6586329377783278,7.828109178863861
2026-02-17 17:00:00,NH4,10,6.3,3.799295135650701,2.176528089220549,0.21890642888289813,7.379683842418505
2026-02-17 18:00:00,NH4,10,5.9,3.283810771517196,2.199065237410394,-0.3336515440229024,6.9012730870572945
2026-02-17 19:00:00,NH4,10,5.7,3.173690510418781,2.188227346211653,-0.4259434740993884,6.773324494936951
2026-02-17 20:00:00,NH4,10,5.2,2.991286812342171,2.251164213933498,-0.7118783195784335,6.6944519442627755
2026-02-17 21:00:00,NH4,10,4.9,3.1038336487089873,2.261296266362215,-0.6159987094568566,6.823666006874831
2026-02-17 22:00:00,NH4,10,4.1,2.9632901440256774,2.351977559030105,-0.9057129405788453,6.8322932286302
2026-02-17 23:00:00,NH4,10,3.9,3.3942192234715165,2.4471417264225575,-0.6313289164935902,7.419767363436623
2026-02-18 00:00:00,NH4,10,4.0,3.4519801738152993,2.4481246771692278,-0.5751849201280801,7.479145267758678
2026-02-18 01:00:00,NH4,10,4.7,3.480082556195683,2.456449437864689,-0.56077676909173,7.520941881483097
2026-02-18 02:00:00,NH4,10,6.2,3.4226579881247305,2.462016554186118,-0.6273592435114335,7.4726752197608945
2026-02-18 03:00:00,NH4,10,7.9,3.2791811801280115,2.464667493382059,-0.7751968464854757,7.333559206741499
2026-02-18 04:00:00,NH4,10,8.4,3.4098738244151034,2.4637491821801425,-0.6429935802712308,7.462741229101438
2026-02-18 05:00:00,NH4,10,8.4,3.363997497063487,2.4645609433051785,-0.6902052546735313,7.418200248800506
2026-02-18 06:00:00,NH4,10,8.6,3.4601644486603456,2.463970436065656,-0.5930669186676583,7.51339581598835
2026-02-18 07:00:00,NH4,10,8.5,3.6270444367830863,2.461288066537026,-0.42177443267032144,7.675863306236494
2026-02-18 08:00:00,NH4,10,7.8,3.8205891223918567,2.45887360578869,-0.22425795913053825,7.865436203914252
2026-02-18 09:00:00,NH4,10,7.0,3.6817572685429982,2.4601792321709537,-0.36523756837822097,7.728752105464217
2026-02-18 10:00:00,NH4,10,6.5,3.7555621694419092,2.458038600584887,-0.2879113285202295,7.799035667404048
2026-02-18 11:00:00,NH4,10,6.1,3.8741280778035376,2.4511850411342637,-0.15807131486232606,7.906327470469401
2026-02-18 12:00:00,NH4,10,5.7,3.8297589343319967,2.445949052072343,-0.19382725632700737,7.853345124991001
2026-02-18 13:00:00,NH4,10,5.6,3.6062549592100055,2.447493475087662,-0.4198718073091978,7.632381725729209
2026-02-18 14:00:00,NH4,10,5.3,3.486469277898723,2.451160860927651,-0.5456903383272627,7.518628894124709
2026-02-18 15:00:00,NH4,10,4.9,3.453373424834644,2.4537233296416203,-0.5830014524258216,7.4897483020951094
2026-02-18 16:00:00,NH4,10,4.3,3.402251293450347,2.453538727377259,-0.6338199130852442,7.438322499985938
2026-02-18 17:00:00,NH4,10,4.1,3.366594832946166,2.4528010553092154,-0.6682629030374936,7.401452568929825
2026-02-18 18:00:00,NH4,10,4.7,3.329518514032987,2.4525613996997304,-0.7049449884730699,7.363982016539044
2026-02-18 19:00:00,NH4,10,4.4,3.296739610086513,2.4515736745106715,-0.7360990844835418,7.329578304656568
2026-02-18 20:00:00,NH4,10,3.4,3.3119848323188834,2.452239406700598,-0.7219489917036008,7.345918656341368
2026-02-18 21:00:00,NH4,10,3.1,3.3303416764781746,2.450242473956081,-0.7003071931795786,7.360990546135928
2026-02-18 22:00:00,NH4,10,2.4,3.331781258218723,2.452644836227495,-0.702819497375506,7.366382013812952
2026-02-18 23:00:00,NH4,10,2.2,3.4342863909722414,2.457634194260989,-0.6085218585870855,7.477094640531568
2026-02-19 00:00:00,NH4,10,2.5,3.367396039281915,2.4544183949352076,-0.670122220386502,7.404914298950332
2026-02-19 01:00:00,NH4,10,3.6,3.3380319639801113,2.4521993055343208,-0.6958358936238462,7.371899821584069
2026-02-19 02:00:00,NH4,10,4.4,3.2922082357079123,2.457021348448917,-0.7495918824905559,7.3340083539063805
2026-02-19 03:00:00,NH4,10,4.8,3.3076799229307103,2.46209235362214,-0.7424619987777104,7.3578218446391315
2026-02-19 04:00:00,NH4,10,5.5,3.358416129720041,2.460258706390901,-0.6887094422929909,7.405541701733073
2026-02-19 05:00:00,NH4,10,6.5,3.465694821550008,2.453154413519992,-0.5697441886903793,7.501133831790396
2026-02-19 06:00:00,NH4,10,7.5,3.5279694521275173,2.4463526945965497,-0.4962807304838073,7.552219634738842
2026-02-19 07:00:00,NH4,10,7.7,3.5547895911099223,2.4346285901647833,-0.45017443971114623,7.559753621930991
2026-02-19 08:00:00,NH4,10,7.7,3.5281926857815797,2.4266537213504926,-0.46365268583998054,7.52003805740314
2026-02-19 09:00:00,NH4,10,7.5,3.572997571854849,2.421092568709038,-0.40969970367151864,7.555694847381217
2026-02-19 10:00:00,NH4,10,7.6,3.666926079360895,2.4115418145186793,-0.3000602055223327,7.6339123642441225
2026-02-19 11:00:00,NH4,10,7.3,3.80510777731461,2.4002328626076,-0.1432752816748919,7.7534908363041115
2026-02-19 12:00:00,NH4,10,7.2,3.956016725715741,2.3956410413449998,0.015187212703215991,7.896846238728266
2026-02-19 13:00:00,NH4,10,7.0,4.086594053878429,2.394507011798334,0.1476300194701694,8.025558088286688
2026-02-19 14:00:00,NH4,10,6.8,3.9023157344911388,2.420161450531915,-0.0788498516338616,7.88348132061614
2026-02-19 15:00:00,NH4,10,6.5,3.978046959891905,2.4174080988383695,0.0014106373027873431,7.954683282481023
2026-02-19 16:00:00,NH4,10,5.8,4.394657621289245,2.3767733160191917,0.48486551643767495,8.304449726140817
2026-02-19 17:00:00,NH4,10,5.0,4.306500024122894,2.3667332871166,0.41322376681608697,8.1997762814297
2026-02-19 18:00:00,NH4,10,4.1,3.8056896985395365,2.329204617032185,-0.025851896478408243,7.637231293557481
2026-02-19 19:00:00,NH4,10,3.3,3.008091147494967,2.3096312711551357,-0.7912522935552309,6.807434588545165
2026-02-19 20:00:00,NH4,10,2.6,2.794874626406155,2.268011652891055,-0.9360045425996306,6.525753795411941
2026-02-19 21:00:00,NH4,10,2.5,2.574572152321978,2.263275370110517,-1.1485158315098225,6.2976601361537785
2026-02-19 22:00:00,NH4,10,1.7,2.133975907588496,2.227356676746227,-1.5300258256590475,5.79797764083604
2026-02-19 23:00:00,NH4,10,1.7,2.2477326379937854,2.2605831219226915,-1.4709265975690422,5.9663918735566135
2026-02-20 00:00:00,NH4,10,2.1,3.0638714316007234,2.272354913479179,-0.6741524010725262,6.801895264273973
2026-02-20 01:00:00,NH4,10,3.0,3.5837049929188796,2.246982684046909,-0.11258152233828556,7.279991508176044
2026-02-20 02:00:00,NH4,10,4.7,3.8236427019311785,2.309398068703787,0.024682878913449002,7.622602524948908
2026-02-20 03:00:00,NH4,10,5.8,3.401994718099049,2.3963514148747906,-0.5400033593699818,7.343992795568079
2026-02-20 04:00:00,NH4,10,6.4,3.4945652432095446,2.381053276790486,-0.4222673971108053,7.411397883529895
2026-02-20 05:00:00,NH4,10,6.7,3.8537287455981177,2.350790573900297,-0.013321748467870709,7.720779239664106
2026-02-20 06:00:00,NH4,10,7.1,3.905002537667653,2.3893749822756516,-0.025519308175793842,7.8355243835111
2026-02-20 07:00:00,NH4,10,7.4,3.8040360157456905,2.426661397996789,-0.1878219839590276,7.795894015450409
2026-02-20 08:00:00,NH4,10,7.1,3.9634826951211064,2.408883215837354,0.0008698050686590797,7.926095585173554
2026-02-20 09:00:00,NH4,10,6.9,4.372224459411027,2.326284442696312,0.5454865511755935,8.198962367646459
2026-02-20 10:00:00,NH4,10,7.1,4.57125785034181,2.234097484226815,0.8961674887886999,8.24634821189492
2026-02-20 11:00:00,NH4,10,7.7,4.693212003800223,2.162434444072069,1.1360073433016695,8.250416664298777
2026-02-20 12:00:00,NH4,10,8.3,5.0045020726344065,2.133310833611636,1.4952057513432653,8.513798393925548
2026-02-20 13:00:00,NH4,10,8.3,5.422889095375821,2.0782893327881484,2.0041031429393166,8.841675047812325
2026-02-20 14:00:00,NH4,10,8.1,5.93166300240044,1.9882359669361702,2.6610148367904403,9.20231116801044
2026-02-20 15:00:00,NH4,10,7.8,5.944082241580877,1.9322282648050066,2.765566745976641,9.122597737185114
2026-02-20 16:00:00,NH4,10,7.1,4.98040094273447,1.890152268408932,1.8711004612017774,8.089701424267163
2026-02-20 17:00:00,NH4,10,6.4,4.095572052983465,1.9438186897238,0.8979903083878145,7.293153797579116
2026-02-20 18:00:00,NH4,10,6.0,3.469364699516745,2.0093874924000956,0.16392227451858776,6.774807124514902
2026-02-20 19:00:00,NH4,10,6.0,2.453357483109123,2.019373471672332,-0.8685118777918635,5.77522684401011
2026-02-20 20:00:00,NH4,10,5.4,1.6365387055264233,1.9819665458759896,-1.6237962624395799,4.8968736734924265
2026-02-20 21:00:00,NH4,10,5.2,1.5787787052327054,1.9709150927318257,-1.663376622311148,4.820934032776559
2026-02-20 22:00:00,NH4,10,2.6,1.2223939655206304,1.9430782533049247,-1.9739697611659706,4.418757692207231
2026-02-20 23:00:00,NH4,10,1.1,1.7356663312175236,2.0301580431799566,-1.6039436498135051,5.075276312248552
2026-02-21 00:00:00,NH4,10,0.8,2.7767688032918194,1.9718063120503626,-0.46685258003102703,6.020390186614666
2026-02-21 01:00:00,NH4,10,0.7,3.5182174134216684,2.010279108954609,0.21130827919133655,6.825126547652
2026-02-21 02:00:00,NH4,10,1.4,3.874036227572984,2.033801746636093,0.5284323543566107,7.219640100789357
2026-02-21 03:00:00,NH4,10,2.6,4.048994824665818,1.9745280321923313,0.8008962117094329,7.297093437622203
2026-02-21 04:00:00,NH4,10,4.3,4.424030751318308,1.9353397550976497,1.2403968541826744,7.607664648453942
2026-02-21 05:00:00,NH4,10,6.1,4.8160486561190154,1.901378110773919,1.6882816638959186,7.943815648342112
2026-02-21 06:00:00,NH4,10,6.9,4.916236498373236,1.8400215061001641,1.8894011208384658,7.9430718759080055
2026-02-21 07:00:00,NH4,10,7.6,4.705965013315884,1.8267910458840892,1.7008937428365574,7.711036283795211
2026-02-21 08:00:00,NH4,10,8.0,4.800749162409353,1.9067834294312358,1.6640904209949703,7.937407903823736
2026-02-21 09:00:00,NH4,10,8.1,5.195741334136393,1.9574418272368905,1.9757495283317081,8.415733139941079
2026-02-21 10:00:00,NH4,10,7.8,5.141694736646642,1.999797291604722,1.8520281919568742,8.43136128133641
2026-02-21 11:00:00,NH4,10,7.6,4.943131821205685,2.0540269558527227,1.564257478827956,8.322006163583413
2026-02-21 12:00:00,NH4,10,7.4,5.0539680548773385,2.053800312507211,1.6754665408029763,8.432469568951701
2026-02-21 13:00:00,NH4,10,7.2,4.8236841093829455,2.0553544681580274,1.4426260092629906,8.2047422095029
2026-02-21 14:00:00,NH4,10,6.8,4.515186964488622,2.0961987258005976,1.066940060546639,7.963433868430606
2026-02-21 15:00:00,NH4,10,6.1,4.127354918060919,2.137815265143797,0.6106488068993734,7.644061029222465
2026-02-21 16:00:00,NH4,10,5.3,4.230509754955214,2.1725365302665147,0.6566871626667976,7.804332347243632
2026-02-21 17:00:00,NH4,10,4.8,3.832136871974944,2.227867366176349,0.16729505461484973,7.496978689335038
2026-02-21 18:00:00,NH4,10,4.5,3.271174817264184,2.3297146593636593,-0.5612057973890354,7.103555431917403
2026-02-21 19:00:00,NH4,10,3.7,2.728298114615663,2.2656294613985763,-0.9986623493849951,6.455258578616321
2026-02-21 20:00:00,NH4,10,2.7,2.4260639337738867,2.256521487451332,-1.2859139130835544,6.138041780631328
2026-02-21 21:00:00,NH4,10,2.6,2.5062840566847187,2.274645610974951,-1.2355079733690761,6.2480760867385134
2026-02-21 22:00:00,NH4,10,3.4,2.514285458153777,2.296244359856372,-1.263036513809955,6.291607430117509
2026-02-21 23:00:00,NH4,10,5.0,2.3034447591407265,2.2860312871021358,-1.4570767081422868,6.06396622642374
2026-02-22 00:00:00,NH4,10,6.0,1.814676120909203,2.176492513302963,-1.7656540634741709,5.395006305292577
2026-02-22 01:00:00,NH4,10,4.8,1.9041641747305582,2.2131055468364296,-1.7363944498153683,5.544722799276485
2026-02-22 02:00:00,NH4,10,3.6,2.756117167500858,2.224566287715301,-0.9032943757908125,6.415528710792528
2026-02-22 03:00:00,NH4,10,3.4,3.350568434064903,2.242690587433371,-0.33865758226299203,7.039794450392798
2026-02-22 04:00:00,NH4,10,4.5,3.4596026936483635,2.216528018178741,-0.18658589625566568,7.105791283552392
2026-02-22 05:00:00,NH4,10,6.9,3.6529184300775106,2.217933898756064,0.004417166623785107,7.301419693531236
2026-02-22 06:00:00,NH4,10,9.6,4.365200117129382,2.1897250998522058,0.7631023278725038,7.967297906386261
2026-02-22 07:00:00,NH4,10,10.9,5.074310380450575,2.196161379269809,1.461624911551739,8.68699584934941
2026-02-22 08:00:00,NH4,10,12.6,5.148857328796843,2.222309223854476,1.4931586555562295,8.804556002037456
2026-02-22 09:00:00,NH4,10,13.7,5.25862987172897,2.2301362003381136,1.590055822172773,8.927203921285166
2026-02-22 10:00:00,NH4,10,11.7,5.38867788401654,2.234703024133861,1.7125914093163392,9.064764358716742
2026-02-22 11:00:00,NH4,10,9.7,5.671736570662095,2.229543364702732,2.0041377357261,9.339335405598089
2026-02-22 12:00:00,NH4,10,8.4,5.8428534566744155,2.1835089186479593,2.2509812854985225,9.434725627850309
2026-02-22 13:00:00,NH4,10,7.4,5.244332962869224,2.162203134755433,1.6875088061965373,8.801157119541912
2026-02-22 14:00:00,NH4,10,6.6,4.649217180562167,2.16735578536128,1.0839169136428612,8.214517447481473
2026-02-22 15:00:00,NH4,10,6.1,4.238398219253829,2.2156290371055007,0.5936884532152806,7.883107985292378
2026-02-22 16:00:00,NH4,10,5.3,3.9880169773676193,2.2384620161422233,0.30574696081366204,7.670286993921577
2026-02-22 17:00:00,NH4,10,4.8,3.3883078162515643,2.3020551213456386,-0.3985728583620114,7.17518849086514
2026-02-22 18:00:00,NH4,10,4.5,3.0749927927932914,2.3466140202141106,-0.7851872704589207,6.9351728560455035
2026-02-22 19:00:00,NH4,10,4.4,2.562053410063645,2.3909203812444777,-1.3710106170835208,6.49511743721081
2026-02-22 20:00:00,NH4,10,3.6,2.614904261777312,2.4018671972441967,-1.3361672776893916,6.565975801244015
2026-02-22 21:00:00,NH4,10,3.4,3.021407262699245,2.438141300822571,-0.9893351771538845,7.032149702552374
2026-02-22 22:00:00,NH4,10,3.3,3.031007887326062,2.435736957437039,-0.9757794076578667,7.037795182309991
2026-02-22 23:00:00,NH4,10,3.6,2.8555873933868754,2.4271910922425106,-1.1371419533520548,6.848316740125806
2026-02-23 00:00:00,NH4,10,3.6,2.911255348203872,2.4237800167007753,-1.075862779268903,6.898373475676648
2026-02-23 01:00:00,NH4,10,3.7,3.3170374018739657,2.4178740345047993,-0.660365384886429,7.29444018863436
2026-02-23 02:00:00,NH4,10,4.1,3.2746476572534786,2.4528919609324626,-0.7603596184804222,7.30965493298738
2026-02-23 03:00:00,NH4,10,4.8,3.2192903733268556,2.446830001524155,-0.8057449791803792,7.2443257258340905
2026-02-23 04:00:00,NH4,10,5.7,3.3151507848089032,2.458902223471064,-0.7297433728009972,7.360044942418804
2026-02-23 05:00:00,NH4,10,6.2,3.4827474650468035,2.462157906385786,-0.5675022909578145,7.5329972210514216
2026-02-23 06:00:00,NH4,10,6.2,3.6314216412680076,2.457176057490238,-0.4106329733034335,7.673476255839448
2026-02-23 07:00:00,NH4,10,6.3,3.891210561721388,2.457237871800232,-0.15094573738999406,7.93336686083277
2026-02-23 08:00:00,NH4,10,7.1,4.814300868562139,2.441170690826428,0.7985750821526647,8.830026654971613
2026-02-23 09:00:00,NH4,10,7.5,4.926507283735487,2.4217327604721377,0.9427568927588199,8.910257674712152
2026-02-23 10:00:00,NH4,10,7.8,4.375772836264015,2.4154965314862396,0.4022810419691507,8.34926463055888
2026-02-23 11:00:00,NH4,10,7.2,4.207110676341019,2.4275516958298575,0.21378813670090313,8.200433215981136
2026-02-23 12:00:00,NH4,10,6.1,4.346688541241737,2.419836486290061,0.36605752129458624,8.327319561188888
2026-02-23 13:00:00,NH4,10,5.0,4.289233417668849,2.399229129875028,0.34250149902442795,8.23596533631327
2026-02-23 14:00:00,NH4,10,4.0,4.214333391082038,2.38271153960985,0.2947729084238344,8.133893873740242
2026-02-23 15:00:00,NH4,10,3.5,4.302615216489087,2.3716295397334615,0.40128462362754336,8.203945809350632
2026-02-23 16:00:00,NH4,10,3.8,4.4771761006899435,2.361742287203827,0.5921100382396483,8.36224216314024
2026-02-23 17:00:00,NH4,10,3.8,4.407547898306421,2.365212757397872,0.5167729123869216,8.298322884225922
2026-02-23 18:00:00,NH4,10,3.4,4.221673401027785,2.3662895294434003,0.3291271250933918,8.114219676962179
2026-02-23 19:00:00,NH4,10,2.9,3.534050220693293,2.39407229987151,-0.40419871259534057,7.472299153981927
2026-02-23 20:00:00,NH4,10,2.7,3.068249479687809,2.424630838228384,-0.9202682491978829,7.0567672085735005
2026-02-23 21:00:00,NH4,10,2.5,2.8991844720557767,2.4209122313376215,-1.0832161484946106,6.881585092606164
2026-02-23 22:00:00,NH4,10,1.8,2.8491579138762604,2.4172280704643034,-1.1271822620375187,6.82549808979004
2026-02-23 23:00:00,NH4,10,1.6,2.9863426793449053,2.4259928784720395,-1.0044156057415998,6.97710096443141
2026-02-24 00:00:00,NH4,10,1.9,3.040764555994059,2.410208958034827,-0.9240291799732314,7.00555829196135
2026-02-24 01:00:00,NH4,10,2.8,3.0237368199980974,2.4110100893208575,-0.942374776934713,6.989848416930908
2026-02-24 02:00:00,NH4,10,3.9,3.014128255164128,2.394183055202582,-0.9243028706441194,6.952559380972375
2026-02-24 03:00:00,NH4,10,3.9,3.030643800828379,2.3786873240200896,-0.8822968471846684,6.943584448841427
2026-02-24 04:00:00,NH4,10,4.6,3.268683933261682,2.4200778028256575,-0.7123440523865248,7.249711918909888
2026-02-24 05:00:00,NH4,10,5.9,3.217601318871572,2.4300122159469812,-0.7797687763612124,7.214971414104356
2026-02-24 06:00:00,NH4,10,6.2,3.48212352998848,2.3742526383358395,-0.4235220600739762,7.387769120050936
2026-02-24 07:00:00,NH4,10,6.4,3.9581271823798305,2.3123469877234957,0.15431638757468003,7.7619379771849815
2026-02-24 08:00:00,NH4,10,6.0,4.293576596955089,2.2809818965569035,0.5413613771189825,8.045791816791194
2026-02-24 09:00:00,NH4,10,5.5,4.40012875355335,2.266142659296315,0.6723240790109113,8.127933428095789
2026-02-24 10:00:00,NH4,10,4.8,4.5524514117412895,2.257552804176303,0.8387770488712714,8.266125774611307
2026-02-24 11:00:00,NH4,10,4.2,4.191827729663409,2.225603042858248,0.5307107241615907,7.852944735165227
2026-02-24 12:00:00,NH4,10,4.1,3.855015519810741,2.259032624147274,0.1389068530884754,7.571124186533007
2026-02-24 13:00:00,NH4,10,4.8,3.812582177836928,2.234084375772087,0.1375133796918453,7.487650975982011
2026-02-24 14:00:00,NH4,10,4.9,3.8086940790365604,2.2353209412941704,0.13159113060765026,7.485797027465471
2026-02-24 15:00:00,NH4,10,4.5,3.958049117245604,2.254598671911332,0.24923430195146246,7.666863932539745
2026-02-24 16:00:00,NH4,10,4.0,4.1935013724269865,2.233626744499045,0.5191853777260573,7.867817367127916
2026-02-24 17:00:00,NH4,10,3.6,3.8359354502214105,2.2548772839201567,0.12666231817275264,7.545208582270068
2026-02-24 18:00:00,NH4,10,3.6,3.2359327790584738,2.264954993500536,-0.48991818524990816,6.961783743366856
2026-02-24 19:00:00,NH4,10,3.7,2.4907138208690314,2.285759952971487,-1.2693613017690653,6.250788943507128
2026-02-24 20:00:00,NH4,10,3.6,2.7313726042921047,2.3031411408793394,-1.0572945724544085,6.5200397810386175
2026-02-24 21:00:00,NH4,10,3.1,2.7963142192097465,2.267601479130847,-0.9338902139604968,6.526518652379989
2026-02-24 22:00:00,NH4,10,1.3,2.793804523138986,2.2202573208704917,-0.8585187696929726,6.446127815970945
2026-02-24 23:00:00,NH4,10,1.1,2.91656652149156,2.378150782674147,-0.9954915160074118,6.828624558990532
2026-02-25 00:00:00,NH4,10,1.4,2.9420821961424175,2.363974944059439,-0.9466565868353594,6.830820979120194
2026-02-25 01:00:00,NH4,10,2.2,3.0475002050257967,2.350285936891007,-0.8187201611599098,6.913720571211503
2026-02-25 02:00:00,NH4,10,3.4,3.583741461532128,2.378544573714766,-0.3289643622286622,7.496447285292918
2026-02-25 03:00:00,NH4,10,4.4,3.5781419696983288,2.4228807764202807,-0.4074969075130328,7.56378084690969
2026-02-25 04:00:00,NH4,10,5.0,4.0753850147962885,2.360422298491596,0.19249033377761293,7.958279695814964
2026-02-25 05:00:00,NH4,10,6.4,5.231858150633196,2.204296291221019,1.6057907515746193,8.857925549691771
2026-02-25 06:00:00,NH4,10,6.5,6.097970435211636,2.0644555717641864,2.7019410196595492,9.493999850763721
2026-02-25 07:00:00,NH4,10,6.3,6.612672622581215,2.0120844223547074,3.3027937478077214,9.922551497354709
2026-02-25 08:00:00,NH4,10,6.4,6.81010336548586,2.001913679677154,3.516955362416941,10.10325136855478
2026-02-25 09:00:00,NH4,10,6.5,5.729799530260641,2.110588141989171,2.2578820366884544,9.201717023832828
2026-02-25 10:00:00,NH4,10,6.3,6.172708421515001,1.9940924768404507,2.8924262971124595,9.452990545917542
2026-02-25 11:00:00,NH4,10,5.7,6.21669057465509,1.934671922281969,3.0341552625012502,9.399225886808928
2026-02-25 12:00:00,NH4,10,5.7,6.584832605077304,1.9110979857835624,3.441076418463344,9.728588791691264
2026-02-25 13:00:00,NH4,10,5.8,7.058595806357875,1.8723051092178788,3.9786539016944644,10.138537711021286
2026-02-25 14:00:00,NH4,10,5.7,6.814939770387026,1.8937213591554334,3.6997681345763382,9.930111406197714
2026-02-25 15:00:00,NH4,10,5.5,6.513936947327074,1.905497851141285,3.37939298219966,9.648480912454488
2026-02-25 16:00:00,NH4,10,5.0,6.3628841844720885,1.8564782870157737,3.308977402331141,9.416790966613036
2026-02-25 17:00:00,NH4,10,4.5,6.325988934093659,1.8924154256997812,3.212965558817519,9.439012309369799
2026-02-25 18:00:00,NH4,10,3.6,5.326950747080986,2.0598789485217734,1.9384498767626681,8.715451617399303
2026-02-25 19:00:00,NH4,10,2.2,4.979582639159662,1.9518777339308642,1.7687437668433903,8.190421511475932
2026-02-25 20:00:00,NH4,10,1.4,4.51943241633794,2.0045642969973643,1.2219241477772758,7.816940684898604
2026-02-25 21:00:00,NH4,10,1.3,3.334741253741746,2.033618169543032,-0.010560635156541931,6.680043142640034
2026-02-25 22:00:00,NH4,10,1.1,2.878407481685038,2.0827740072572745,-0.5477557602531786,6.304570723623254
2026-02-25 23:00:00,NH4,10,1.2,3.0015721933889714,2.24720362161723,-0.6950777641713719,6.698222150949315
2026-02-26 00:00:00,NH4,10,1.5,2.8137156840039914,2.2347099933169883,-0.8623822550024545,6.489813623010438
2026-02-26 01:00:00,NH4,10,2.5,2.716030955137875,2.1964829402948074,-0.8971834816470832,6.329245391922833
2026-02-26 02:00:00,NH4,10,2.9,3.424315913406705,2.266616011996419,-0.30426742632740433,7.152899253140815
2026-02-26 03:00:00,NH4,10,2.9,4.346177944176196,2.2036073880489977,0.7212437908355946,7.971112097516797
2026-02-26 04:00:00,NH4,10,4.2,6.365703264829461,1.9091469779268258,3.225156486139833,9.50625004351909
2026-02-26 05:00:00,NH4,10,5.1,8.554683948070528,1.8931631179079618,5.440430619111931,11.668937277029125
2026-02-26 06:00:00,NH4,10,5.7,10.273902537644174,1.773905590830381,7.355827840728198,13.19197723456015
2026-02-26 07:00:00,NH4,10,5.5,11.189836074124704,1.723273455503665,8.355051239821176,14.024620908428233
2026-02-26 08:00:00,NH4,10,5.6,10.19931622012086,1.5455129520218864,7.656947414044857,12.741685026196862
2026-02-26 09:00:00,NH4,10,5.4,9.135966825179247,1.4112246101763497,6.814502341439152,11.457431308919343
2026-02-26 10:00:00,NH4,10,5.0,8.764843076015852,1.3603572565633577,6.527055388969129,11.002630763062577
2026-02-26 11:00:00,NH4,10,4.5,8.713233618152953,1.4736295702198035,6.289112975141377,11.13735426116453
2026-02-26 12:00:00,NH4,10,4.4,8.867779474691242,1.6109822553114945,6.217713664703833,11.51784528467865
2026-02-26 13:00:00,NH4,10,5.0,8.510532083382722,1.7447029793688318,5.640495682320994,11.380568484444451
2026-02-26 14:00:00,NH4,10,5.0,7.952968453691051,1.8477350097579877,4.9134443626391615,10.992492544742941
2026-02-26 15:00:00,NH4,10,4.2,6.600029767775489,1.986349127682052,3.332485452738513,9.867574082812464
2026-02-26 16:00:00,NH4,10,3.9,5.869555615095859,1.9954761126576224,2.58699740977407,9.152113820417647
2026-02-26 17:00:00,NH4,10,4.1,5.360407971986168,2.011360611515375,2.0517197660433766,8.66909617792896
2026-02-26 18:00:00,NH4,10,3.5,6.084610133301942,1.8973099642830844,2.9635352420562677,9.205685024547616
2026-02-26 19:00:00,NH4,10,1.8,5.5124913404088165,1.9292531490312435,2.338869910252421,8.686112770565213
2026-02-26 20:00:00,NH4,10,1.2,4.350417015122789,2.009103480034281,1.0454417904663975,7.655392239779181
2026-02-26 21:00:00,NH4,10,1.1,3.3242223653864293,2.0929436216621213,-0.11866989224776026,6.767114623020619
2026-02-26 22:00:00,NH4,10,0.9,3.204494120909136,2.1977313087111963,-0.410773881920782,6.8197621237390535
2026-02-26 23:00:00,NH4,10,1.0,2.932603744786052,2.2897736713728514,-0.8340739446222889,6.6992814341943925
2026-02-27 00:00:00,NH4,10,1.4,2.9170578740914044,2.252568099275475,-0.7884166492167521,6.622532397399561
2026-02-27 01:00:00,NH4,10,2.2,2.6640032111566594,2.3136072530236125,-1.1418807200671832,6.469887142380502
2026-02-27 02:00:00,NH4,10,3.9,2.857879245467349,2.3277174686515694,-0.9712159904644824,6.686974481399181
2026-02-27 03:00:00,NH4,10,4.6,3.275734177761514,2.317670215910785,-0.5368333274117272,7.088301682934755
2026-02-27 04:00:00,NH4,10,4.9,4.6974511491648645,2.2143050955299084,1.0549192670181653,8.339983031311563
2026-02-27 05:00:00,NH4,10,5.5,5.70804789697492,2.2287440433761314,2.0417639456211836,9.374331848328655
2026-02-27 06:00:00,NH4,10,6.6,7.111370324580033,2.2013701281150118,3.4901164638308386,10.732624185329227
2026-02-27 07:00:00,NH4,10,7.4,8.135206315182423,2.152408097496967,4.594494994799913,11.675917635564932
2026-02-27 08:00:00,NH4,10,7.4,8.286569276854232,2.0785932460066,4.867283387173375,11.70585516653509
2026-02-27 09:00:00,NH4,10,7.3,6.9779434822175235,2.1169580586806753,3.4955474756878124,10.460339488747234
2026-02-27 10:00:00,NH4,10,7.0,7.0048334673026815,2.0832285837203215,3.5779224470827526,10.43174448752261
2026-02-27 11:00:00,NH4,10,6.8,6.476872489458035,2.16316085704214,2.918472879623715,10.035272099292355
2026-02-27 12:00:00,NH4,10,6.7,6.737615737420147,2.1441241957868233,3.2105314353508225,10.264700039489473
2026-02-27 13:00:00,NH4,10,6.4,6.38379564041973,2.18174430686344,2.7948262556293706,9.972765025210089
2026-02-27 14:00:00,NH4,10,5.9,6.67838301522386,2.1564530221499587,3.1310177937871777,10.225748236660541
2026-02-27 15:00:00,NH4,10,5.4,6.027098580347593,2.2045175912362787,2.4006671427639144,9.65353001793127
2026-02-27 16:00:00,NH4,10,4.9,6.511628692982883,2.125989962074168,3.014375205370876,10.008882180594888
2026-02-27 17:00:00,NH4,10,4.6,6.507599938837483,2.099560270946964,3.0538232931297276,9.961376584545238
2026-02-27 18:00:00,NH4,10,3.9,5.9593398110267835,2.0375030217011774,2.6076473403283464,9.31103228172522
2026-02-27 19:00:00,NH4,10,2.7,5.055029981897551,2.087885709002677,1.6204579905881475,8.489601973206955
2026-02-27 20:00:00,NH4,10,2.0,3.9447586678282764,2.1724087209694867,0.37114632183347096,7.5183710138230815
2026-02-27 21:00:00,NH4,10,1.8,2.685863418841551,2.2158494010497094,-0.9592088458852208,6.330935683568323
2026-02-27 22:00:00,NH4,10,1.4,2.7123411404898907,2.2854404372357524,-1.0472083787629218,6.471890659742703
2026-02-27 23:00:00,NH4,10,1.3,3.00387475517157,2.360154429799299,-0.8785792818482769,6.886328792191417
2026-02-28 00:00:00,NH4,10,1.4,2.818717504604499,2.392313755741611,-1.1166386235904513,6.754073632799449
2026-02-28 01:00:00,NH4,10,1.8,2.803147664155873,2.375881554099558,-1.1051774923378996,6.711472820649646
2026-02-28 02:00:00,NH4,10,2.5,3.111811668946131,2.379298127300085,-0.802133750462509,7.025757088354771
2026-02-28 03:00:00,NH4,10,4.0,3.751676877594087,2.3720847911927776,-0.15040260391803217,7.653756359106206
2026-02-28 04:00:00,NH4,10,5.8,5.271926632356941,2.314226769777188,1.4650235960734665,9.078829668640415
2026-02-28 05:00:00,NH4,10,6.6,7.037168777422833,2.2577760516656937,3.3231271724327667,10.7512103824129
2026-02-28 06:00:00,NH4,10,7.0,8.32711914658488,2.24403041296749,4.63568911725336,12.018549175916402
2026-02-28 07:00:00,NH4,10,7.4,8.797009978941906,2.2388093020200546,5.114168677118917,12.479851280764896
2026-02-28 08:00:00,NH4,10,7.7,8.688804256216144,2.2114434360565065,5.050979803903191,12.326628708529098
2026-02-28 09:00:00,NH4,10,7.6,8.756925561791741,2.156679866975745,5.20918718061664,12.304663942966842
2026-02-28 10:00:00,NH4,10,7.2,8.611754415094737,2.1402022379840346,5.091121733611,12.132387096578473
2026-02-28 11:00:00,NH4,10,6.7,8.133205855833918,2.1863701657392,4.5366269331929345,11.729784778474901
2026-02-28 12:00:00,NH4,10,6.4,8.066734601970596,2.161207612632651,4.511548079189886,11.621921124751307
2026-02-28 13:00:00,NH4,10,6.1,7.85681229680918,2.1050983015592157,4.39392559074427,11.319699002874088
2026-02-28 14:00:00,NH4,10,5.5,7.418727921912028,2.1453063435525888,3.8896989867680194,10.947756857056037
2026-02-28 15:00:00,NH4,10,4.7,6.568106944820489,2.2286299664666265,2.902010649982888,10.23420323965809
2026-02-28 16:00:00,NH4,10,4.1,6.849140532887658,2.226277761551178,3.18691361513597,10.511367450639346
2026-02-28 17:00:00,NH4,10,3.8,6.626484812076479,2.2966444414998337,2.848504705809253,10.404464918343706
2026-02-28 18:00:00,NH4,10,3.7,6.33129936662297,2.243638450949759,2.640514114810616,10.022084618435324
2026-02-28 19:00:00,NH4,10,3.6,5.298159658653182,2.277638150726615,1.5514449007079003,9.044874416598464
2026-02-28 20:00:00,NH4,10,3.4,4.545460824660919,2.3268781479388534,0.7177462713015057,8.373175378020333
2026-02-28 21:00:00,NH4,10,3.3,3.8549519597122455,2.3532600706112397,-0.01616085644324361,7.7260647758677345
2026-02-28 22:00:00,NH4,10,2.6,3.0850785414818995,2.3751653183219763,-0.8220684071577518,6.992225490121551
2026-02-28 23:00:00,NH4,10,2.1,2.90325060810086,2.3933605384321175,-1.033827477619973,6.840328693821693
2026-03-01 00:00:00,NH4,10,1.9,2.875561998077284,2.3893400023436473,-1.0549023057780156,6.806026301932584
2026-03-01 01:00:00,NH4,10,2.0,2.8350093077954956,2.3899660891047625,-1.096484908781839,6.76650352437283
2026-03-01 02:00:00,NH4,10,2.6,2.969237519247207,2.402827579962126,-0.9834138497904905,6.921888888284904
2026-03-01 03:00:00,NH4,10,3.9,3.5677847507714713,2.39974580592972,-0.37979709998291833,7.5153666015258604
2026-03-01 04:00:00,NH4,10,6.0,4.620070593457854,2.3463615581685784,0.7603058302705423,8.479835356645165
2026-03-01 05:00:00,NH4,10,7.3,5.851581245413285,2.305286730568768,2.0593845736276615,9.643777917198907
2026-03-01 06:00:00,NH4,10,8.0,7.118330665827468,2.2894428056039486,3.3521972506089726,10.884464081045964
2026-03-01 07:00:00,NH4,10,8.7,7.799384671848744,2.262813334844311,4.077056736029852,11.521712607667634
2026-03-01 08:00:00,NH4,10,9.2,8.101498667678639,2.1900154100297993,4.498923318179619,11.704074017177659
2026-03-01 09:00:00,NH4,10,9.2,7.710652456250939,2.137796873296588,4.193976599678051,11.227328312823825
2026-03-01 10:00:00,NH4,10,8.8,7.3845452425874445,2.1267726776981433,3.886004187773999,10.88308629740089
2026-03-01 11:00:00,NH4,10,8.3,6.827006708303602,2.1758745853979815,3.2476930153239225,10.406320401283281
2026-03-01 12:00:00,NH4,10,8.2,6.39397691122062,2.122360496949722,2.9026938937383275,9.885259928702913
2026-03-01 13:00:00,NH4,10,8.1,5.692684521289424,2.1071993537294813,2.226341584404427,9.159027458174421
2026-03-01 14:00:00,NH4,10,7.8,5.3710707870325525,2.1278623351224595,1.8707372457561067,8.871404328308998
2026-03-01 15:00:00,NH4,10,7.2,5.616529359827086,2.125452738438077,2.1201596050964495,9.112899114557724
2026-03-01 16:00:00,NH4,10,6.5,5.689617602917267,2.130038539324849,2.1857042057278906,9.193531000106644
2026-03-01 17:00:00,NH4,10,6.0,5.142421009840005,2.2169938363315898,1.4954661490745398,8.78937587060547
2026-03-01 18:00:00,NH4,10,5.1,4.942038425268606,2.229503090380371,1.2745058415928958,8.609571008944316
2026-03-01 19:00:00,NH4,10,3.8,4.046995890589437,2.291889888761459,0.2768370235768369,7.817154757602037
2026-03-01 20:00:00,NH4,10,2.2,3.4707675584638373,2.3456216881871526,-0.3877801186040286,7.329315235531704
2026-03-01 21:00:00,NH4,10,1.9,3.1713332368295575,2.340632890426641,-0.6790078679222673,7.021674341581383
2026-03-01 22:00:00,NH4,10,1.6,3.090209167626043,2.322724655671194,-0.7306728909530706,6.911091226205157
2026-03-01 23:00:00,NH4,10,1.4,2.699660375655247,2.331960039830577,-1.136413889866052,6.535734641176546
2026-03-02 00:00:00,NH4,10,1.9,2.608895512689367,2.3311358391100323,-1.2258229426466363,6.44361396802537
2026-03-02 01:00:00,NH4,10,3.0,2.8177387986818645,2.3473827197718697,-1.0437057753428611,6.67918337270659
2026-03-02 02:00:00,NH4,10,4.9,3.2454891308034766,2.3957903364253355,-0.6955859726162004,7.1865642342231535
2026-03-02 03:00:00,NH4,10,6.7,3.526827100939984,2.39584011360677,-0.41432988594315256,7.467984087823121
2026-03-02 04:00:00,NH4,10,7.2,3.609469038211245,2.401945943486619,-0.3417320388242433,7.560670115246733
2026-03-02 05:00:00,NH4,10,7.6,3.731132871303754,2.419956331456789,-0.249695293942664,7.711961036550172
2026-03-02 06:00:00,NH4,10,7.9,5.137212214021417,2.364848154797081,1.2470369993802186,9.027387428662616
2026-03-02 07:00:00,NH4,10,7.7,7.192097869339512,2.2858238195540936,3.4319176861730276,10.952278052505996
2026-03-02 08:00:00,NH4,10,7.3,8.898007798780714,2.178018847953073,5.315166793897909,12.48084880366352
2026-03-02 09:00:00,NH4,10,6.9,9.747676849652867,2.057272795374748,6.363463101261407,13.131890598044329
2026-03-02 10:00:00,NH4,10,6.6,9.73972713279814,1.986814439451526,6.47141737990038,13.008036885695901
2026-03-02 11:00:00,NH4,10,6.3,9.090046686812512,2.00479510241343,5.792158743342419,12.387934630282604
2026-03-02 12:00:00,NH4,10,5.8,8.826773091401563,1.9890230455415931,5.554830181485642,12.098716001317484
2026-03-02 13:00:00,NH4,10,5.6,8.257768784977399,1.9861977048162396,4.990473560554685,11.525064009400113
2026-03-02 14:00:00,NH4,10,5.4,7.473787491119406,1.980548446792448,4.21578529614583,10.731789686092982
2026-03-02 15:00:00,NH4,10,4.8,6.053159261731037,1.9391321724154686,2.863286838107591,9.243031685354483
2026-03-02 16:00:00,NH4,10,4.2,4.467248590368663,1.9366242640669666,1.281501675978503,7.652995504758823
2026-03-02 17:00:00,NH4,10,3.7,3.8740768687744427,1.8647137079423255,0.8066228192093172,6.941530918339568
2026-03-02 18:00:00,NH4,10,3.4,3.3692565073969365,1.896596849145615,0.24935469055239956,6.489158324241473
2026-03-02 19:00:00,NH4,10,2.8,2.416540008417743,2.0427883380541476,-0.94384680768133,5.776926824516815
2026-03-02 20:00:00,NH4,10,2.2,1.9967688905926146,2.155801330983391,-1.5495242988750642,5.543062080060293
2026-03-02 21:00:00,NH4,10,1.9,1.9785890788989928,2.2129323714618994,-1.6616846721558318,5.618862829953818
2026-03-02 22:00:00,NH4,10,1.1,1.9738951336281947,2.2381145417156247,-1.7078032874940081,5.655593554750397
2026-03-02 23:00:00,NH4,10,1.1,2.227314734366077,2.2704610922771438,-1.5075937624298246,5.962223231161978
2026-03-03 00:00:00,NH4,10,1.7,2.4805266979581466,2.348572110535002,-1.3828744238719315,6.343927819788225
2026-03-03 01:00:00,NH4,10,2.8,2.7503149567175655,2.3705374809260267,-1.1492191994057483,6.649849112840879
2026-03-03 02:00:00,NH4,10,4.2,3.290778449370922,2.3767765228546933,-0.6190189307250487,7.200575829466892
2026-03-03 03:00:00,NH4,10,4.7,3.8021110523210373,2.336882241303728,-0.04206023462359498,7.646282339265669
2026-03-03 04:00:00,NH4,10,5.9,4.210736202805307,2.246414975302583,0.5153835684325578,7.906088837178055
2026-03-03 05:00:00,NH4,10,6.8,4.966436920734283,2.210262575280093,1.33055498439853,8.602318857070037
2026-03-03 06:00:00,NH4,10,7.3,5.484449233461138,2.1375895349089995,1.9681144485358337,9.000784018386442
2026-03-03 07:00:00,NH4,10,7.5,5.909991906844596,2.031931324730301,2.5674648776632503,9.252518936025941
2026-03-03 08:00:00,NH4,10,7.5,5.960600211186854,1.9507946883934346,2.751542948779654,9.169657473594054
2026-03-03 09:00:00,NH4,10,7.4,5.617234201851011,1.8953337680991313,2.4994101533279403,8.735058250374083
2026-03-03 10:00:00,NH4,10,6.8,5.464523814915819,1.9299315787881306,2.289786367809344,8.639261262022295
2026-03-03 11:00:00,NH4,10,6.2,5.52044558649459,1.927418104146275,2.3498428051739677,8.691048367815213
2026-03-03 12:00:00,NH4,10,5.9,5.137159047583307,1.9340542201873356,1.9556398553751393,8.318678239791474
2026-03-03 13:00:00,NH4,10,5.6,4.930325206626685,1.9121575209789254,1.7848260846163528,8.075824328637019
2026-03-03 14:00:00,NH4,10,5.5,5.17680804039031,1.922615245471708,2.01410596158935,8.33951011919127
2026-03-03 15:00:00,NH4,10,5.2,5.41979013061908,1.953745872652797,2.205878170105229,8.633702091132932
2026-03-03 16:00:00,NH4,10,4.5,5.264760672247131,1.9468981110247858,2.062113279611358,8.467408064882903
2026-03-03 17:00:00,NH4,10,3.6,4.139547943070066,1.9478435195506663,0.93534535340922,7.343750532730912
2026-03-03 18:00:00,NH4,10,3.0,3.4939425090666467,1.9254294448018856,0.32661107236754505,6.661273945765748
2026-03-03 19:00:00,NH4,10,2.5,2.9280474813881763,2.001226500415087,-0.3639701117946421,6.220065074570995
2026-03-03 20:00:00,NH4,10,2.0,2.9183204344173777,2.1514323197591314,-0.6207857315863934,6.457426600421149
2026-03-03 21:00:00,NH4,10,1.6,2.4573747313925316,2.2580871364792965,-1.257178608115911,6.171928070900974
2026-03-03 22:00:00,NH4,10,0.9,2.3766071593142666,2.2910155618963612,-1.3921134400052475,6.145327758633781
2026-03-03 23:00:00,NH4,10,0.9,2.5962457412958493,2.3781049032168604,-1.315736824495886,6.508228307087585
2026-03-04 00:00:00,NH4,10,1.3,2.6624954263854543,2.3872818702208507,-1.2645832501278451,6.589574102898753
2026-03-04 01:00:00,NH4,10,2.6,2.873848557382517,2.394144808362134,-1.064519652373193,6.812216767138228
2026-03-04 02:00:00,NH4,10,3.2,3.3042280395305896,2.3860471708369513,-0.6208195564961954,7.229275635557375
2026-03-04 03:00:00,NH4,10,3.6,3.841067323954862,2.3375702630152,-0.0042357587051427,7.686370406614866
2026-03-04 04:00:00,NH4,10,5.4,4.794263267711784,2.2700154523912586,1.060087848528164,8.528438686895404
2026-03-04 05:00:00,NH4,10,6.6,6.313664354013342,2.1706146438271143,2.743003264917739,9.884325443108946
2026-03-04 06:00:00,NH4,10,7.6,7.399162301707829,2.145859012402423,3.8692242263058434,10.929100377109815
2026-03-04 07:00:00,NH4,10,8.4,7.97991434687899,2.086865944654733,4.5470198679219545,11.412808825836027
2026-03-04 08:00:00,NH4,10,7.7,8.180386362195673,1.9370948057828539,4.993865406682879,11.366907317708467
2026-03-04 09:00:00,NH4,10,7.3,7.663810166645046,1.8138224975135075,4.680072158235326,10.647548175054766
2026-03-04 10:00:00,NH4,10,7.1,6.85564597678596,1.7686386629291408,3.946235376267523,9.765056577304396
2026-03-04 11:00:00,NH4,10,6.9,6.7877187456203165,1.7526352957235114,3.90463368415514,9.670803807085493
2026-03-04 12:00:00,NH4,10,6.7,6.625330770871636,1.7874322149552935,3.685004777270178,9.565656764473093
2026-03-04 13:00:00,NH4,10,6.7,6.430811278492911,1.7492945767792243,3.5532216996910866,9.308400857294735
2026-03-04 14:00:00,NH4,10,6.5,6.114129580071987,1.693818493748762,3.3277981578552738,8.9004610022887
2026-03-04 15:00:00,NH4,10,6.5,5.986092568545121,1.7383334533887629,3.1265340377206066,8.845651099369636
2026-03-04 16:00:00,NH4,10,6.0,5.532023331589436,1.7259023642898734,2.6929139423325936,8.371132720846278
2026-03-04 17:00:00,NH4,10,5.3,4.44057889331559,1.687259109554567,1.6650376580983273,7.216120128532852
2026-03-04 18:00:00,NH4,10,4.6,3.931936015364849,1.6647188613131814,1.1934734885046656,6.670398542225032
2026-03-04 19:00:00,NH4,10,3.2,3.513844903016949,1.7468721893109884,0.6402401516003731,6.387449654433524
2026-03-04 20:00:00,NH4,10,2.1,3.6424305013784206,1.9500669695350747,0.4345703364932225,6.850290666263619
2026-03-04 21:00:00,NH4,10,1.8,2.500112645445644,2.0944898794856033,-0.9453232063081733,5.945548497199462
2026-03-04 22:00:00,NH4,10,1.1,2.622118307776404,2.2435038722673912,-1.0684455621034545,6.312682177656262
2026-03-04 23:00:00,NH4,10,1.2,2.640756333425614,2.306110840556468,-1.1527959992897756,6.434308666141003
2026-03-05 00:00:00,NH4,10,1.9,2.5028468765459975,2.260663702956502,-1.2159449148174484,6.221638667909444
2026-03-05 01:00:00,NH4,10,2.6,2.623373161902858,2.2180789472415405,-1.0253667063094762,6.272113030115193
2026-03-05 02:00:00,NH4,10,2.4,3.0404635244121074,2.2916160682605855,-0.7292449078765557,6.810171956700771
2026-03-05 03:00:00,NH4,10,3.9,3.8203330598693155,2.3060254572347794,0.02692118271810351,7.6137449370205275
2026-03-05 04:00:00,NH4,10,5.3,4.7542701497086925,2.197692183048295,1.1390665085942469,8.369473790823138
2026-03-05 05:00:00,NH4,10,5.4,6.34428732157704,2.1325051461997857,2.8363163560783926,9.852258287075689
2026-03-05 06:00:00,NH4,10,6.0,8.018350657852931,2.0873939130235817,4.584587670929139,11.452113644776723
2026-03-05 07:00:00,NH4,10,6.9,8.699208145500231,2.047461706461,5.331133638371886,12.067282652628576
2026-03-05 08:00:00,NH4,10,7.6,9.018438903824027,1.9035947581676622,5.887025526638222,12.149852281009832
2026-03-05 09:00:00,NH4,10,7.1,8.353724518643057,1.8041805345185655,5.385847539360016,11.321601497926098
2026-03-05 10:00:00,NH4,10,6.7,8.282896069985433,1.7587082731376524,5.389820960673996,11.175971179296871
2026-03-05 11:00:00,NH4,10,6.6,7.5651394599566455,1.7470120041622945,4.6913047131096715,10.43897420680362
2026-03-05 12:00:00,NH4,10,6.8,8.140242065211305,1.6408909445513085,5.440976461424404,10.839507668998207
2026-03-05 13:00:00,NH4,10,6.9,8.05021108208826,1.587347727066339,5.439024071064133,10.661398093112389
2026-03-05 14:00:00,NH4,10,7.1,7.815521418149233,1.5396103850086795,5.2828623348099555,10.34818050148851
2026-03-05 15:00:00,NH4,10,6.5,6.745132484546582,1.6653017819717366,4.0057110532030755,9.48455391589009
2026-03-05 16:00:00,NH4,10,6.0,5.706838412199314,1.6087869713643546,3.0603838443049507,8.353292980093677
2026-03-05 17:00:00,NH4,10,5.5,4.3341260933373755,1.4355975854103824,1.9725680653372963,6.695684121337455
2026-03-05 18:00:00,NH4,10,4.6,4.197203174209364,1.4662893272917426,1.7851572308144479,6.60924911760428
2026-03-05 19:00:00,NH4,10,3.3,3.434757279390224,1.6032613918312542,0.797392289827811,6.072122268952637
2026-03-05 20:00:00,NH4,10,2.4,3.2230776012171365,1.9003209321615098,0.09704966781145297,6.3491055346228205
2026-03-05 21:00:00,NH4,10,2.2,2.7072972798855925,2.065810171100216,-0.6909604515742629,6.105555011345448
2026-03-05 22:00:00,NH4,10,1.7,2.8933427214691085,2.285018580740786,-0.8655128438494848,6.652198286787701
2026-03-05 23:00:00,NH4,10,1.8,2.3182035113732886,2.2509487589201576,-1.3846071970503706,6.021014219796948
2026-03-06 00:00:00,NH4,10,2.2,2.3105739317172675,2.298513001031836,-1.470479954980103,6.091627818414638
2026-03-06 01:00:00,NH4,10,2.5,2.4940958786659086,2.312365089401333,-1.309744693399284,6.297936450731101
2026-03-06 02:00:00,NH4,10,2.1,2.6392473788792135,2.2865875410454817,-1.1221891261406038,6.400683883899031
2026-03-06 03:00:00,NH4,10,3.6,3.563588023700305,2.2933224848684173,-0.20892746390824124,7.336103511308851
2026-03-06 04:00:00,NH4,10,5.3,4.791595219185925,2.1626514786357656,1.2340335368300903,8.34915690154176
2026-03-06 05:00:00,NH4,10,5.5,5.397609732450039,2.103184940968166,1.9378705045574058,8.857348960342673
2026-03-06 06:00:00,NH4,10,5.8,7.073477861370835,2.0572112194429386,3.6893654053872007,10.45759031735447
2026-03-06 07:00:00,NH4,10,5.5,7.861082758190086,2.014141033888638,4.547820757443277,11.174344758936897
2026-03-06 08:00:00,NH4,10,5.1,7.842646327780548,1.9298031805265952,4.668120095814299,11.017172559746797
2026-03-06 09:00:00,NH4,10,5.0,8.001829325202317,1.8090988055766575,5.025861790028715,10.97779686037592
2026-03-06 10:00:00,NH4,10,5.0,7.4973052640919775,1.8436429989082137,4.464512530887966,10.53009799729599
2026-03-06 11:00:00,NH4,10,4.9,8.457569627935092,1.8680971654337368,5.384549790796594,11.53058946507359
2026-03-06 12:00:00,NH4,10,4.8,8.297037532308536,1.798138174906251,5.339100234587754,11.254974830029319
2026-03-06 13:00:00,NH4,10,4.7,8.194074340129857,1.6609245096440743,5.461853521765355,10.926295158494359
2026-03-06 14:00:00,NH4,10,4.3,7.819342808804436,1.6340186442173459,5.131382139066901,10.50730347854197
2026-03-06 15:00:00,NH4,10,3.6,6.614382427800672,1.726769327751558,3.7738468836493593,9.454917971951986
2026-03-06 16:00:00,NH4,10,3.7,4.974277500654123,1.711040133602777,2.1596164808775553,7.788938520430691
2026-03-06 17:00:00,NH4,10,4.0,3.802605504046054,1.5675666569092812,1.2239583534302865,6.381252654661822
2026-03-06 18:00:00,NH4,10,3.0,3.55705299390463,1.547568008826404,1.011303619385195,6.102802368424065
2026-03-06 19:00:00,NH4,10,2.6,3.5411120991247245,1.7870271179660842,0.6014524900705158,6.480771708178933
2026-03-06 20:00:00,NH4,10,2.2,3.4961549888115724,2.0790272256932565,0.07615520254616559,6.916154775076979
2026-03-06 21:00:00,NH4,10,2.0,3.278173373691787,2.2363018854403514,-0.4005432278575909,6.956889975241165
2026-03-06 22:00:00,NH4,10,1.4,3.084480623612608,2.370036796197268,-0.814229906131898,6.983191153357113
2026-03-06 23:00:00,NH4,10,1.1,2.886315179358125,2.3531198424758317,-0.9845669615146182,6.757197320230868
2026-03-07 00:00:00,NH4,10,1.1,2.8087789200773026,2.3626046589127556,-1.0777057438341804,6.695263583988785
2026-03-07 01:00:00,NH4,10,1.5,2.8939871832071344,2.3938030482770682,-1.0438188312086427,6.831793197622911
2026-03-07 02:00:00,NH4,10,2.4,2.8693390839865276,2.3942616250018034,-1.069221289141439,6.807899457114495
2026-03-07 03:00:00,NH4,10,4.0,3.2739954102733284,2.3790606261832585,-0.6395593197981317,7.187550140344788
2026-03-07 04:00:00,NH4,10,5.8,4.1264687094018875,2.2784542542173956,0.37841146121427194,7.874525957589503
2026-03-07 05:00:00,NH4,10,7.2,5.231671599361277,2.231995326414085,1.5600392874101066,8.903303911312447
2026-03-07 06:00:00,NH4,10,8.0,6.324370816115829,2.17008303011942,2.7545842315693836,9.894157400662275
2026-03-07 07:00:00,NH4,10,8.6,6.526358499782522,2.0967410541942697,3.0772194656329486,9.975497533932096
2026-03-07 08:00:00,NH4,10,8.7,6.234032465779008,2.022549078738434,2.906939231254284,9.561125700303732
2026-03-07 09:00:00,NH4,10,8.5,5.8547587728949235,1.9856126056026324,2.588426036678593,9.121091509111254
2026-03-07 10:00:00,NH4,10,8.0,5.16721697657324,1.9675998914097788,1.9305151552041537,8.403918797942326
2026-03-07 11:00:00,NH4,10,7.3,4.974780331330973,1.889927066140981,1.8658503075290596,8.083710355132887
2026-03-07 12:00:00,NH4,10,6.7,4.7629576640478115,1.8586569549965526,1.7054669730784826,7.82044835501714
2026-03-07 13:00:00,NH4,10,6.3,4.824265509760028,1.84345273975254,1.7917857528671002,7.856745266652957
2026-03-07 14:00:00,NH4,10,5.9,4.944242310329259,1.7514584606543266,2.063093142552892,7.825391478105626
2026-03-07 15:00:00,NH4,10,5.1,4.945318817435232,1.6051846870843596,2.3047900071814604,7.585847627689003
2026-03-07 16:00:00,NH4,10,3.9,4.996993628286509,1.4701419451469864,2.578610128519716,7.415377128053302
2026-03-07 17:00:00,NH4,10,3.7,4.41526379257417,1.4176283630634583,2.0832651353347815,6.747262449813559
2026-03-07 18:00:00,NH4,10,4.0,3.9277674876797004,1.3417237055541587,1.7206319920431095,6.134902983316291
2026-03-07 19:00:00,NH4,10,3.7,4.426552315494865,1.6114328206907222,1.7757453254586268,7.077359305531103
2026-03-07 20:00:00,NH4,10,2.7,3.605970702943935,1.9227283385236076,0.44308258607260065,6.76885881981527
2026-03-07 21:00:00,NH4,10,2.5,3.1196149328227873,2.165149157493962,-0.44205543125477975,6.681285296900354
2026-03-07 22:00:00,NH4,10,2.0,2.91403222884241,2.2893527592396206,-0.8519530601067657,6.680017517791586
2026-03-07 23:00:00,NH4,10,1.5,2.710126432213068,2.352609250970423,-1.1599157856332778,6.580168650059413
2026-03-08 00:00:00,NH4,10,1.3,2.805664465646768,2.3622252370514403,-1.0801960493028515,6.6915249805963875
2026-03-08 01:00:00,NH4,10,1.7,2.881021491062368,2.3761754472535785,-1.0277871196697688,6.7898301017945055
2026-03-08 02:00:00,NH4,10,2.7,3.0939131944093754,2.4052238482479495,-0.8626800359585016,7.050506424777252
2026-03-08 03:00:00,NH4,10,4.3,3.6347588549312126,2.406317984154216,-0.32363422900247274,7.593151938864898
2026-03-08 04:00:00,NH4,10,6.5,4.898374473439592,2.3173353337683356,1.08635784939068,8.710391097488504
2026-03-08 05:00:00,NH4,10,8.0,6.503897668479163,2.2843485295805075,2.7461443373192282,10.261650999639098
2026-03-08 06:00:00,NH4,10,8.8,8.085016219208494,2.2437365446062083,4.394069603331282,11.775962835085707
2026-03-08 07:00:00,NH4,10,9.6,9.048320121984313,2.2010463742922686,5.427598836273531,12.669041407695094
2026-03-08 08:00:00,NH4,10,10.1,9.431435294382165,2.1047723020049314,5.969084857584053,12.893785731180277
2026-03-08 09:00:00,NH4,10,10.0,8.973955675084095,1.998049220282271,5.687164707719759,12.260746642448431
2026-03-08 10:00:00,NH4,10,9.5,8.520924271081451,1.9388007419126811,5.331597050635091,11.710251491527812
2026-03-08 11:00:00,NH4,10,9.2,8.495693737043174,1.875283009657227,5.410853186157036,11.580534287929312
2026-03-08 12:00:00,NH4,10,8.8,7.5310829784223206,1.7981115728948518,4.573189441010289,10.488976515834352
2026-03-08 13:00:00,NH4,10,8.6,6.770656129818326,1.718979310465414,3.9429351641027193,9.598377095533932
2026-03-08 14:00:00,NH4,10,8.2,6.584923162890285,1.8034133828472418,3.618308148106572,9.551538177673997
2026-03-08 15:00:00,NH4,10,7.6,6.951775424237246,1.7127059200906474,4.134374185688131,9.76917666278636
2026-03-08 16:00:00,NH4,10,6.9,7.033879439080112,1.6874497559883592,4.258024590479261,9.809734287680962
2026-03-08 17:00:00,NH4,10,6.2,6.440149748788082,1.6303235624936308,3.7582674884860596,9.122032009090105
2026-03-08 18:00:00,NH4,10,5.2,5.553459169548985,1.7525353886987902,2.6705384551394746,8.436379883958494
2026-03-08 19:00:00,NH4,10,3.4,4.6020733979710995,1.9992299118170365,1.3133401930320745,7.890806602910125
2026-03-08 20:00:00,NH4,10,2.3,4.2364465674343625,2.1684721453343925,0.6693098883592867,7.803583246509438
2026-03-08 21:00:00,NH4,10,1.9,3.828937934399276,2.2834946563553795,0.07258922469467644,7.585286644103876
2026-03-08 22:00:00,NH4,10,1.0,3.106572879430142,2.336738754334803,-0.737362371450609,6.950508130310893
2026-03-08 23:00:00,NH4,10,1.0,2.8067024963012135,2.3714267666535127,-1.0942945348438151,6.707699527446242
2026-03-09 00:00:00,NH4,10,1.4,2.856703315834478,2.3889783203462676,-1.073166021135132,6.786572652804088
2026-03-09 01:00:00,NH4,10,2.4,3.053600990744204,2.4091810250176406,-0.909501795409815,7.016703776898223
2026-03-09 02:00:00,NH4,10,4.2,3.306458313985126,2.4346830020644217,-0.6985952244108473,7.311511852381099
2026-03-09 03:00:00,NH4,10,6.3,3.677858143403738,2.421838700452745,-0.3060665188410274,7.661782805648503
2026-03-09 04:00:00,NH4,10,7.2,4.155949421411741,2.390543771666458,0.22350491702041753,8.088393925803064
2026-03-09 05:00:00,NH4,10,7.8,5.101090295552822,2.3716882910819646,1.1996630567229905,9.002517534382655
2026-03-09 06:00:00,NH4,10,8.1,6.552362545436106,2.316127684089148,2.7423325051094576,10.362392585762754
2026-03-09 07:00:00,NH4,10,8.1,8.608943011674443,2.2060398464086894,4.980007464332148,12.237878559016737
2026-03-09 08:00:00,NH4,10,7.6,9.740620765153883,2.0914958463551643,6.300110097899638,13.18113143240813
2026-03-09 09:00:00,NH4,10,7.1,9.759467113362492,2.0080129953815313,6.456285735959873,13.06264849076511
2026-03-09 10:00:00,NH4,10,6.7,9.322694015362885,1.9357545894433645,6.13837771572855,12.507010314997219
2026-03-09 11:00:00,NH4,10,6.6,9.252830891602295,1.8858131504917814,6.150668259043314,12.354993524161276
2026-03-09 12:00:00,NH4,10,6.3,8.552346634548005,1.97852149543761,5.297678774553137,11.807014494542873
2026-03-09 13:00:00,NH4,10,6.0,7.8053767679425725,2.0536394046834716,4.4271399472382615,11.183613588646883
2026-03-09 14:00:00,NH4,10,5.9,7.288563362403792,2.0628969490859146,3.895097881157463,10.682028843650121
2026-03-09 15:00:00,NH4,10,5.4,5.49140642636422,2.0782317559369985,2.0727151878478574,8.910097664880583
2026-03-09 16:00:00,NH4,10,4.9,4.619832210929005,2.0200310520542857,1.2968811302997048,7.942783291558305
2026-03-09 17:00:00,NH4,10,4.3,3.8353683987853495,1.9034337065926243,0.7042199514404825,6.966516846130217
2026-03-09 18:00:00,NH4,10,3.5,3.0396443311069894,1.984078791134607,-0.22416528030943894,6.303453942523418
2026-03-09 19:00:00,NH4,10,2.8,1.733032760880184,2.068835187573955,-1.6702011226789721,5.13626664443934
2026-03-09 20:00:00,NH4,10,2.2,2.1007236426414453,2.2173835272419993,-1.5468722596716438,5.748319544954534
2026-03-09 21:00:00,NH4,10,1.9,2.3780002357180923,2.3110949580490954,-1.4237509702726698,6.179751441708854
2026-03-09 22:00:00,NH4,10,1.2,2.577035689720081,2.361043180616729,-1.3068803423944386,6.460951721834601
2026-03-09 23:00:00,NH4,10,1.1,2.8261207010861202,2.4108395992818212,-1.1397104397324758,6.791951841904716
2026-03-10 00:00:00,NH4,10,0.8,2.9446665998456636,2.432574166091524,-1.0569179033748934,6.946251103066221
2026-03-10 01:00:00,NH4,10,2.0,3.0577103181606375,2.441137780454137,-0.9579613306864179,7.073381967007693
2026-03-10 02:00:00,NH4,10,2.1,3.265818090097536,2.4401051351365557,-0.7481548572020982,7.27979103739717
2026-03-10 03:00:00,NH4,10,3.8,3.5061351685732842,2.4337244602348433,-0.4973415685130331,7.509611905659602
2026-03-10 04:00:00,NH4,10,5.3,3.788670835997503,2.387824269805512,-0.1393000878325643,7.716641759827571
2026-03-10 05:00:00,NH4,10,5.4,4.331476598857349,2.3514375144713933,0.463361887551907,8.199591310162791
2026-03-10 06:00:00,NH4,10,4.5,4.862366253254521,2.325951123227947,1.0361766555445486,8.688555850964494
2026-03-10 07:00:00,NH4,10,3.6,5.262582633178523,2.265068704604438,1.5365446141042223,8.988620652252823
2026-03-10 08:00:00,NH4,10,4.3,5.529797528689661,2.194025086775234,1.9206262609444011,9.138968796434922
2026-03-10 09:00:00,NH4,10,5.6,5.400791525237322,2.1378795368793,1.8839796870708736,8.91760336340377
2026-03-10 10:00:00,NH4,10,5.0,5.122271728890946,2.0861093193104083,1.6906218986253245,8.553921559156567
2026-03-10 11:00:00,NH4,10,3.7,5.404340742111016,2.0350401109628558,2.0566997595771177,8.751981724644914
2026-03-10 12:00:00,NH4,10,2.6,5.432206169739548,1.9132659133026204,2.284883742356737,8.579528597122358
2026-03-10 13:00:00,NH4,10,1.8,5.465181124838342,1.8518110883022365,2.418951884581163,8.511410365095522
2026-03-10 14:00:00,NH4,10,2.3,5.450082549766372,1.8392625545189065,2.424495647582771,8.475669451949972
2026-03-10 15:00:00,NH4,10,3.0,5.688846386045396,1.8004846972349666,2.727049059093876,8.650643712996917
2026-03-10 16:00:00,NH4,10,2.4,4.931116997946596,1.7634285418325215,2.030277046632098,7.831956949261094
2026-03-10 17:00:00,NH4,10,2.4,3.710413027680703,1.6972664170184808,0.9184097716853019,6.502416283676104
2026-03-10 18:00:00,NH4,10,1.3,3.3439428017064636,1.8221560389022557,0.34649611771225297,6.341389485700674
2026-03-10 19:00:00,NH4,10,0.7,2.9448650413795394,2.0081673115964307,-0.3585701861965891,6.248300268955668
2026-03-10 20:00:00,NH4,10,0.3,3.212671599293202,2.2418260437740187,-0.47513224271505905,6.900475441301463
2026-03-10 21:00:00,NH4,10,0.3,2.567128190373312,2.326209242677178,-1.2594860138306454,6.39374239457727
2026-03-10 22:00:00,NH4,10,0.3,2.750169442223336,2.4109692998445396,-1.215875056020932,6.716213940467604
2026-03-10 23:00:00,NH4,10,0.5,2.790125939880133,2.4085851451635767,-1.1719966239139508,6.752248503674217
2026-03-11 00:00:00,NH4,10,1.2,2.8439708773192662,2.4154052192989965,-1.129370708427583,6.8173124630661155
2026-03-11 01:00:00,NH4,10,1.4,2.9232759600653284,2.4286509963803122,-1.0718549289802852,6.9184068491109425
2026-03-11 02:00:00,NH4,10,1.1,2.9635595317390293,2.4370327372516494,-1.0453593210399341,6.972478384517993
2026-03-11 03:00:00,NH4,10,3.1,3.0713752734002338,2.4415002158794814,-0.944892581721513,7.0876431285219805
2026-03-11 04:00:00,NH4,10,4.7,3.45676698508478,2.403051975158332,-0.4962535140506761,7.409787484220236
2026-03-11 05:00:00,NH4,10,5.9,3.8011513618802586,2.3669259568459644,-0.09244183713135268,7.69474456089187
2026-03-11 06:00:00,NH4,10,5.2,4.039484984204468,2.3321034951130653,0.20317473474347558,7.87579523366546
2026-03-11 07:00:00,NH4,10,4.4,4.164264309337211,2.327672657648715,0.3352427875050754,7.993285831169347
2026-03-11 08:00:00,NH4,10,3.8,4.809374031780469,2.27638346906598,1.064723225166932,8.554024838394007
2026-03-11 09:00:00,NH4,10,4.6,4.504208755618465,2.260595762135426,0.7855287269056896,8.22288878433124
2026-03-11 10:00:00,NH4,10,5.2,3.6243460088895456,2.3020685141785897,-0.1625566969342347,7.4112487147133255
2026-03-11 11:00:00,NH4,10,5.6,3.583961248058949,2.3540993239810533,-0.2885321398898837,7.4564546360077815
2026-03-11 12:00:00,NH4,10,4.9,3.5047782556420914,2.272649564534184,-0.2337302780166417,7.243286789300825
2026-03-11 13:00:00,NH4,10,4.4,3.605253596448216,2.2522884670396675,-0.09976093183203716,7.310268124728469
2026-03-11 14:00:00,NH4,10,4.0,3.780092201948349,2.2366807248731484,0.1007524095320198,7.459431994364678
2026-03-11 15:00:00,NH4,10,2.6,3.461289871539874,2.1730906609688607,-0.11344426575390187,7.03602400883365
2026-03-11 16:00:00,NH4,10,1.2,3.1706149697494297,2.065841851844075,-0.22769487653407383,6.568924816032933
2026-03-11 17:00:00,NH4,10,0.4,3.0848465412302652,2.010102977923037,-0.2217728574531308,6.391465939913662
2026-03-11 18:00:00,NH4,10,1.1,2.506293278098423,2.0690072351979394,-0.8972236238021876,5.909810179999033
2026-03-11 19:00:00,NH4,10,0.9,2.3952898046670708,2.1841621752634097,-1.1976569736412381,5.98823658297538
2026-03-11 20:00:00,NH4,10,0.4,2.341169140171486,2.27687065984286,-1.404283095270019,6.0866213756129905
2026-03-11 21:00:00,NH4,10,0.3,2.262572570393001,2.329483031476077,-1.5694270163851458,6.0945721571711475
2026-03-11 22:00:00,NH4,10,0.3,2.4428566359532535,2.383026910379775,-1.4772226316214767,6.362935903527983
2026-03-11 23:00:00,NH4,10,0.7,2.609370850243951,2.4079591950967165,-1.3517220256901479,6.570463726178049
2026-03-12 00:00:00,NH4,10,1.2,2.643102849777268,2.3962878257790816,-1.2987906236293214,6.584996323183857
2026-02-13 04:00:00,NO,4,3.1,4.215349994268381,1.229946986541595,2.1920872014074573,6.238612787129306
2026-02-13 05:00:00,NO,4,2.3,3.904673329448697,1.6332573064568188,1.2179650603272303,6.591381598570164
2026-02-13 06:00:00,NO,4,2.3,3.194473725021345,1.6467061237172762,0.48564215150642553,5.903305298536265
2026-02-13 07:00:00,NO,4,2.4,3.0514845512012747,1.5558910878352754,0.4920437117122467,5.610925390690303
2026-02-13 08:00:00,NO,4,2.6,3.6811488773662515,1.603643591130127,1.0431551699571924,6.31914258477531
2026-02-13 09:00:00,NO,4,2.9,4.364265120846775,1.6394652125573987,1.6673448461898541,7.061185395503696
2026-02-13 10:00:00,NO,4,3.7,4.513844016844862,1.7055203884803294,1.7082629777947202,7.319425055895004
2026-02-13 11:00:00,NO,4,3.8,4.3519361788004165,1.7320592427946502,1.502698724403217,7.201173633197616
2026-02-13 12:00:00,NO,4,3.8,3.270865566435375,1.747099567890998,0.3968867772546836,6.144844355616067
2026-02-13 13:00:00,NO,4,4.3,3.173306590953219,1.7778508556138461,0.24874193346844198,6.097871248437996
2026-02-13 14:00:00,NO,4,4.5,3.3954826153075595,1.7941687769164802,0.4440749772799495,6.34689025333517
2026-02-13 15:00:00,NO,4,4.7,3.7502717969995,1.782437958607234,0.8181613550906,6.682382238908399
2026-02-13 16:00:00,NO,4,5.3,3.7218905801218893,1.7509506410171538,0.8415767756486714,6.602204384595107
2026-02-13 17:00:00,NO,4,5.5,3.6867541778486985,1.7568421363121787,0.7967488636151647,6.576759492082232
2026-02-13 18:00:00,NO,4,5.8,3.0014151946103875,1.6528302074439407,0.28250950336510483,5.720320885855671
2026-02-13 19:00:00,NO,4,6.0,2.142642895192468,1.5880207825576447,-0.46965129211485745,4.754937082499794
2026-02-13 20:00:00,NO,4,4.5,2.274706229431191,1.5782284150848602,-0.32147951338340386,4.870891972245786
2026-02-13 21:00:00,NO,4,2.8,2.7415096466846234,1.6059356067087651,0.09974557364870495,5.383273719720542
2026-02-13 22:00:00,NO,4,3.1,2.7838713125458363,1.5254984263530986,0.27442640119498884,5.293316223896683
2026-02-13 23:00:00,NO,4,3.9,2.156254733407917,1.2633243961403553,0.0780861017570329,4.2344233650588015
2026-02-14 00:00:00,NO,4,4.5,2.810811360736725,1.092511995148915,1.0136291287167598,4.60799359275669
2026-02-14 01:00:00,NO,4,4.3,2.9603383569196877,1.2035048455838233,0.9805728859342984,4.940103827905077
2026-02-14 02:00:00,NO,4,3.6,2.8032798839580093,1.2996451649807834,0.6653635875646207,4.9411961803513975
2026-02-14 03:00:00,NO,4,3.1,2.933263868543672,1.374243169060678,0.6726338554388565,5.193893881648487
2026-02-14 04:00:00,NO,4,2.4,3.805861434108225,1.3753355452846343,1.5434344621150018,6.068288406101448
2026-02-14 05:00:00,NO,4,2.0,4.146121518502706,1.3381333706967298,1.9448921237065853,6.3473509132988255
2026-02-14 06:00:00,NO,4,1.8,4.122639223921347,1.3060363048968222,1.9742095023660742,6.271068945476619
2026-02-14 07:00:00,NO,4,1.7,3.3265967850930913,1.3195546812809116,1.1559293343859918,5.497264235800191
2026-02-14 08:00:00,NO,4,1.9,3.368467418880047,1.4125164025625923,1.0448779366645828,5.692056901095511
2026-02-14 09:00:00,NO,4,2.1,3.792744476451085,1.443861885710231,1.4175916744577552,6.167897278444415
2026-02-14 10:00:00,NO,4,2.5,4.673939641300198,1.383994996985859,2.39726787125846,6.950611411341935
2026-02-14 11:00:00,NO,4,2.7,4.580005010715334,1.4966438593757145,2.118025862042284,7.0419841593883845
2026-02-14 12:00:00,NO,4,2.9,4.1422042496851095,1.5184926054513006,1.6442839137177199,6.640124585652499
2026-02-14 13:00:00,NO,4,3.5,4.210876930203211,1.4977339670759269,1.7471045543633115,6.674649306043111
2026-02-14 14:00:00,NO,4,3.8,4.215293280633579,1.5056468804461007,1.7385041622997437,6.692082398967415
2026-02-14 15:00:00,NO,4,4.2,3.330441819192616,1.4558780087159442,0.9355224948548879,5.725361143530344
2026-02-14 16:00:00,NO,4,4.6,3.096469846886447,1.5173479657059883,0.6004324433000963,5.5925072504727975
2026-02-14 17:00:00,NO,4,4.9,3.835404345735985,1.6345572444127496,1.146557678677012,6.5242510127949584
2026-02-14 18:00:00,NO,4,5.3,3.87738743955011,1.6948594865773436,1.0893435841303796,6.66543129496984
2026-02-14 19:00:00,NO,4,5.7,3.4161242816936026,1.7388796100340094,0.5556673231876572,6.2765812401995476
2026-02-14 20:00:00,NO,4,5.9,2.8734060411621933,1.7690705309965395,-0.03671498232711423,5.783527064651501
2026-02-14 21:00:00,NO,4,6.2,2.6468121375150604,1.7962492454604948,-0.3080178712674537,5.601642146297575
2026-02-14 22:00:00,NO,4,6.3,2.5766928646225242,1.7930969443145357,-0.372951608774887,5.526337338019935
2026-02-14 23:00:00,NO,4,4.9,2.489321794387865,1.7795495739024674,-0.4380372546816935,5.416680843457424
2026-02-15 00:00:00,NO,4,3.1,2.763799685085854,1.7556738544671973,-0.12428380551268559,5.651883175684393
2026-02-15 01:00:00,NO,4,2.7,3.1731881344526287,1.7145191744615882,0.352804092463316,5.993572176441941
2026-02-15 02:00:00,NO,4,3.6,3.696749206162322,1.6647619017412039,0.9582158777980414,6.4352825345266025
2026-02-15 03:00:00,NO,4,4.6,4.411615361176747,1.5647562771286043,1.8375912853001926,6.985639437053301
2026-02-15 04:00:00,NO,4,5.4,4.64028136717779,1.4717016880343454,2.219332090361292,7.061230643994289
2026-02-15 05:00:00,NO,4,5.2,4.923623143336457,1.5490823062324242,2.375382749584119,7.471863537088794
2026-02-15 06:00:00,NO,4,4.0,4.754519543730266,1.6268997444300521,2.0782694641428305,7.430769623317702
2026-02-15 07:00:00,NO,4,3.1,4.993462218645216,1.671619565343835,2.243648033654607,7.743276403635825
2026-02-15 08:00:00,NO,4,2.9,5.137159854072627,1.7079888919787902,2.3275181267675173,7.946801581377738
2026-02-15 09:00:00,NO,4,3.1,4.947252395301108,1.7120368114851554,2.130951840408027,7.763552950194189
2026-02-15 10:00:00,NO,4,3.3,4.755272916060532,1.6370457041782762,2.062332732687268,7.448213099433796
2026-02-15 11:00:00,NO,4,3.4,4.247839972302192,1.5858056296481438,1.639189711530995,6.856490233073388
2026-02-15 12:00:00,NO,4,3.3,4.0895488213441915,1.6576267168628158,1.3627528721048594,6.816344770583523
2026-02-15 13:00:00,NO,4,4.4,4.476966203007312,1.6512795370232178,1.7606113646041188,7.193321041410506
2026-02-15 14:00:00,NO,4,4.9,5.112650812347126,1.7094653734244998,2.3005802730638236,7.924721351630428
2026-02-15 15:00:00,NO,4,5.1,5.167808490707676,1.8063693834122103,2.1963308549945904,8.139286126420762
2026-02-15 16:00:00,NO,4,5.4,4.730510075385554,1.7843112378724573,1.7953180890853613,7.665702061685746
2026-02-15 17:00:00,NO,4,5.6,4.4710353917497825,1.7675461647395767,1.5634219507531788,7.378648832746386
2026-02-15 18:00:00,NO,4,5.7,4.104024986473315,1.8100790741745534,1.126444909456175,7.081605063490455
2026-02-15 19:00:00,NO,4,5.7,3.777836859739714,1.8132803121917789,0.7949907461842374,6.76068297329519
2026-02-15 20:00:00,NO,4,5.9,3.67876397974569,1.8081898503658163,0.7042916758939222,6.653236283597458
2026-02-15 21:00:00,NO,4,5.9,3.442883659422472,1.8139660777764723,0.45890946148017475,6.426857857364769
2026-02-15 22:00:00,NO,4,6.1,3.376251540927569,1.7591292437241122,0.4824839350014045,6.270019146853733
2026-02-15 23:00:00,NO,4,6.4,3.765717715393007,1.6591757954060227,1.0363735319500997,6.495061898835914
2026-02-16 00:00:00,NO,4,6.8,4.79835890946228,1.607502066964705,2.1540180093053403,7.44269980961922
2026-02-16 01:00:00,NO,4,6.4,5.595437830998196,1.4946580424360554,3.136725351190885,8.054150310805507
2026-02-16 02:00:00,NO,4,4.8,5.834055231295406,1.4589348202577714,3.434107451971372,8.23400301061944
2026-02-16 03:00:00,NO,4,3.5,5.407066257771237,1.4583965959504956,3.0080038574326715,7.806128658109802
2026-02-16 04:00:00,NO,4,2.9,4.927501427022226,1.5179949584366548,2.430399720393929,7.424603133650523
2026-02-16 05:00:00,NO,4,2.7,4.7740267354955375,1.5415392251212765,2.2381947101710375,7.309858760820037
2026-02-16 06:00:00,NO,4,2.5,4.177693653028957,1.5395127191478375,1.645195230030764,6.71019207602715
2026-02-16 07:00:00,NO,4,2.5,3.5119743347879777,1.56722913696633,0.9338824044783647,6.09006626509759
2026-02-16 08:00:00,NO,4,2.4,3.5905670515138146,1.5758989238983725,0.9982133217009919,6.182920781326637
2026-02-16 09:00:00,NO,4,2.7,4.503266455437622,1.526382638690957,1.9923670147909975,7.014165896084246
2026-02-16 10:00:00,NO,4,3.4,5.032366266185751,1.5651835245770194,2.4576393682565545,7.607093164114948
2026-02-16 11:00:00,NO,4,4.6,5.3957269817708795,1.6350299882261212,2.70610265113891,8.08535131240285
2026-02-16 12:00:00,NO,4,5.5,5.0874550005765915,1.7031767304633358,2.285729278964404,7.8891807221887795
2026-02-16 13:00:00,NO,4,5.8,4.5064901050588375,1.64851867726688,1.7946768809548197,7.218303329162856
2026-02-16 14:00:00,NO,4,6.1,4.3781591184467,1.6655377323343477,1.6383495487566977,7.117968688136702
2026-02-16 15:00:00,NO,4,6.5,4.20741132789504,1.741410285328181,1.3427914085301818,7.072031247259897
2026-02-16 16:00:00,NO,4,6.5,3.9064568112228564,1.798644665932724,0.9476863357635255,6.865227286682187
2026-02-16 17:00:00,NO,4,6.1,3.4264958391160967,1.803382201781846,0.4599321171849602,6.393059561047233
2026-02-16 18:00:00,NO,4,5.6,3.070408607071954,1.8075251436435913,0.0970297457782463,6.043787468365662
2026-02-16 19:00:00,NO,4,5.3,2.9316196811467607,1.8415804460934175,-0.09778015267691131,5.961019514970433
2026-02-16 20:00:00,NO,4,5.3,3.2907334463653566,1.8165416385809363,0.3025224508997164,6.278944441830997
2026-02-16 21:00:00,NO,4,5.8,3.9327252067731044,1.7468391815071138,1.059174753193902,6.806275660352307
2026-02-16 22:00:00,NO,4,5.6,4.918691153365773,1.6442700181244403,2.213866973551069,7.623515333180478
2026-02-16 23:00:00,NO,4,5.4,4.972797469301701,1.5803816830871422,2.3730696006233525,7.57252533798005
2026-02-17 00:00:00,NO,4,5.5,4.624448589064725,1.5471400130715547,2.0794032675620175,7.169493910567432
2026-02-17 01:00:00,NO,4,5.3,4.4171118729849885,1.53764399747612,1.887687497136771,6.9465362488332065
2026-02-17 02:00:00,NO,4,3.6,4.090362240183008,1.5960627894780341,1.4648389514916422,6.715885528874375
2026-02-17 03:00:00,NO,4,3.1,3.7552996339007456,1.6301160473993213,1.073758735928862,6.43684053187263
2026-02-17 04:00:00,NO,4,3.0,3.1515451081075585,1.7071703279052046,0.34324991870349697,5.9598402975116205
2026-02-17 05:00:00,NO,4,3.1,3.052805430814619,1.7083007264246963,0.24265073584599328,5.862960125783244
2026-02-17 06:00:00,NO,4,3.3,3.1445358826520806,1.675624241395129,0.38813400555709343,5.900937759747068
2026-02-17 07:00:00,NO,4,5.0,3.8332271782289142,1.621244667360779,1.1662797004204326,6.500174656037396
2026-02-17 08:00:00,NO,4,4.5,4.364955424424957,1.5798206203760168,1.7661505039064092,6.963760344943504
2026-02-17 09:00:00,NO,4,3.7,4.904439671020583,1.4872607538966023,2.457895730860672,7.350983611180494
2026-02-17 10:00:00,NO,4,4.7,5.42599927988989,1.4976530136433515,2.9623600724465766,7.889638487333203
2026-02-17 11:00:00,NO,4,5.2,5.223081139300675,1.5616306863998364,2.654198660172944,7.791963618428405
2026-02-17 12:00:00,NO,4,3.8,4.086129123269362,1.5554751574833747,1.527372489209211,6.644885757329513
2026-02-17 13:00:00,NO,4,3.7,3.0650869797995375,1.4467367122230987,0.6852050881925402,5.444968871406535
2026-02-17 14:00:00,NO,4,4.3,1.960678322895463,1.2632125815878916,-0.11730637381661868,4.038663019607545
2026-02-17 15:00:00,NO,4,5.6,1.706999733095798,1.3728212192099005,-0.5512911725044884,3.9652906386960844
2026-02-17 16:00:00,NO,4,6.0,2.0228485584891347,1.5818713537819895,-0.579329818482238,4.625026935460507
2026-02-17 17:00:00,NO,4,6.0,2.2521583068963027,1.5502342299906164,-0.29797700143826145,4.802293615230867
2026-02-17 18:00:00,NO,4,6.4,3.1093473462832604,1.6543606176409713,0.38792413026386274,5.830770562302658
2026-02-17 19:00:00,NO,4,6.3,3.479784731616541,1.7649317536831408,0.5764719968077743,6.383097466425308
2026-02-17 20:00:00,NO,4,6.4,4.074924082038199,1.8339230487983313,1.0581206667649434,7.091727497311454
2026-02-17 21:00:00,NO,4,6.5,4.049717808436662,1.6034687687875921,1.4120116837810728,6.687423933092251
2026-02-17 22:00:00,NO,4,6.4,2.738202176056865,1.4837908474634645,0.29736623197946566,5.179038120134264
2026-02-17 23:00:00,NO,4,6.4,2.4032511431951935,1.542224454995948,-0.13370808527314093,4.940210371663528
2026-02-18 00:00:00,NO,4,5.2,3.005321065802205,1.5004328778530862,0.5371089817338781,5.473533149870532
2026-02-18 01:00:00,NO,4,3.4,2.8466317704661455,1.4918114735911632,0.3926018964086819,5.300661644523609
2026-02-18 02:00:00,NO,4,3.2,2.854088215490363,1.4487250422225655,0.47093552103424274,5.2372409099464825
2026-02-18 03:00:00,NO,4,3.0,3.2580285570536542,1.5115272258780987,0.7715662704841817,5.744490843623127
2026-02-18 04:00:00,NO,4,2.9,3.3233646067386795,1.4464262495148155,0.9439934262868079,5.7027357871905515
2026-02-18 05:00:00,NO,4,2.8,3.300741936437323,1.4035163586317219,0.9919575264881408,5.609526346386506
2026-02-18 06:00:00,NO,4,2.7,3.9404724383058944,1.496601035378873,1.4785637351076484,6.40238114150414
2026-02-18 07:00:00,NO,4,2.9,4.493305297841608,1.614079633403135,1.8381443008934504,7.148466294789765
2026-02-18 08:00:00,NO,4,3.1,3.9605588625733814,1.687046388211814,1.185367553964947,6.735750171181816
2026-02-18 09:00:00,NO,4,3.1,3.128963473484598,1.5637917399059607,0.5565260613392926,5.701400885629903
2026-02-18 10:00:00,NO,4,3.7,3.4151422750534715,1.5107496151810256,0.9299591580806843,5.900325392026259
2026-02-18 11:00:00,NO,4,4.2,3.518811190572235,1.5255531271986815,1.0092762963304036,6.028346084814066
2026-02-18 12:00:00,NO,4,4.7,3.535687777689639,1.4866938782167178,1.0900763480231381,5.98129920735614
2026-02-18 13:00:00,NO,4,4.9,3.751705217144067,1.5515755682321097,1.1993634074022466,6.304047026885888
2026-02-18 14:00:00,NO,4,5.0,4.301837874824748,1.697668994575493,1.5091723787480618,7.094503370901434
2026-02-18 15:00:00,NO,4,5.4,4.2515059730338916,1.7728799925571188,1.3351183852774309,7.167893560790352
2026-02-18 16:00:00,NO,4,5.4,4.189720793904821,1.80891908804348,1.2140488940732967,7.1653926937363455
2026-02-18 17:00:00,NO,4,5.3,4.223610119659919,1.831998721608614,1.2099722226137493,7.237248016706089
2026-02-18 18:00:00,NO,4,5.2,4.214250107739493,1.8378489850330793,1.1909885273600773,7.237511688118908
2026-02-18 19:00:00,NO,4,4.9,3.9504506934349366,1.7722414844436625,1.035113451525112,6.865787935344761
2026-02-18 20:00:00,NO,4,4.8,3.720420808653404,1.6486095858450933,1.0084580399382257,6.432383577368583
2026-02-18 21:00:00,NO,4,4.5,4.116214067775316,1.5525412467865254,1.562283716811482,6.6701444187391505
2026-02-18 22:00:00,NO,4,4.5,4.509555189267652,1.4843525435924485,2.067795255058074,6.9513151234772295
2026-02-18 23:00:00,NO,4,4.2,4.726695360931953,1.4132882711380568,2.4018361549098497,7.0515545669540565
2026-02-19 00:00:00,NO,4,2.9,5.186498175097077,1.370716694921996,2.931669211950393,7.441327138243761
2026-02-19 01:00:00,NO,4,3.0,5.226235240232524,1.3213242817061275,3.0526567968259437,7.3998136836391035
2026-02-19 02:00:00,NO,4,2.9,4.974903491695041,1.3094023136730513,2.820936685702872,7.128870297687211
2026-02-19 03:00:00,NO,4,2.3,4.721744038596611,1.3156806210988117,2.557449416889066,6.886038660304157
2026-02-19 04:00:00,NO,4,2.2,4.635001241082605,1.3324123561786638,2.4431829151687032,6.826819566996507
2026-02-19 05:00:00,NO,4,2.1,4.098042408362242,1.3192920125691734,1.9278070476859521,6.268277769038532
2026-02-19 06:00:00,NO,4,2.2,4.5825516892935685,1.3077197623749472,2.43135268018678,6.733750698400357
2026-02-19 07:00:00,NO,4,2.5,4.9577161832502945,1.2776308820636804,2.8560133822555405,7.059418984245049
2026-02-19 08:00:00,NO,4,3.5,3.909914748355452,1.2745198535282343,1.8133295893015067,6.006499907409397
2026-02-19 09:00:00,NO,4,4.9,4.478173574141336,1.320912577443558,2.3052723842466833,6.6510747640359895
2026-02-19 10:00:00,NO,4,5.0,4.20517325791308,1.3921118552094838,1.9151492560934789,6.495197259732681
2026-02-19 11:00:00,NO,4,1.0,3.813656328160718,1.485660056473538,1.3697455352617478,6.257567121059688
2026-02-19 12:00:00,NO,4,1.3,4.505775541488246,1.5158532497631765,2.012196945627821,6.999354137348671
2026-02-19 13:00:00,NO,4,1.4,4.65816705970129,1.5200898451481069,2.157619264432654,7.158714854969926
2026-02-19 14:00:00,NO,4,1.4,4.55447645209195,1.5221148320651126,2.0505975533448395,7.05835535083906
2026-02-19 15:00:00,NO,4,1.2,4.511492374035374,1.4414234835379383,2.1403507436154654,6.882634004455282
2026-02-19 16:00:00,NO,4,1.0,4.438652793940715,1.4983300960954988,1.9738997858636198,6.903405802017811
2026-02-19 17:00:00,NO,4,0.8,4.091543189413114,1.590418421678677,1.4753048857516906,6.707781493074538
2026-02-19 18:00:00,NO,4,0.8,4.153611746145202,1.5921287729891667,1.5345599145780229,6.772663577712382
2026-02-19 19:00:00,NO,4,0.7,3.027150282325678,1.7885462532069731,0.08499169580020727,5.969308868851149
2026-02-19 20:00:00,NO,4,0.6,3.4687243513074777,1.7587365833582997,0.5756026716830744,6.361846030931881
2026-02-19 21:00:00,NO,4,0.6,3.580605784133433,1.7230620124615197,0.7461687736342331,6.415042794632633
2026-02-19 22:00:00,NO,4,0.7,3.4322362466445546,1.666509374810535,0.6908283250812244,6.173644168207884
2026-02-19 23:00:00,NO,4,1.0,3.8432531888031964,1.4926173992811997,1.387897566985623,6.29860881062077
2026-02-20 00:00:00,NO,4,1.4,3.890120922991989,1.4762525376649431,1.4616854985331575,6.318556347450821
2026-02-20 01:00:00,NO,4,1.6,7.685135227519104,1.4258068618425135,5.339682939788169,10.030587515250039
2026-02-20 02:00:00,NO,4,0.8,8.079913330823551,1.398509539293286,5.779365138686096,10.380461522961006
2026-02-20 03:00:00,NO,4,0.4,7.180121997861719,1.3432907941709098,4.970408641450573,9.389835354272865
2026-02-20 04:00:00,NO,4,0.3,5.672246202152074,1.3089676638409016,3.518994395133791,7.8254980091703565
2026-02-20 05:00:00,NO,4,0.3,4.1524039181687655,1.3725145443484204,1.8946174927156139,6.410190343621917
2026-02-20 06:00:00,NO,4,0.3,4.3122682245300155,1.326355129786693,2.1304140360309054,6.4941224130291255
2026-02-20 07:00:00,NO,4,0.3,7.159110717353034,1.2266509552582159,5.141269895953268,9.1769515387528
2026-02-20 08:00:00,NO,4,0.4,7.01228278763356,1.2428084504081558,4.967862886712144,9.056702688554976
2026-02-20 09:00:00,NO,4,1.3,6.618753544618801,1.2601117356530005,4.545869739469614,8.691637349767987
2026-02-20 10:00:00,NO,4,2.3,6.281379747758372,1.4203233117096925,3.9449478999959275,8.617811595520816
2026-02-20 11:00:00,NO,4,2.5,5.980640081325766,1.5633861022711129,3.408869943089785,8.552410219561747
2026-02-20 12:00:00,NO,4,2.6,5.426909414569332,1.6388525354375834,2.7309969937745073,8.122821835364157
2026-02-20 13:00:00,NO,4,2.6,5.142249763371948,1.6530622794711893,2.422962313641842,7.861537213102055
2026-02-20 14:00:00,NO,4,2.7,4.6885670669901085,1.6625154134255464,1.9537292119050846,7.423404922075132
2026-02-20 15:00:00,NO,4,2.7,4.22746870766585,1.7786047490356391,1.301663895502224,7.153273519829477
2026-02-20 16:00:00,NO,4,2.4,3.7273155376243237,1.7876708412217772,0.7865970038145003,6.668034071434147
2026-02-20 17:00:00,NO,4,1.9,3.7449548787821665,1.7602649474056222,0.849319040299918,6.6405907172644145
2026-02-20 18:00:00,NO,4,1.6,3.5163654215571505,1.793142533792486,0.5666459534685111,6.46608488964579
2026-02-20 19:00:00,NO,4,1.4,2.995797566259052,1.8141857235157015,0.011462051075723068,5.980133081442381
2026-02-20 20:00:00,NO,4,1.3,2.662464060030119,1.7962758671293522,-0.2924097413976652,5.617337861457903
2026-02-20 21:00:00,NO,4,1.5,2.497663137361645,1.7599047044354748,-0.3973801014347109,5.392706376158001
2026-02-20 22:00:00,NO,4,1.6,2.6216789799831433,1.754188174920625,-0.2639605677612846,5.507318527727572
2026-02-20 23:00:00,NO,4,1.7,2.5541803055248335,1.7404461433756122,-0.30885360032804865,5.417214211377716
2026-02-21 00:00:00,NO,4,1.6,2.462124260183094,1.7368981150157858,-0.39507313901787366,5.3193216593840615
2026-02-21 01:00:00,NO,4,1.9,2.2437054497127993,1.7070119890562916,-0.5643292722848003,5.051740171710399
2026-02-21 02:00:00,NO,4,2.5,1.942368279011467,1.683116374886816,-0.8263581576773458,4.71109471570028
2026-02-21 03:00:00,NO,4,2.9,1.6346768991278888,1.6558534299709842,-1.0892019931743802,4.358555791430158
2026-02-21 04:00:00,NO,4,3.7,1.2365220393510095,1.608077110917844,-1.408764808108844,3.881808886810863
2026-02-21 05:00:00,NO,4,4.3,0.6847439729642413,1.54424149820444,-1.8555332915820624,3.225021237510545
2026-02-21 06:00:00,NO,4,3.6,0.4273402959240875,1.5355868973097941,-2.098700150150524,2.953380741998699
2026-02-21 07:00:00,NO,4,3.9,0.5952570818598373,1.5409947512200428,-1.9396792838971333,3.130193447616808
2026-02-21 08:00:00,NO,4,3.3,0.8036484485845818,1.5424035550615705,-1.7336053994917018,3.3409022966608655
2026-02-21 09:00:00,NO,4,2.3,1.208847766940496,1.540406164912,-1.3251203743397442,3.742815908220736
2026-02-21 10:00:00,NO,4,1.3,1.9074822737148043,1.5767264617180399,-0.6862327558113714,4.50119730324098
2026-02-21 11:00:00,NO,4,0.6,2.3510192935701535,1.621188995359002,-0.3158366037954048,5.017875190935712
2026-02-21 12:00:00,NO,4,1.1,2.966163618603084,1.5867897088087861,0.35589454761263095,5.576432689593537
2026-02-21 13:00:00,NO,4,1.7,3.4402354627329013,1.4924275448655662,0.9851921514290449,5.895278774036758
2026-02-21 14:00:00,NO,4,2.0,3.4476297448993547,1.4662001136568787,1.035730557933789,5.85952893186492
2026-02-21 15:00:00,NO,4,2.3,4.021764696491684,1.4921967057033065,1.5671011156097445,6.476428277373623
2026-02-21 16:00:00,NO,4,2.5,3.011055705048717,1.519992713109354,0.5106676919838296,5.511443718113604
2026-02-21 17:00:00,NO,4,2.7,2.4108669306346786,1.5723991985307504,-0.1757297509484057,4.9974636122177625
2026-02-21 18:00:00,NO,4,2.8,2.0495982206091736,1.6591574302191157,-0.6797157521012718,4.778912193319619
2026-02-21 19:00:00,NO,4,2.8,1.7468784456991844,1.7606825615464277,-1.1494443680446893,4.6432012594430585
2026-02-21 20:00:00,NO,4,2.9,1.6581843431700782,1.7125428912169742,-1.1589487128818445,4.475317399222001
2026-02-21 21:00:00,NO,4,3.0,1.7954095822542313,1.699142492340813,-0.9996798176464061,4.590498982154869
2026-02-21 22:00:00,NO,4,3.2,2.303275717386294,1.6738566931895928,-0.4502185429105863,5.0567699776831745
2026-02-21 23:00:00,NO,4,3.4,2.9963467434935973,1.6377315524227218,0.30227833975822005,5.690415147228975
2026-02-22 00:00:00,NO,4,3.6,3.6583202003323674,1.610989047352349,1.0082432174377534,6.308397183226981
2026-02-22 01:00:00,NO,4,4.0,3.877499092917023,1.66823135927122,1.1332585069158663,6.62173967891818
2026-02-22 02:00:00,NO,4,4.4,3.8043678356224655,1.530280255537416,1.287056815263416,6.321678855981515
2026-02-22 03:00:00,NO,4,3.6,3.9060907035134425,1.510477790357982,1.421354738374562,6.390826668652323
2026-02-22 04:00:00,NO,4,2.2,4.037881941059486,1.4345785346891395,1.6780002514958512,6.397763630623121
2026-02-22 05:00:00,NO,4,0.8,4.140175556581393,1.3671377229541604,1.891234002321799,6.389117110840987
2026-02-22 06:00:00,NO,4,0.7,4.219363382512677,1.3657319750785997,1.9727342835083808,6.465992481516974
2026-02-22 07:00:00,NO,4,1.6,4.1154719745998705,1.418838139909199,1.7814832344492384,6.4494607147505025
2026-02-22 08:00:00,NO,4,2.7,4.270075371545998,1.4239749838797957,1.9276365230637338,6.612514220028261
2026-02-22 09:00:00,NO,4,2.9,4.3870382415987645,1.411115371347498,2.06575345573213,6.708323027465399
2026-02-22 10:00:00,NO,4,2.2,3.852120156655409,1.429761056473815,1.5001632187559832,6.204077094554835
2026-02-22 11:00:00,NO,4,1.2,3.658726330311109,1.463935039348638,1.2505531905825995,6.066899470039618
2026-02-22 12:00:00,NO,4,1.0,3.7002394832723864,1.5294621098961805,1.1842743124931694,6.216204654051603
2026-02-22 13:00:00,NO,4,0.8,3.0565569155972874,1.647219421992547,0.3468809664195476,5.766232864775027
2026-02-22 14:00:00,NO,4,0.5,2.2341674977662183,1.694927934217574,-0.5539889540216909,5.022323949554128
2026-02-22 15:00:00,NO,4,0.6,1.9108761275556967,1.679059768643414,-0.8511771918627193,4.672929446974113
2026-02-22 16:00:00,NO,4,2.0,2.6182727746647037,1.735331848863591,-0.2363481167159036,5.4728936660453105
2026-02-22 17:00:00,NO,4,3.6,3.690652841578057,1.7381996572567109,0.8313144053907675,6.549991277765347
2026-02-22 18:00:00,NO,4,4.5,4.295625616069947,1.727005516281164,1.4547015417874327,7.136549690352462
2026-02-22 19:00:00,NO,4,5.2,4.048886454459678,1.80105147601576,1.0861567764137527,7.011616132505604
2026-02-22 20:00:00,NO,4,5.5,3.7221346736528154,1.8681582653539532,0.6490143271455624,6.795255020160068
2026-02-22 21:00:00,NO,4,5.7,3.2948570135261113,1.9274085361142372,0.1242699716181912,6.465444055434031
2026-02-22 22:00:00,NO,4,5.8,3.15322361068554,1.946510259998916,-0.04878576701267656,6.355232988383756
2026-02-22 23:00:00,NO,4,5.1,3.038017498675716,1.9078669031032978,-0.10042355692920912,6.176458554280641
2026-02-23 00:00:00,NO,4,3.7,3.3873925493570454,1.843407227716861,0.3549876597628092,6.4197974389512815
2026-02-23 01:00:00,NO,4,2.2,3.9646361151812988,1.8246777450597185,0.963041224558062,6.966231005804536
2026-02-23 02:00:00,NO,4,2.5,4.149681840391672,1.8380256292302384,1.1261296803079297,7.173234000475414
2026-02-23 03:00:00,NO,4,2.3,3.5806994314045326,1.8254666906533514,0.5778067252797694,6.583592137529296
2026-02-23 04:00:00,NO,4,1.2,2.44996133391285,1.7713112589884306,-0.46384568712311847,5.363768354948818
2026-02-23 05:00:00,NO,4,0.4,2.42657583084154,1.78840023312398,-0.5153425526474074,5.368494214330488
2026-02-23 06:00:00,NO,4,0.4,3.2117409694689623,1.7274323211317368,0.37011480120725526,6.053367137730669
2026-02-23 07:00:00,NO,4,0.4,3.4804769773203685,1.7314323980100164,0.6322706825938917,6.328683272046845
2026-02-23 08:00:00,NO,4,0.4,2.9566217061113798,1.704824013813488,0.152186203388192,5.7610572088345675
2026-02-23 09:00:00,NO,4,0.4,2.1147963188252783,1.8064940297911594,-0.8568863601811789,5.086478997831735
2026-02-23 10:00:00,NO,4,0.8,2.1457712892755807,1.864123035513406,-0.920711104143972,5.212253682695133
2026-02-23 11:00:00,NO,4,1.8,2.460412750607574,1.8474382596643804,-0.5786231865403315,5.49944868775548
2026-02-23 12:00:00,NO,4,2.6,3.2857977795263924,1.8047625069247037,0.31696345563525474,6.25463210341753
2026-02-23 13:00:00,NO,4,3.0,3.388219068542815,1.8785428959653834,0.2980160046797593,6.47842213240587
2026-02-23 14:00:00,NO,4,2.7,3.278799716413685,1.9171035602233055,0.12516435984634722,6.432435072981023
2026-02-23 15:00:00,NO,4,2.3,3.282164956542414,1.9550604445595987,0.06609052524187398,6.498239387842954
2026-02-23 16:00:00,NO,4,2.1,3.203241346236494,1.9634877386760028,-0.026695983885530516,6.433178676358518
2026-02-23 17:00:00,NO,4,2.3,3.202144555776559,1.9653005879503003,-0.030774911401684868,6.435064022954803
2026-02-23 18:00:00,NO,4,3.1,3.2720425895398098,1.9593919202814924,0.048842880676754685,6.495242298402864
2026-02-23 19:00:00,NO,4,4.0,3.5277074470280914,1.940171170581792,0.3361258714210438,6.719289022635139
2026-02-23 20:00:00,NO,4,4.9,3.9105362816679485,1.883544693661799,0.8121052605942891,7.008967302741608
2026-02-23 21:00:00,NO,4,4.9,4.178955666054216,1.778108245117751,1.253967602835516,7.103943729272917
2026-02-23 22:00:00,NO,4,4.0,4.032906027380284,1.699516562433895,1.2372012821765268,6.828610772584042
2026-02-23 23:00:00,NO,4,2.9,3.890077884753974,1.6965779602572748,1.0992071401307566,6.680948629377191
2026-02-24 00:00:00,NO,4,1.9,3.44289755050318,1.6602911514768681,0.7117186063237315,6.1740764946826285
2026-02-24 01:00:00,NO,4,1.2,3.0907778981776404,1.6221440439937014,0.4223509458080015,5.759204850547279
2026-02-24 02:00:00,NO,4,0.7,3.3889558879535007,1.5754713041178796,0.7973055926795887,5.980606183227413
2026-02-24 03:00:00,NO,4,0.4,3.6864995195322363,1.597627408740921,1.0584024321534211,6.314596606911051
2026-02-24 04:00:00,NO,4,0.4,3.5003394505548195,1.6419574535719124,0.7993194394290235,6.201359461680616
2026-02-24 05:00:00,NO,4,0.3,3.0443378295584353,1.6607310625477143,0.31243523166744547,5.776240427449425
2026-02-24 06:00:00,NO,4,0.3,2.7698276578787135,1.6497922187787535,0.05591945798766407,5.483735857769763
2026-02-24 07:00:00,NO,4,0.3,2.5211096511647044,1.582495480197408,-0.08209541376003182,5.12431471608944
2026-02-24 08:00:00,NO,4,0.5,2.761248399293753,1.5543185758375193,0.20439434204103346,5.318102456546472
2026-02-24 09:00:00,NO,4,2.0,2.8799210777094055,1.5835231165306751,0.27502555101644477,5.484816604402367
2026-02-24 10:00:00,NO,4,1.9,2.4464623434145882,1.6964337825052596,-0.3441712288065637,5.23709591563574
2026-02-24 11:00:00,NO,4,0.6,2.34556543031195,1.7807654130535777,-0.5837936741611851,5.274924534785086
2026-02-24 12:00:00,NO,4,0.8,2.4951118692948047,1.8094088865026678,-0.4813657490020842,5.471589487591693
2026-02-24 13:00:00,NO,4,1.0,2.6851109800761237,1.8218083178456026,-0.3117637027798925,5.68198566293214
2026-02-24 14:00:00,NO,4,1.3,2.8048600680315463,1.8554201175697058,-0.24730602537061985,5.857026161433712
2026-02-24 15:00:00,NO,4,1.5,2.8634044291916325,1.891133996525333,-0.2475109950925405,5.974319853475805
2026-02-24 16:00:00,NO,4,2.0,2.9343269247629986,1.8721854515620406,-0.14541814305655842,6.014071992582556
2026-02-24 17:00:00,NO,4,2.5,3.108737632835073,1.8819268158566616,0.01296802075086445,6.204507244919281
2026-02-24 18:00:00,NO,4,1.9,3.365930386355987,1.837159007041271,0.34380381977309593,6.388056952938878
2026-02-24 19:00:00,NO,4,0.8,3.499342066207756,1.7849567374997275,0.5630882330207045,6.435595899394808
2026-02-24 20:00:00,NO,4,0.6,3.403029356637196,1.7625779103600403,0.5035886940949297,6.302470019179462
2026-02-24 21:00:00,NO,4,0.6,3.3620128491605246,1.6968230382035456,0.570738951315692,6.153286747005357
2026-02-24 22:00:00,NO,4,0.6,3.6983891745876534,1.6474806414531526,0.9882835193972173,6.408494829778089
2026-02-24 23:00:00,NO,4,0.4,3.595095654032117,1.58639163660426,0.985481411818109,6.204709896246126
2026-02-25 00:00:00,NO,4,0.4,3.6678252600939367,1.5249560688182673,1.1592725268878872,6.176377993299987
2026-02-25 01:00:00,NO,4,0.4,4.159925689632507,1.484492048532074,1.717936269797245,6.601915109467769
2026-02-25 02:00:00,NO,4,0.4,3.9280593116212033,1.4693051773037527,1.5110522949565302,6.345066328285876
2026-02-25 03:00:00,NO,4,1.0,3.329980513256717,1.564013839473222,0.7571777473232668,5.902783279190167
2026-02-25 04:00:00,NO,4,1.4,2.9866202662799313,1.5308846515236192,0.4683150145235775,5.504925518036285
2026-02-25 05:00:00,NO,4,0.5,3.4577391167480513,1.470608078380413,1.038588827812272,5.876889405683831
2026-02-25 06:00:00,NO,4,0.4,3.4489760047934364,1.4277967774865137,1.1002503058281214,5.797701703758751
2026-02-25 07:00:00,NO,4,0.4,3.352925945747173,1.5402063245066961,0.8192865419336579,5.886565349560688
2026-02-25 08:00:00,NO,4,0.4,3.3451792342858324,1.514910816048273,0.8531509418864234,5.8372075266852415
2026-02-25 09:00:00,NO,4,1.1,3.527603608190013,1.5102941759035367,1.0431696888286952,6.012037527551331
2026-02-25 10:00:00,NO,4,1.4,3.7910371213810654,1.425879541473468,1.4454652756572104,6.13660896710492
2026-02-25 11:00:00,NO,4,0.5,4.066768360871718,1.4003442609887415,1.763202051545238,6.370334670198198
2026-02-25 12:00:00,NO,4,1.1,4.139460179687723,1.4727094615469702,1.716853115442957,6.562067243932489
2026-02-25 13:00:00,NO,4,1.3,3.9953169168141347,1.5831828315109386,1.3909811589786405,6.599652674649629
2026-02-25 14:00:00,NO,4,1.0,3.684746057375964,1.6793658872087525,0.9221891729175664,6.447302941834362
2026-02-25 15:00:00,NO,4,0.7,3.3897901287609185,1.8080308515488066,0.4155793779631316,6.364000879558706
2026-02-25 16:00:00,NO,4,0.6,3.37572424822187,1.8452630011838704,0.3402666112744033,6.411181885169337
2026-02-25 17:00:00,NO,4,0.8,3.381311038824409,1.869419366455404,0.3061161810052697,6.456505896643549
2026-02-25 18:00:00,NO,4,0.6,3.2013121518286676,1.8797351202798882,0.10914787896825162,6.293476424689084
2026-02-25 19:00:00,NO,4,0.5,3.0089124883044933,1.8422078015486614,-0.021519345243054655,6.039344321852042
2026-02-25 20:00:00,NO,4,0.5,2.8489098845368632,1.8231141472523282,-0.15011288769321673,5.847932656766943
2026-02-25 21:00:00,NO,4,0.5,2.769661052738633,1.7862593756144978,-0.16873562014721566,5.7080577256244815
2026-02-25 22:00:00,NO,4,0.6,2.886740214570689,1.788780711413969,-0.055804055705290345,5.829284484846668
2026-02-25 23:00:00,NO,4,0.6,2.70844802331127,1.7882151596429035,-0.2331659143013063,5.650061960923846
2026-02-26 00:00:00,NO,4,0.7,2.3070935796316916,1.7247221019591694,-0.530074278091142,5.144261437354525
2026-02-26 01:00:00,NO,4,1.3,2.9508585843866992,1.6660817710439428,0.2101540710194132,5.691563097753985
2026-02-26 02:00:00,NO,4,1.0,3.2828318041912445,1.5719262216829823,0.6970131695227386,5.868650438859751
2026-02-26 03:00:00,NO,4,0.4,3.3411717631082842,1.5513553460290421,0.78919221889051,5.893151307326058
2026-02-26 04:00:00,NO,4,0.4,3.503782439495412,1.5486787699073756,0.9562058629977788,6.051359015993045
2026-02-26 05:00:00,NO,4,0.4,3.7707830330577132,1.480816069721374,1.334840598366053,6.206725467749374
2026-02-26 06:00:00,NO,4,0.4,4.112502802999568,1.4181261845775173,1.7796852293695524,6.445320376629584
2026-02-26 07:00:00,NO,4,0.4,4.077733123021046,1.3662717386288996,1.830216112976506,6.325250133065586
2026-02-26 08:00:00,NO,4,1.2,4.318177712236271,1.2040745841630671,2.337475021288026,6.2988804031845165
2026-02-26 09:00:00,NO,4,2.0,4.4077109635476805,1.18497372970753,2.4584291781787937,6.356992748916568
2026-02-26 10:00:00,NO,4,0.6,4.180544534594634,1.2900720906219614,2.058375945521507,6.30271312366776
2026-02-26 11:00:00,NO,4,0.5,3.7601724226309807,1.4336677412827419,1.4017889882208703,6.118555857041091
2026-02-26 12:00:00,NO,4,1.3,3.6328510634124536,1.523335671260075,1.1269638841896303,6.138738242635277
2026-02-26 13:00:00,NO,4,1.7,3.668462692206803,1.563051314881436,1.0972432792268405,6.239682105186765
2026-02-26 14:00:00,NO,4,1.5,3.6722897986849716,1.6133272932343896,1.0183664013144007,6.3262131960555426
2026-02-26 15:00:00,NO,4,1.4,3.4587174288678804,1.4727720210826134,1.0360074541869815,5.881427403548779
2026-02-26 16:00:00,NO,4,1.3,3.685707295153465,1.5064778018292315,1.2075513111443792,6.163863279162551
2026-02-26 17:00:00,NO,4,1.1,3.844087261071932,1.5579660213050852,1.281233156025067,6.406941366118797
2026-02-26 18:00:00,NO,4,0.9,2.9365936044108656,1.6483237121075507,0.2251010979939445,5.648086110827787
2026-02-26 19:00:00,NO,4,0.5,2.359005963838211,1.6189514633859172,-0.3041691934316231,5.022181121108044
2026-02-26 20:00:00,NO,4,0.8,2.4735996745229096,1.6661233332038057,-0.2671732085973506,5.21437255764317
2026-02-26 21:00:00,NO,4,1.1,2.788889223286115,1.6270890606497939,0.11232771851720402,5.465450728055027
2026-02-26 22:00:00,NO,4,0.6,2.433242705298988,1.504723936440294,-0.04202817014529581,4.908513580743271
2026-02-26 23:00:00,NO,4,0.4,1.6245953231448607,1.5694281998715807,-0.9571140656438895,4.206304711933611
2026-02-27 00:00:00,NO,4,1.3,2.073450863842326,1.4965765800662325,-0.3884176103666266,4.535319338051279
2026-02-27 01:00:00,NO,4,2.5,2.1296310204278366,1.4493683175728527,-0.2545798619795061,4.513841902835179
2026-02-27 02:00:00,NO,4,1.3,2.0873235456341206,1.4584651883687398,-0.3118516892324563,4.486498780500698
2026-02-27 03:00:00,NO,4,0.4,1.865951320453822,1.4439258135913073,-0.5093066429038786,4.241209283811523
2026-02-27 04:00:00,NO,4,0.4,2.815163656013933,1.3159410341204385,0.6504406548858115,4.979886657142055
2026-02-27 05:00:00,NO,4,0.4,3.767062219761742,1.3179359206636156,1.599057630270094,5.93506680925339
2026-02-27 06:00:00,NO,4,0.4,3.066415815059167,1.3807958273894154,0.7950066790035786,5.337824951114755
2026-02-27 07:00:00,NO,4,0.4,3.179053012283063,1.2451769080795367,1.130736998492225,5.227369026073902
2026-02-27 08:00:00,NO,4,0.4,4.105619318243181,1.2610860759587388,2.031132723291056,6.180105913195306
2026-02-27 09:00:00,NO,4,1.5,4.4908298808861495,1.3747463082737854,2.2293722037757724,6.752287557996526
2026-02-27 10:00:00,NO,4,1.9,3.9276434713180155,1.417382139091124,1.5960498525131164,6.259237090122914
2026-02-27 11:00:00,NO,4,1.5,3.2955019705524817,1.575428286635528,0.7039224390370382,5.887081502067925
2026-02-27 12:00:00,NO,4,0.5,3.264776730368823,1.6237984893964013,0.5936282153117429,5.935925245425903
2026-02-27 13:00:00,NO,4,0.5,3.1961063228789577,1.628250151887118,0.5176348230246486,5.874577822733267
2026-02-27 14:00:00,NO,4,0.5,2.8814348353101393,1.514662307550669,0.3898153393892887,5.37305433123099
2026-02-27 15:00:00,NO,4,0.5,2.5334473880368384,1.8053894424778436,-0.43641824483921443,5.503313020912891
2026-02-27 16:00:00,NO,4,0.5,2.5440869751612873,1.6468662985837716,-0.16500808600901706,5.253182036331592
2026-02-27 17:00:00,NO,4,0.5,3.1013134508953044,1.6517639523636947,0.38416174925702684,5.818465152533582
2026-02-27 18:00:00,NO,4,0.6,2.7822078352504356,1.6671864907668472,0.03968605793897195,5.524729612561899
2026-02-27 19:00:00,NO,4,0.6,2.5439654285652997,1.8299294607806567,-0.4662685344188806,5.55419939154948
2026-02-27 20:00:00,NO,4,0.6,2.302334427258758,1.8310227116885078,-0.7096979334688376,5.314366787986353
2026-02-27 21:00:00,NO,4,0.7,2.4515561684145903,1.825181460538086,-0.5508673341705612,5.4539796709997415
2026-02-27 22:00:00,NO,4,0.9,2.0445627512261595,1.727317209779662,-0.7968740588613845,4.885999561313703
2026-02-27 23:00:00,NO,4,0.7,1.6234661927001413,1.6694068394296484,-1.1227080581616304,4.369640443561913
2026-02-28 00:00:00,NO,4,0.8,1.5706930555730272,1.6511696555265964,-1.1454810277682241,4.286867138914278
2026-02-28 01:00:00,NO,4,0.8,1.5086815137483713,1.575356635131633,-1.082780151043165,4.100143178539907
2026-02-28 02:00:00,NO,4,0.4,1.982941223157322,1.4312325985830305,-0.37143640151176327,4.337318847826407
2026-02-28 03:00:00,NO,4,0.4,2.1779878314958356,1.4214586150821005,-0.16031159031421982,4.516287253305891
2026-02-28 04:00:00,NO,4,0.4,2.2221231373583707,1.4469661849154807,-0.15813623682759514,4.602382511544336
2026-02-28 05:00:00,NO,4,0.4,2.810380994693649,1.392923276008422,0.5190222056597946,5.101739783727504
2026-02-28 06:00:00,NO,4,0.4,3.3676278319104953,1.3412795944871494,1.1612228989791347,5.574032764841856
2026-02-28 07:00:00,NO,4,0.4,3.0659637265023947,1.416357224154777,0.7360560927677864,5.3958713602370025
2026-02-28 08:00:00,NO,4,0.4,2.5010115999107674,1.4653877703254885,0.09044871772533858,4.911574482096196
2026-02-28 09:00:00,NO,4,0.4,2.4206680780637493,1.4972253136962308,-0.04226756296655054,4.883603719094049
2026-02-28 10:00:00,NO,4,0.5,2.2887520957606835,1.5249084991997806,-0.21972238542295575,4.797226576944323
2026-02-28 11:00:00,NO,4,1.2,2.217103770032752,1.5621624201629125,-0.35265341113523885,4.786860951200743
2026-02-28 12:00:00,NO,4,1.4,2.3021529693574436,1.6166010301597236,-0.3571557252553017,4.961461663970189
2026-02-28 13:00:00,NO,4,1.5,2.4560654417207224,1.666386486883746,-0.28514032920303967,5.197271212644484
2026-02-28 14:00:00,NO,4,1.5,2.5279617505321355,1.7270905784544635,-0.3131022510254571,5.369025752089728
2026-02-28 15:00:00,NO,4,1.4,2.568963257043209,1.77612806093676,-0.352767403197761,5.4906939172841795
2026-02-28 16:00:00,NO,4,1.3,2.7817871026267684,1.8739283905003132,-0.30082509974624694,5.864399304999784
2026-02-28 17:00:00,NO,4,1.3,2.878035673065508,1.9109580702060565,-0.2654903524234551,6.021561698554471
2026-02-28 18:00:00,NO,4,1.3,2.8279702729131446,1.8916691639626206,-0.28382550180536636,5.939766047631656
2026-02-28 19:00:00,NO,4,1.4,2.921234717509095,1.8824797658056436,-0.17544449724118882,6.017913932259379
2026-02-28 20:00:00,NO,4,1.5,2.919757372346673,1.8796717442869562,-0.1723026470053699,6.011817391698717
2026-02-28 21:00:00,NO,4,1.7,2.830032304035483,1.858162507436688,-0.22664502069786874,5.886709628768835
2026-02-28 22:00:00,NO,4,1.9,2.6819526145547266,1.8390867963045916,-0.34334516536632664,5.70725039447578
2026-02-28 23:00:00,NO,4,1.4,2.5155655693551324,1.8120615032887148,-0.4652756035548036,5.496406742265068
2026-03-01 00:00:00,NO,4,0.5,2.406727090910952,1.7779843974989864,-0.5180572429748804,5.331511424796785
2026-03-01 01:00:00,NO,4,0.4,2.3396554100357787,1.7464308506162167,-0.5332233392278978,5.212534159299455
2026-03-01 02:00:00,NO,4,0.4,2.58019396259978,1.7201193432370372,-0.24940235702514624,5.409790282224706
2026-03-01 03:00:00,NO,4,0.4,2.880135846896099,1.7083431447588135,0.06991137376785073,5.6903603200243476
2026-03-01 04:00:00,NO,4,0.4,3.0513520085402077,1.7006359952341574,0.25380579638001866,5.848898220700397
2026-03-01 05:00:00,NO,4,0.4,3.262177131360335,1.6855054497988649,0.4895206664412024,6.0348335962794675
2026-03-01 06:00:00,NO,4,0.4,3.5771122656632612,1.7498077679120896,0.6986784874478738,6.455546043878648
2026-03-01 07:00:00,NO,4,0.4,3.750414359902103,1.8049085929587219,0.7813397244850053,6.7194889953192005
2026-03-01 08:00:00,NO,4,0.4,3.7099606692291163,1.8544152720762976,0.6594475466636065,6.760473791794626
2026-03-01 09:00:00,NO,4,0.4,3.650610075405435,1.868945805594931,0.5761942252017733,6.725025925609097
2026-03-01 10:00:00,NO,4,0.5,3.66545039985488,1.874333874765374,0.5821711758658399,6.7487296238439205
2026-03-01 11:00:00,NO,4,1.0,3.676317780627137,1.878866011710128,0.5855831913639769,6.767052369890298
2026-03-01 12:00:00,NO,4,1.6,3.624355305367242,1.8951919589359698,0.5067645329175718,6.7419460778169125
2026-03-01 13:00:00,NO,4,2.0,3.643505655683483,1.903771080197842,0.5118022287580328,6.775209082608933
2026-03-01 14:00:00,NO,4,2.3,3.670856383781261,1.9183941650012153,0.5150979823542619,6.82661478520826
2026-03-01 15:00:00,NO,4,2.5,3.6096557689413586,1.9363642042685043,0.4243366529196688,6.7949748849630485
2026-03-01 16:00:00,NO,4,2.7,3.562042807433769,1.9480733562843573,0.35746213634600155,6.766623478521536
2026-03-01 17:00:00,NO,4,2.8,3.5144636807693375,1.956337000540274,0.29628931488058674,6.732638046658089
2026-03-01 18:00:00,NO,4,2.8,3.5267294642691986,1.9550247135532792,0.31071381047405433,6.742745118064343
2026-03-01 19:00:00,NO,4,2.8,3.5860713805955227,1.9469062066487741,0.3834106706582894,6.788732090532756
2026-03-01 20:00:00,NO,4,2.8,3.630521018975614,1.9377805317729992,0.44287204420903015,6.818169993742197
2026-03-01 21:00:00,NO,4,2.7,3.6836102576386773,1.9209542059736526,0.5236405888120186,6.8435799264653365
2026-03-01 22:00:00,NO,4,2.8,3.6629181559261474,1.9019745271549227,0.5341700587562999,6.791666253095995
2026-03-01 23:00:00,NO,4,3.0,3.5964441695290983,1.8878247734293174,0.4909724172378711,6.7019159218203255
2026-03-02 00:00:00,NO,4,3.4,3.499733068089829,1.8712455368566752,0.4215341599605984,6.577931976219059
2026-03-02 01:00:00,NO,4,4.0,3.390681914598795,1.8383732006698603,0.36655799949687484,6.414805829700716
2026-03-02 02:00:00,NO,4,5.0,3.270651973918382,1.8029390243572194,0.30481727885075616,6.236486668986007
2026-03-02 03:00:00,NO,4,3.8,3.1774401798255743,1.7945738387981098,0.2253662150026834,6.129514144648465
2026-03-02 04:00:00,NO,4,2.2,3.187994137452198,1.78234289907521,0.2560400684734776,6.119948206430918
2026-03-02 05:00:00,NO,4,1.5,3.2048999747255342,1.7786734944474565,0.27898207635946815,6.1308178730916
2026-03-02 06:00:00,NO,4,0.9,3.242117515831075,1.753211945944189,0.3580838647528841,6.126151166909266
2026-03-02 07:00:00,NO,4,0.5,3.371230068725499,1.700801591047892,0.5734114514517166,6.169048685999281
2026-03-02 08:00:00,NO,4,0.4,3.4381130794498507,1.6454724155913185,0.7313109558021318,6.14491520309757
2026-03-02 09:00:00,NO,4,0.8,3.272749896644712,1.6140435364089754,0.6176482792519473,5.927851514037476
2026-03-02 10:00:00,NO,4,1.7,2.767194084224318,1.6801820066534205,0.0032946832794413794,5.531093485169195
2026-03-02 11:00:00,NO,4,2.4,3.0342511061576105,1.6942125018144345,0.2472715406728656,5.821230671642356
2026-03-02 12:00:00,NO,4,2.9,3.6234565158796395,1.767471356488394,0.7159661344562314,6.530946897303048
2026-03-02 13:00:00,NO,4,3.2,3.976069323927293,1.798936394084426,1.0168189556584117,6.935319692196174
2026-03-02 14:00:00,NO,4,3.5,3.4174505181267034,1.853200685943583,0.3689353897495091,6.465965646503898
2026-03-02 15:00:00,NO,4,3.7,3.1312605834978355,1.8997044965891812,0.00624668660863259,6.256274480387038
2026-03-02 16:00:00,NO,4,3.8,3.022815460511195,1.9355247990545983,-0.16112283393361926,6.20675375495601
2026-03-02 17:00:00,NO,4,3.9,3.1377761319618287,1.9133021973460214,-0.009605982672376445,6.285158246596033
2026-03-02 18:00:00,NO,4,3.8,3.62158095125556,1.902891279542838,0.4913247964075911,6.751837106103529
2026-03-02 19:00:00,NO,4,3.7,3.84922352911309,1.914492496067931,0.6998833730813434,6.998563685144837
2026-03-02 20:00:00,NO,4,3.4,3.8036350457989094,1.9222372976107343,0.6415546912292514,6.965715400368568
2026-03-02 21:00:00,NO,4,3.3,3.522362061096212,1.919856750544843,0.3641977064499451,6.680526415742479
2026-03-02 22:00:00,NO,4,3.3,3.1182741869253294,1.896347963623225,-0.001218213234875698,6.2377665870855346
2026-03-02 23:00:00,NO,4,3.1,3.0662202078639496,1.7937478257724842,0.11550503446821292,6.016935381259686
2026-03-03 00:00:00,NO,4,1.8,3.1275592736702253,1.6856084728301581,0.3547333358646152,5.900385211475836
2026-03-03 01:00:00,NO,4,0.8,2.79837600283224,1.6529405968517217,0.07928872101115791,5.5174632846533225
2026-03-03 02:00:00,NO,4,0.5,2.5088052887853904,1.6507271152655658,-0.2066408158264652,5.224251393397246
2026-03-03 03:00:00,NO,4,0.5,2.394862486727227,1.6791233946692112,-0.3672954975036258,5.157020470958079
2026-03-03 04:00:00,NO,4,0.5,2.3594078143141237,1.689072281640571,-0.4191160889846155,5.137931717612863
2026-03-03 05:00:00,NO,4,0.5,2.5978404370841237,1.676015203812093,-0.1592045731867695,5.3548854473550165
2026-03-03 06:00:00,NO,4,0.5,2.941657163035006,1.6257839930695832,0.2672424944355418,5.61607183163447
2026-03-03 07:00:00,NO,4,0.5,3.2852038251641087,1.6408363032808069,0.5860281062671815,5.984379544061036
2026-03-03 08:00:00,NO,4,0.9,3.9780339254301174,1.7131318630524062,1.1599320107089093,6.796135840151326
2026-03-03 09:00:00,NO,4,2.4,4.224424186507136,1.8124224618445286,1.2429892367728863,7.2058591362413855
2026-03-03 10:00:00,NO,4,1.3,4.166239939433986,1.8190620428342008,1.1738828789717255,7.158596999896246
2026-03-03 11:00:00,NO,4,0.8,4.0153312649462585,1.834311432048387,0.9978889592266618,7.032773570665855
2026-03-03 12:00:00,NO,4,1.1,3.7203808177706534,1.8576894914865574,0.6644816042752666,6.77628003126604
2026-03-03 13:00:00,NO,4,1.4,3.468343067699825,1.89162245488966,0.35662412940633414,6.580062005993316
2026-03-03 14:00:00,NO,4,1.6,3.493699303338387,1.9098138947034884,0.35205544655114895,6.635343160125625
2026-03-03 15:00:00,NO,4,1.6,3.630487886545047,1.915866556392948,0.4788874012786475,6.782088371811447
2026-03-03 16:00:00,NO,4,1.8,3.819402147566897,1.9036530857226637,0.6878928215531155,6.950911473580678
2026-03-03 17:00:00,NO,4,2.0,3.7978347789650817,1.9376800465101096,0.6103511024559514,6.9853184554742125
2026-03-03 18:00:00,NO,4,2.0,3.7873552628063645,1.9452637368278463,0.5873964157245575,6.987314109888171
2026-03-03 19:00:00,NO,4,1.9,3.7334991860440354,1.9430282193270147,0.5372177652510963,6.9297806068369745
2026-03-03 20:00:00,NO,4,1.6,3.5247521504773616,1.9280704577422825,0.3530762474913067,6.696428053463416
2026-03-03 21:00:00,NO,4,1.4,3.3730674441029946,1.9121776356898017,0.22753523339327097,6.518599654812718
2026-03-03 22:00:00,NO,4,1.3,3.681767395584187,1.8761972798265267,0.5954228702695503,6.768111920898823
2026-03-03 23:00:00,NO,4,1.3,3.391371508177841,1.868670391600176,0.3174087139955515,6.46533430236013
2026-03-04 00:00:00,NO,4,0.7,3.6218946391402658,1.8322617747565992,0.6078240196656601,6.635965258614871
2026-03-04 01:00:00,NO,4,0.4,3.7893230627161074,1.7973747704121448,0.8326415653881294,6.746004560044085
2026-03-04 02:00:00,NO,4,0.4,3.849481152290561,1.7576689250675481,0.9581157705544441,6.740846534026678
2026-03-04 03:00:00,NO,4,0.4,3.6922265037390813,1.7633587593290003,0.7915013446428758,6.592951662835286
2026-03-04 04:00:00,NO,4,0.4,3.620641792989929,1.7632573109728882,0.7200835164395278,6.521200069540329
2026-03-04 05:00:00,NO,4,0.4,4.073479244866054,1.7062918418527608,1.2666291650182626,6.880329324713847
2026-03-04 06:00:00,NO,4,0.4,3.68596153829687,1.7252673295095606,0.8478967812536427,6.524026295340097
2026-03-04 07:00:00,NO,4,0.5,3.6027357003139415,1.7534555979591422,0.7183012416711527,6.48717015895673
2026-03-04 08:00:00,NO,4,1.6,3.733670899194954,1.7500268155955538,0.8548767875402681,6.61246501084964
2026-03-04 09:00:00,NO,4,2.4,3.7930004787197125,1.75195847776221,0.911028782800877,6.6749721746385475
2026-03-04 10:00:00,NO,4,0.9,3.751329838874353,1.769520959513019,0.8404678604754365,6.6621918172732695
2026-03-04 11:00:00,NO,4,0.6,3.689345928724092,1.8021681513063077,0.7247793198252159,6.653912537622968
2026-03-04 12:00:00,NO,4,0.5,3.648492017841818,1.821739150117636,0.6517311158983063,6.64525291978533
2026-03-04 13:00:00,NO,4,0.9,3.622139789610458,1.840222561391814,0.5949736761209241,6.649305903099992
2026-03-04 14:00:00,NO,4,1.6,3.627372470290072,1.8674788483182676,0.5553697648065219,6.699375175773622
2026-03-04 15:00:00,NO,4,1.4,3.7281370822422133,1.8096227963105525,0.7513075823113544,6.704966582173072
2026-03-04 16:00:00,NO,4,1.2,3.730082037386255,1.8328278064651535,0.7150802957510773,6.745083779021432
2026-03-04 17:00:00,NO,4,0.9,3.732758427458023,1.85127228014313,0.6874155266225741,6.778101328293472
2026-03-04 18:00:00,NO,4,0.7,3.7183373497455237,1.8826069678312092,0.6214488876631847,6.815225811827863
2026-03-04 19:00:00,NO,4,0.6,3.500906485578861,1.9102838533316846,0.3584895468482401,6.643323424309482
2026-03-04 20:00:00,NO,4,0.6,3.2503299184242525,1.8885984153128679,0.14358552523458457,6.35707431161392
2026-03-04 21:00:00,NO,4,0.6,3.2925888150157308,1.8409811315783777,0.2641748535692994,6.321002776462162
2026-03-04 22:00:00,NO,4,0.6,3.40093149777885,1.7609673469326472,0.5041402120746454,6.297722783483055
2026-03-04 23:00:00,NO,4,0.7,3.0748082324573365,1.777604774625722,0.1506483781980239,5.9989680867166495
2026-03-05 00:00:00,NO,4,0.7,3.5783804859389856,1.7131140546133046,0.7603078661000997,6.396453105777871
2026-03-05 01:00:00,NO,4,1.0,3.393919825474367,1.7008007188546703,0.5961026429584342,6.1917370079903
2026-03-05 02:00:00,NO,4,0.7,3.3613897663424455,1.6643908128013283,0.6234668792842606,6.099312653400631
2026-03-05 03:00:00,NO,4,0.4,3.3691657720122263,1.657559868223529,0.642479788784521,6.095851755239932
2026-03-05 04:00:00,NO,4,0.4,3.2914952212519264,1.633004067649456,0.6052035299685712,5.977786912535281
2026-03-05 05:00:00,NO,4,0.4,3.2579939289029944,1.628150933563127,0.5796856431916506,5.936302214614338
2026-03-05 06:00:00,NO,4,0.4,3.4980366865654853,1.5962355208793992,0.8722292547188735,6.123844118412097
2026-03-05 07:00:00,NO,4,0.8,3.483232612161181,1.5603517597974041,0.9164539672944509,6.050011257027911
2026-03-05 08:00:00,NO,4,2.0,3.477465170410493,1.5203262552482206,0.9765284805271701,5.978401860293816
2026-03-05 09:00:00,NO,4,0.9,3.6426320708467905,1.5039852011849792,1.1685764148974997,6.116687726796082
2026-03-05 10:00:00,NO,4,0.8,3.6686121092952955,1.5392893628715025,1.1364811073716736,6.200743111218918
2026-03-05 11:00:00,NO,4,1.3,3.6897738943731486,1.5916673313420286,1.0714811343155115,6.308066654430785
2026-03-05 12:00:00,NO,4,0.8,3.6992401112508353,1.6274627867648759,1.0220638270226146,6.3764163954790565
2026-03-05 13:00:00,NO,4,0.5,3.7278981234919097,1.6712864507496628,0.9786319120087144,6.477164334975106
2026-03-05 14:00:00,NO,4,0.7,3.751059609503079,1.6676492890212282,1.0077765290631584,6.494342689942999
2026-03-05 15:00:00,NO,4,1.1,3.6415630430917267,1.7118389500250255,0.8255879703005595,6.457538115882894
2026-03-05 16:00:00,NO,4,0.6,3.776406421562063,1.7932091135024275,0.8265774298505697,6.726235413273557
2026-03-05 17:00:00,NO,4,0.5,3.741791356885078,1.7813894544242825,0.8114057043571332,6.672177009413023
2026-03-05 18:00:00,NO,4,0.5,3.2856118373969987,1.7648843445321514,0.38237709064160974,6.188846584152388
2026-03-05 19:00:00,NO,4,0.5,2.7846672772663053,1.7394249129474382,-0.07668670453223037,5.646021259064841
2026-03-05 20:00:00,NO,4,0.5,2.585119589911418,1.790501770062024,-0.36025582184061156,5.530495001663448
2026-03-05 21:00:00,NO,4,0.8,2.4175256747770835,1.7435766979150358,-0.4506579932931505,5.285709342847317
2026-03-05 22:00:00,NO,4,0.5,1.5701147310493568,1.6549683950652292,-1.1523082788329453,4.2925377409316585
2026-03-05 23:00:00,NO,4,0.5,2.1838076527832175,1.6474210782800651,-0.5262000209874897,4.893815326553925
2026-03-06 00:00:00,NO,4,0.6,2.4330393634763654,1.6198073155566788,-0.23154367061437142,5.097622397567102
2026-03-06 01:00:00,NO,4,0.6,2.456592956752768,1.5745965655662024,-0.13361839360363525,5.046804307109171
2026-03-06 02:00:00,NO,4,0.4,2.9271298778116566,1.495810255577143,0.466522007387256,5.3877377482360576
2026-03-06 03:00:00,NO,4,0.4,3.1258117236072995,1.4533941333782976,0.7349783741999998,5.516645073014599
2026-03-06 04:00:00,NO,4,0.4,2.723656615787183,1.403194036874547,0.4154024251285531,5.031910806445813
2026-03-06 05:00:00,NO,4,0.4,3.0942345488413436,1.3455056673736387,0.880877726011708,5.307591371670979
2026-03-06 06:00:00,NO,4,0.4,3.3619366005777622,1.3133927901547406,1.2014054607732136,5.522467740382311
2026-03-06 07:00:00,NO,4,1.0,3.1245192372905186,1.3234565937344651,0.9474331405973233,5.301605333983714
2026-03-06 08:00:00,NO,4,1.7,3.1397134346445683,1.3626542579751653,0.8981471802754215,5.381279689013715
2026-03-06 09:00:00,NO,4,0.5,3.290123491535808,1.3793426149216432,1.0211048899897048,5.5591420930819115
2026-03-06 10:00:00,NO,4,0.8,3.5234705383572704,1.4310223101495407,1.169438838161276,5.877502238553265
2026-03-06 11:00:00,NO,4,1.6,3.3442877807691707,1.5365016934319027,0.8167424950736906,5.871833066464651
2026-03-06 12:00:00,NO,4,1.2,3.5925038926675614,1.5795974639533634,0.9940660644642785,6.190941720870844
2026-03-06 13:00:00,NO,4,0.9,3.7963043301687116,1.603238053381707,1.1589777323558037,6.4336309279816195
2026-03-06 14:00:00,NO,4,0.8,3.6326833254240167,1.6168640218346193,0.9729420095060681,6.292424641341965
2026-03-06 15:00:00,NO,4,0.7,3.554704236539509,1.7216201397101694,0.7226391067162803,6.386769366362738
2026-03-06 16:00:00,NO,4,0.7,3.68366281424048,1.8019697995547352,0.7194224939729406,6.647903134508019
2026-03-06 17:00:00,NO,4,0.7,3.5725324581114744,1.8262067535608983,0.5684223485037965,6.576642567719152
2026-03-06 18:00:00,NO,4,0.6,3.2518244442796034,1.8257520592986423,0.2484623067333369,6.255186581825869
2026-03-06 19:00:00,NO,4,0.6,2.9854773788639974,1.8376212157876357,-0.0374095211066634,6.008364278834659
2026-03-06 20:00:00,NO,4,0.7,2.68889383464658,1.833130132616201,-0.3266052335070708,5.704392902800231
2026-03-06 21:00:00,NO,4,0.9,2.383507323567835,1.802841762398217,-0.5821673755772316,5.349182022712902
2026-03-06 22:00:00,NO,4,0.5,1.9922818268496933,1.7973409420954705,-0.9643440228973557,4.948907676596742
2026-03-06 23:00:00,NO,4,0.8,2.3381334137424448,1.7936280481711968,-0.6123847254991741,5.288651552984064
2026-03-07 00:00:00,NO,4,1.1,2.39736200160764,1.767082441232638,-0.5094886142200497,5.304212617435329
2026-03-07 01:00:00,NO,4,0.4,2.295486099042522,1.7051777144775204,-0.5095312412729989,5.100503439358043
2026-03-07 02:00:00,NO,4,0.4,2.968748358594335,1.6158537244049473,0.31066898194819625,5.626827735240473
2026-03-07 03:00:00,NO,4,0.4,3.26161316224755,1.5595771963938376,0.6961086741796874,5.827117650315413
2026-03-07 04:00:00,NO,4,0.4,3.0981567563027865,1.5386492360275525,0.5670787630374625,5.629234749568111
2026-03-07 05:00:00,NO,4,0.4,3.705262279056381,1.5775402682303472,1.1102085378174595,6.300316020295302
2026-03-07 06:00:00,NO,4,0.4,3.55677881078163,1.5555445106193202,0.9979080908128481,6.115649530750412
2026-03-07 07:00:00,NO,4,0.5,3.1620615051866108,1.546578528018001,0.6179398265969991,5.706183183776222
2026-03-07 08:00:00,NO,4,0.5,3.370577155644344,1.5630831124375066,0.7993054356846456,5.941848875604043
2026-03-07 09:00:00,NO,4,0.5,3.5496379332799313,1.6336940357304783,0.8622112445032943,6.237064622056568
2026-03-07 10:00:00,NO,4,0.6,3.4675708093976465,1.6846721583367614,0.6962851089336741,6.238856509861619
2026-03-07 11:00:00,NO,4,0.7,3.5203856212461035,1.747788164901502,0.6452740899831331,6.3954971525090745
2026-03-07 12:00:00,NO,4,0.8,3.6850499735801314,1.7601243957293848,0.7896453426052932,6.580454604554969
2026-03-07 13:00:00,NO,4,0.8,3.7539246578683847,1.7727382702922228,0.8377702032376781,6.670079112499091
2026-03-07 14:00:00,NO,4,0.9,3.6092053109499522,1.879508773307176,0.5174133788596476,6.700997243040257
2026-03-07 15:00:00,NO,4,0.9,3.541810377420676,1.934586207583157,0.35941606594638253,6.72420468889497
2026-03-07 16:00:00,NO,4,1.0,3.4827104155283726,1.956569866444858,0.2641529852265809,6.701267845830165
2026-03-07 17:00:00,NO,4,1.2,3.457943038901135,1.957269216357833,0.23823517799249982,6.67765089980977
2026-03-07 18:00:00,NO,4,1.3,3.369662267736751,1.964660365074419,0.13779596718933185,6.60152856828417
2026-03-07 19:00:00,NO,4,1.3,3.318189779359152,1.9667558790330775,0.08287635834973983,6.5535032003685645
2026-03-07 20:00:00,NO,4,1.3,3.2852928728554396,1.964308003210233,0.05400620757460661,6.5165795381362726
2026-03-07 21:00:00,NO,4,1.5,3.242038619052103,1.9603137486946594,0.017322502449388377,6.466754735654817
2026-03-07 22:00:00,NO,4,2.0,3.284211097098017,1.9524254269754662,0.07247126972337536,6.495950924472659
2026-03-07 23:00:00,NO,4,1.0,3.2639755584699133,1.9466513872353925,0.06173402646769244,6.466217090472134
2026-03-08 00:00:00,NO,4,0.5,3.259378782147418,1.9360367505680875,0.07459832746291362,6.444159236831922
2026-03-08 01:00:00,NO,4,0.9,3.338200925497383,1.9141483824218466,0.18942683641344527,6.48697501458132
2026-03-08 02:00:00,NO,4,0.6,3.4842097054836647,1.8693247518391927,0.4091704887081926,6.559248922259137
2026-03-08 03:00:00,NO,4,0.5,3.508004827848094,1.8461592770848587,0.4710728170435017,6.544936838652687
2026-03-08 04:00:00,NO,4,0.5,3.446341431630486,1.8279728962198882,0.43932601734876986,6.453356845912202
2026-03-08 05:00:00,NO,4,0.5,3.3762225106065173,1.78064863311293,0.4470555091357471,6.305389512077287
2026-03-08 06:00:00,NO,4,0.5,3.440751784045365,1.810271836927849,0.4628546122990538,6.418648955791676
2026-03-08 07:00:00,NO,4,0.5,3.4720164789026,1.8556979027417886,0.41939342889235753,6.524639528912842
2026-03-08 08:00:00,NO,4,0.5,3.4133693824095865,1.853909464136641,0.36368831390481215,6.463050450914361
2026-03-08 09:00:00,NO,4,0.6,3.400305122880355,1.8524214851079612,0.35307177987775873,6.4475384658829515
2026-03-08 10:00:00,NO,4,0.7,3.5273612648397363,1.8490406740409222,0.48568935604241936,6.569033173637053
2026-03-08 11:00:00,NO,4,1.1,3.6647180240697463,1.831174796826827,0.652435483289616,6.677000564849877
2026-03-08 12:00:00,NO,4,1.4,3.6718063581110467,1.8517962091607747,0.6256015940415725,6.7180111221805205
2026-03-08 13:00:00,NO,4,1.7,3.827084739319498,1.8505691294008244,0.782898521455142,6.871270957183855
2026-03-08 14:00:00,NO,4,2.0,3.8246049503809894,1.8811414358709864,0.7301272883732168,6.919082612388761
2026-03-08 15:00:00,NO,4,2.2,3.6241052749313165,1.914241507263961,0.4751779954821007,6.773032554380532
2026-03-08 16:00:00,NO,4,2.4,3.551684565082396,1.9375753272635579,0.3643731517338433,6.738995978430948
2026-03-08 17:00:00,NO,4,2.6,3.45758845736491,1.9522589539971014,0.24612247803967824,6.669054436690141
2026-03-08 18:00:00,NO,4,2.7,3.4489071974643783,1.948444112778924,0.24371663194304816,6.6540977629857085
2026-03-08 19:00:00,NO,4,2.8,3.3567672398839306,1.9352196998666462,0.17333083360329749,6.540203646164564
2026-03-08 20:00:00,NO,4,2.8,3.3236982029768884,1.9362474205504105,0.13857119617146285,6.508825209782314
2026-03-08 21:00:00,NO,4,2.8,3.3609987697396413,1.926896895389019,0.1912533768247049,6.530744162654578
2026-03-08 22:00:00,NO,4,3.0,3.388759915147567,1.9154430917501315,0.23785602921860072,6.539663801076533
2026-03-08 23:00:00,NO,4,3.3,3.354773861224291,1.9023449331269617,0.22541644623043933,6.484131276218143
2026-03-09 00:00:00,NO,4,3.7,3.3809034081295017,1.8806438908508156,0.28724420767991,6.4745626085790935
2026-03-09 01:00:00,NO,4,4.7,3.4022757223436537,1.8438456359565818,0.3691496511950767,6.435401793492231
2026-03-09 02:00:00,NO,4,4.3,3.424855934155527,1.796318962644651,0.46991124060507605,6.379800627705978
2026-03-09 03:00:00,NO,4,3.3,3.347115730123886,1.765296157841262,0.4432035504750096,6.251027909772763
2026-03-09 04:00:00,NO,4,2.4,3.2233605583662075,1.7652660479364366,0.31949790951076906,6.127223207221646
2026-03-09 05:00:00,NO,4,1.6,3.185553146405027,1.7750774045461915,0.26555081592654206,6.105555476883511
2026-03-09 06:00:00,NO,4,1.0,3.1127152073807873,1.768808843755221,0.20302465940344883,6.022405755358125
2026-03-09 07:00:00,NO,4,0.8,3.055274585801829,1.7349245643698885,0.20132367741336266,5.909225494190295
2026-03-09 08:00:00,NO,4,0.8,2.999562244851292,1.7454382328424314,0.1283163518254926,5.870808137877091
2026-03-09 09:00:00,NO,4,0.9,2.7735694547215384,1.7707277616546433,-0.13927771320034976,5.686416622643426
2026-03-09 10:00:00,NO,4,1.4,2.650894220070652,1.7959000897573678,-0.3033614275802181,5.605149867721522
2026-03-09 11:00:00,NO,4,2.0,2.853325940736214,1.8570920356569454,-0.20159045791946095,5.908242339391889
2026-03-09 12:00:00,NO,4,2.3,3.2009826812624,1.877241162131737,0.11292096955569253,6.2890443929691076
2026-03-09 13:00:00,NO,4,2.3,3.583182786873315,1.8714853618075662,0.5045893666998684,6.661776207046762
2026-03-09 14:00:00,NO,4,2.3,3.6637645238499212,1.8804710810540926,0.5703895955159388,6.757139452183903
2026-03-09 15:00:00,NO,4,2.3,3.3903631634426876,1.9298149699494633,0.21581753787582025,6.564908789009555
2026-03-09 16:00:00,NO,4,2.3,3.327172342731494,1.9425856873368894,0.13161888706231073,6.522725798400677
2026-03-09 17:00:00,NO,4,2.4,3.3421125493685855,1.9291664451759234,0.16863374705419165,6.515591351682979
2026-03-09 18:00:00,NO,4,2.4,3.478392328812914,1.929735897184792,0.3039767779439311,6.652807879681897
2026-03-09 19:00:00,NO,4,2.3,3.6032695104575803,1.9415970795857405,0.40934231453903713,6.797196706376123
2026-03-09 20:00:00,NO,4,2.2,3.592137900414075,1.9510329453252053,0.38268870535411237,6.801587095474037
2026-03-09 21:00:00,NO,4,2.0,3.4900499478730005,1.9534739582325356,0.27658528658047965,6.703514609165522
2026-03-09 22:00:00,NO,4,2.0,3.5236297042145996,1.9300399266187094,0.3487140249268226,6.698545383502377
2026-03-09 23:00:00,NO,4,2.1,3.561599056228645,1.8932173018503702,0.4472565946847862,6.675941517772504
2026-03-10 00:00:00,NO,4,2.0,3.5147589158319,1.8465469931512337,0.47718911209812065,6.552328719565679
2026-03-10 01:00:00,NO,4,1.0,3.341361394942717,1.7948692973433624,0.3888014008128855,6.293921389072548
2026-03-10 02:00:00,NO,4,0.7,3.2873061743015883,1.7578038433653365,0.39571885196560963,6.178893496637567
2026-03-10 03:00:00,NO,4,0.7,3.300893017192882,1.7521983431077865,0.418526742780573,6.183259291605191
2026-03-10 04:00:00,NO,4,0.7,3.269162889434532,1.7477327859623655,0.39414245652644064,6.144183322342624
2026-03-10 05:00:00,NO,4,0.6,3.3882654387288347,1.7413513048210238,0.5237425422982502,6.252788335159419
2026-03-10 06:00:00,NO,4,0.8,3.6773335304488857,1.7069240241951003,0.8694435106479457,6.485223550249826
2026-03-10 07:00:00,NO,4,0.9,3.8676776595110693,1.6882666988757018,1.0904789398605397,6.644876379161599
2026-03-10 08:00:00,NO,4,2.0,3.8811229243963883,1.716718233229483,1.0571214307338885,6.7051244180588885
2026-03-10 09:00:00,NO,4,2.4,4.062303890848954,1.7562263531837752,1.1733115398616434,6.951296241836264
2026-03-10 10:00:00,NO,4,1.2,4.147452586386129,1.7823462103938155,1.2154930702883027,7.079412102483956
2026-03-10 11:00:00,NO,4,1.5,4.071564220677647,1.7997531097720434,1.1109703551026358,7.032158086252659
2026-03-10 12:00:00,NO,4,2.1,3.986348765077147,1.8252425171273514,0.983824824402654,6.98887270575164
2026-03-10 13:00:00,NO,4,1.9,3.7823433898628234,1.8666881184135202,0.7116414350725826,6.853045344653064
2026-03-10 14:00:00,NO,4,1.2,3.666720805426389,1.909470551667697,0.5256417479330273,6.807799862919751
2026-03-10 15:00:00,NO,4,1.2,3.937672582363979,1.8745121056586163,0.8541001685555552,7.021244996172403
2026-03-10 16:00:00,NO,4,1.8,4.0059152535107625,1.8824312503906377,0.9093158466181634,7.1025146604033615
2026-03-10 17:00:00,NO,4,1.6,3.8149978349420115,1.913414672819501,0.6674306981539324,6.962564971730091
2026-03-10 18:00:00,NO,4,1.2,3.5438270562913345,1.9183547087914006,0.38813356032948043,6.699520552253189
2026-03-10 19:00:00,NO,4,1.2,3.317308110392762,1.911527047216285,0.17284611772197334,6.461770103063551
2026-03-10 20:00:00,NO,4,2.0,3.1562056315625755,1.8960146566505878,0.03726152137235861,6.275149741752792
2026-03-10 21:00:00,NO,4,1.5,3.081484264981038,1.9013852621812108,-0.046294491307053764,6.20926302126913
2026-03-10 22:00:00,NO,4,1.1,2.917712208397752,1.868051707597416,-0.15523285059999736,5.990657267395501
2026-03-10 23:00:00,NO,4,1.7,2.5414937892914944,1.8150460782538176,-0.4442570094360354,5.527244588019024
2026-03-11 00:00:00,NO,4,2.0,2.8582910079117356,1.809881818310211,-0.11896458320856151,5.835546599032033
2026-03-11 01:00:00,NO,4,1.0,3.0748010819674034,1.8019440516195306,0.1106031170532753,6.038999046881532
2026-03-11 02:00:00,NO,4,1.0,3.2206538752914318,1.7618025568323268,0.3224886693022544,6.118819081280609
2026-03-11 03:00:00,NO,4,1.0,3.221752249099593,1.6756717832327102,0.46527216568178487,5.9782323325174005
2026-03-11 04:00:00,NO,4,1.0,3.978193522069941,1.6816766668341137,1.211835405127824,6.744551639012059
2026-03-11 05:00:00,NO,4,1.0,4.174732335630052,1.7057246027494986,1.3688153641071272,6.980649307152977
2026-03-11 06:00:00,NO,4,1.1,3.7035052348907804,1.6595908065546956,0.9734783581083062,6.433532111673255
2026-03-11 07:00:00,NO,4,1.8,3.756963834498038,1.6372024427812262,1.0637658161229209,6.450161852873155
2026-03-11 08:00:00,NO,4,1.8,3.9657740713867624,1.6320105061882146,1.2811167887071493,6.6504313540663755
2026-03-11 09:00:00,NO,4,1.2,4.048116732410995,1.636180898004946,1.3565991551928591,6.739634309629132
2026-03-11 10:00:00,NO,4,2.0,3.61973881904676,1.691060291101843,0.8379446401842281,6.4015329979092925
2026-03-11 11:00:00,NO,4,2.1,3.810242742372144,1.7028271977880467,1.009092002010807,6.611393482733481
2026-03-11 12:00:00,NO,4,1.3,4.332650883167962,1.7145419769564365,1.5122293310746238,7.153072435261301
2026-03-11 13:00:00,NO,4,2.3,4.052762212826688,1.7060549421838973,1.246301832934177,6.859222592719199
2026-03-11 14:00:00,NO,4,3.1,3.6394565054599965,1.577113962954348,1.0451040364000939,6.233808974519899
2026-03-11 15:00:00,NO,4,1.9,3.9686040566200758,1.689327258291893,1.1896607167299118,6.74754739651024
2026-03-11 16:00:00,NO,4,1.2,3.983414374541796,1.7079659538710064,1.1738103804239906,6.7930183686596015
2026-03-11 17:00:00,NO,4,1.4,3.1465997145313884,1.4994397269538091,0.6800213636923722,5.613178065370405
2026-03-11 18:00:00,NO,4,1.5,3.203472839419446,1.6206894337078377,0.5374387209700529,5.86950695786884
2026-03-11 19:00:00,NO,4,1.2,3.0051458125989474,1.6569008737586706,0.27954387526593427,5.730747749931961
2026-03-11 20:00:00,NO,4,1.4,2.8352957565191255,1.5073354458117258,0.3557289481588364,5.314862564879414
2026-03-11 21:00:00,NO,4,1.4,2.4459132318193406,1.3906365513392442,0.15831610486628378,4.7335103587723975
2026-03-11 22:00:00,NO,4,1.3,2.790996652088112,1.401359613569756,0.4857600877658639,5.0962332164103605
2026-03-11 23:00:00,NO,4,2.1,2.9723239429218893,1.4760639796861756,0.5441986963381304,5.400449189505649
2026-03-12 00:00:00,NO,4,1.4,2.585624850871948,1.4714830805872987,0.16503518330584166,5.006214518438055
2026-03-12 01:00:00,NO,4,1.1,2.173078469277176,1.4021340598326963,-0.13343205914760947,4.479588997701962
2026-03-12 02:00:00,NO,4,1.1,3.167018695755056,1.4136516950997822,0.8415616573159141,5.492475734194198
2026-03-12 03:00:00,NO,4,1.0,3.782718330857206,1.3086687191356097,1.6299582878791283,5.935478373835284
2026-03-12 04:00:00,NO,4,1.1,3.3143283221932163,1.3390704529651172,1.1115574270655983,5.517099217320834
2026-03-12 05:00:00,NO,4,1.2,3.434174215106071,1.3057916321370546,1.2861469802406158,5.582201449971526
2026-03-12 06:00:00,NO,4,1.2,3.950973766712184,1.2689433611972496,1.8635619375427082,6.0383855958816595
2026-02-13 00:00:00,NO,10,2.3,3.0690255653498255,1.6389017439095794,0.37303219661856746,5.765018934081084
2026-02-13 01:00:00,NO,10,2.4,3.7267650081633197,1.6917530103452996,0.9438313061453019,6.509698710181338
2026-02-13 02:00:00,NO,10,2.6,3.976955768565324,1.7481012631971917,1.1013291906059437,6.852582346524704
2026-02-13 03:00:00,NO,10,2.9,3.9748330865374566,1.7684917672939107,1.0656641293389737,6.88400204373594
2026-02-13 04:00:00,NO,10,3.7,3.9075058369134195,1.7786992919992155,0.9815455015747099,6.833466172252129
2026-02-13 05:00:00,NO,10,3.8,3.3642955999938096,1.878811491442298,0.27365069657122953,6.45494050341639
2026-02-13 06:00:00,NO,10,3.8,3.284135651184192,1.9021290748916453,0.1551333229874352,6.413137979380949
2026-02-13 07:00:00,NO,10,4.3,3.534950897844117,1.8620939015203153,0.4718064298431983,6.598095365845036
2026-02-13 08:00:00,NO,10,4.5,3.9347203819844583,1.8167286819111022,0.946201700240695,6.9232390637282215
2026-02-13 09:00:00,NO,10,4.7,3.773529068735071,1.8508511275597976,0.7288789638992039,6.818179173570938
2026-02-13 10:00:00,NO,10,5.3,3.5361898383304764,1.8538236768153202,0.4866498899692746,6.585729786691678
2026-02-13 11:00:00,NO,10,5.5,3.529882683959722,1.8659330070089641,0.46042288742997606,6.599342480489468
2026-02-13 12:00:00,NO,10,5.8,3.7009053484469128,1.774514226223635,0.781829446309033,6.619981250584793
2026-02-13 13:00:00,NO,10,6.0,3.6002212989774907,1.6514111726199217,0.8836499200177195,6.316792677937261
2026-02-13 14:00:00,NO,10,4.5,3.6331215846867373,1.6743715352348283,0.8787804092254445,6.38746276014803
2026-02-13 15:00:00,NO,10,2.8,3.9059614948855894,1.6958373560050313,1.1163090442573131,6.695613945513866
2026-02-13 16:00:00,NO,10,3.1,3.7860419972353103,1.7471513048828131,0.9119781007030827,6.660105893767538
2026-02-13 17:00:00,NO,10,3.9,3.354466205142724,1.7770146125485022,0.4312771675004381,6.27765524278501
2026-02-13 18:00:00,NO,10,4.5,3.141945355887472,1.8051097429137315,0.1725398287943838,6.1113508829805605
2026-02-13 19:00:00,NO,10,4.3,3.1974667692247634,1.8444734581463345,0.16330793057404325,6.2316256078754835
2026-02-13 20:00:00,NO,10,3.6,2.857118071928157,1.8698730311316805,-0.2188230642834572,5.933059208139771
2026-02-13 21:00:00,NO,10,3.1,2.529854575152039,1.854379192714142,-0.5205991968627246,5.5803083471668025
2026-02-13 22:00:00,NO,10,2.4,2.2820202675724035,1.8213941240479596,-0.7141730664864903,5.278213601631297
2026-02-13 23:00:00,NO,10,2.0,2.3307149334672443,1.82803842884531,-0.6764082819832904,5.337838148917779
2026-02-14 00:00:00,NO,10,1.8,3.166480825811043,1.8650124565897397,0.09853533472092124,6.234426316901165
2026-02-14 01:00:00,NO,10,1.7,2.4737028710112963,1.8269623771044479,-0.5316502393255207,5.479055981348113
2026-02-14 02:00:00,NO,10,1.9,2.4526370519279617,1.8106571157299498,-0.5258939034478058,5.431168007303729
2026-02-14 03:00:00,NO,10,2.1,2.5459861646614,1.7809877863125732,-0.3837387438227826,5.4757110731455825
2026-02-14 04:00:00,NO,10,2.5,2.73019739863946,1.6707415266407852,-0.018172412684631656,5.478567209963552
2026-02-14 05:00:00,NO,10,2.7,2.940965634520068,1.427688023078667,0.5924188365556606,5.289512432484475
2026-02-14 06:00:00,NO,10,2.9,2.4385792516045623,1.2982037917209905,0.3030340142235328,4.574124488985592
2026-02-14 07:00:00,NO,10,3.5,2.933845449578892,1.4290845168490827,0.5830014193621511,5.284689479795633
2026-02-14 08:00:00,NO,10,3.8,3.4582887236860103,1.5667420147847657,0.8809981093650707,6.03557933800695
2026-02-14 09:00:00,NO,10,4.2,3.5222378212083396,1.6187265030474975,0.859432723695206,6.185042918721473
2026-02-14 10:00:00,NO,10,4.6,4.103609600447252,1.5943281363553883,1.4809398161426386,6.726279384751866
2026-02-14 11:00:00,NO,10,4.9,4.163649499925873,1.685623794902868,1.3907983573106546,6.936500642541091
2026-02-14 12:00:00,NO,10,5.3,3.999938563287529,1.7674268263028652,1.0925214340193157,6.9073556925557416
2026-02-14 13:00:00,NO,10,5.7,4.3704150168572,1.718810887762152,1.5429711064884595,7.19785892722594
2026-02-14 14:00:00,NO,10,5.9,3.261031070292797,1.7491158267851046,0.3837355352312999,6.138326605354294
2026-02-14 15:00:00,NO,10,6.2,2.7695587758230147,1.7768462439414305,-0.1533532954606387,5.692470847106668
2026-02-14 16:00:00,NO,10,6.3,3.358639839563825,1.69020526926376,0.5782521716249396,6.1390275075027105
2026-02-14 17:00:00,NO,10,4.9,3.949060010093823,1.7417015786812835,1.0839609131631116,6.814159107024534
2026-02-14 18:00:00,NO,10,3.1,3.949272682414908,1.8227304375700102,0.9508811126122412,6.947664252217574
2026-02-14 19:00:00,NO,10,2.7,4.03620180332838,1.849114142205455,0.9944090394004066,7.077994567256353
2026-02-14 20:00:00,NO,10,3.6,4.009614287324587,1.8460009329860094,0.9729427525626018,7.046285822086572
2026-02-14 21:00:00,NO,10,4.6,4.199076378086508,1.7726257861991157,1.2831069597889622,7.115045796384053
2026-02-14 22:00:00,NO,10,5.4,4.567030012669746,1.7388312637924745,1.7066525837311253,7.427407441608366
2026-02-14 23:00:00,NO,10,5.2,4.800499267895939,1.7606986022087734,1.9041500672625062,7.696848468529371
2026-02-15 00:00:00,NO,10,4.0,4.7760844714187956,1.795453619218535,1.822563267804305,7.7296056750332856
2026-02-15 01:00:00,NO,10,3.1,4.3914740845848925,1.8379516014497075,1.3680437002001238,7.414904468969661
2026-02-15 02:00:00,NO,10,2.9,4.046650220022233,1.8651314313662772,0.9785090154247067,7.114791424619759
2026-02-15 03:00:00,NO,10,3.1,3.5357125330443564,1.8887719444044313,0.428682684499067,6.642742381589645
2026-02-15 04:00:00,NO,10,3.3,3.251524167726448,1.8933079202298788,0.13703263894829742,6.366015696504599
2026-02-15 05:00:00,NO,10,3.4,3.1819755124226097,1.8796466157203264,0.0899568295626727,6.273994195282547
2026-02-15 06:00:00,NO,10,3.3,3.199244024103345,1.8324286863965216,0.18489883498106696,6.213589213225623
2026-02-15 07:00:00,NO,10,4.4,3.4558151333543523,1.7456757016018396,0.5841786042193262,6.327451662489379
2026-02-15 08:00:00,NO,10,4.9,3.7043515187617473,1.6560897799585999,0.9800838307298507,6.428619206793644
2026-02-15 09:00:00,NO,10,5.1,3.6425912393838735,1.5166210065820973,1.1477496835563232,6.137432795211424
2026-02-15 10:00:00,NO,10,5.4,4.058865824715231,1.5184559688714805,1.561005755921646,6.556725893508816
2026-02-15 11:00:00,NO,10,5.6,4.392114532415567,1.6452392615093197,1.6856959472327362,7.098533117598398
2026-02-15 12:00:00,NO,10,5.7,4.3267947581172015,1.7172533648052568,1.501912973012554,7.151676543221849
2026-02-15 13:00:00,NO,10,5.7,4.421522396857244,1.7226972232582545,1.5876854645974157,7.2553593291170735
2026-02-15 14:00:00,NO,10,5.9,4.236877000127086,1.7697044831181057,1.3257131253978018,7.1480408748563695
2026-02-15 15:00:00,NO,10,5.9,4.234681161734667,1.8308720553973985,1.2228966306059461,7.246465692863387
2026-02-15 16:00:00,NO,10,6.1,4.783342662967465,1.7962847564344717,1.8284542386327591,7.738231087302172
2026-02-15 17:00:00,NO,10,6.4,4.1696607194742565,1.7553198137654065,1.2821596258301629,7.05716181311835
2026-02-15 18:00:00,NO,10,6.8,3.1820954445892915,1.7713206997039619,0.2682728935762744,6.095917995602308
2026-02-15 19:00:00,NO,10,6.4,4.049444643884274,1.679040627045345,1.2874228123946816,6.811466475373867
2026-02-15 20:00:00,NO,10,4.8,5.207337617179352,1.6892439130675299,2.4285313801832653,7.986143854175438
2026-02-15 21:00:00,NO,10,3.5,4.239250307023341,1.7829888914589496,1.3062335805733691,7.172267033473313
2026-02-15 22:00:00,NO,10,2.9,3.640182825279881,1.8483471960006392,0.5996516878588296,6.680713962700933
2026-02-15 23:00:00,NO,10,2.7,3.7953404340928905,1.8924509677111883,0.6822585922079858,6.908422275977795
2026-02-16 00:00:00,NO,10,2.5,2.9291322606270582,1.8379095709642108,-0.09422898360906862,5.952493504863185
2026-02-16 01:00:00,NO,10,2.5,2.974973099128238,1.8434474980256128,-0.057498035123895175,6.007444233380371
2026-02-16 02:00:00,NO,10,2.4,2.9711128720206625,1.814837551935915,-0.014294900913917719,5.956520644955242
2026-02-16 03:00:00,NO,10,2.7,3.005644524172028,1.8148687723581953,0.0201853936427967,5.991103654701259
2026-02-16 04:00:00,NO,10,3.4,3.1555365743558115,1.7828553385656631,0.2227395424152956,6.088333606296327
2026-02-16 05:00:00,NO,10,4.6,3.397618139946852,1.7159669241328235,0.5748525497483574,6.220383730145347
2026-02-16 06:00:00,NO,10,5.5,3.7778124722240944,1.6469893848884454,1.068514934082602,6.487110010365587
2026-02-16 07:00:00,NO,10,5.8,4.362245434499627,1.520847813969017,1.860450780520594,6.86404008847866
2026-02-16 08:00:00,NO,10,6.1,4.381487506771705,1.5223544107732874,1.8772145010496475,6.885760512493763
2026-02-16 09:00:00,NO,10,6.5,4.543771785204569,1.4790641068300767,2.110711329469093,6.976832240940046
2026-02-16 10:00:00,NO,10,6.5,4.497685277837505,1.5452837770733117,1.9556934645519068,7.039677091123103
2026-02-16 11:00:00,NO,10,6.1,4.521551433413765,1.5667533201548058,1.9442422217591093,7.09886064506842
2026-02-16 12:00:00,NO,10,5.6,4.133351023067229,1.6129480281478874,1.4800515167639543,6.786650529370505
2026-02-16 13:00:00,NO,10,5.3,4.068605543824546,1.6315870400225552,1.3846448629874426,6.752566224661649
2026-02-16 14:00:00,NO,10,5.3,4.685052777176244,1.5844969264892481,2.078555333101431,7.2915502212510575
2026-02-16 15:00:00,NO,10,5.8,5.686976027164613,1.540194433143293,3.153356184643896,8.22059586968533
2026-02-16 16:00:00,NO,10,5.6,6.313314187857992,1.5868640593959182,3.7029228101517067,8.923705565564278
2026-02-16 17:00:00,NO,10,5.4,5.120700626451135,1.6486384509499088,2.408690374638535,7.832710878263734
2026-02-16 18:00:00,NO,10,5.5,3.7198861340388687,1.687850428264325,0.943372179544054,6.496400088533683
2026-02-16 19:00:00,NO,10,5.3,2.955819418949644,1.7276616815418306,0.11381595281333245,5.797822885085955
2026-02-16 20:00:00,NO,10,3.6,2.431103297424575,1.7020447533073364,-0.3687603217659934,5.230966916615143
2026-02-16 21:00:00,NO,10,3.1,2.469639483879683,1.7369676965146543,-0.3876723768869237,5.3269513446462895
2026-02-16 22:00:00,NO,10,3.0,2.6845905216995973,1.8117908223091246,-0.2958053809989125,5.664986424398107
2026-02-16 23:00:00,NO,10,3.1,2.7864682860040753,1.8365108159764265,-0.2345920062771465,5.807528578285297
2026-02-17 00:00:00,NO,10,3.3,2.6659147760409145,1.8184312069741844,-0.3254045594316186,5.657234111513448
2026-02-17 01:00:00,NO,10,5.0,2.6723105030867798,1.8084472775903555,-0.3025852685493553,5.647206274722915
2026-02-17 02:00:00,NO,10,4.5,2.708299841227598,1.7780435964710246,-0.21658187496723746,5.633181557422434
2026-02-17 03:00:00,NO,10,3.7,3.009391404208608,1.754932473838106,0.12252748474492359,5.8962553236722925
2026-02-17 04:00:00,NO,10,4.7,3.7101543488727193,1.6553343945630554,0.9871292698164931,6.433179427928946
2026-02-17 05:00:00,NO,10,5.2,4.251398428272327,1.6043355047749979,1.6122665229174555,6.890530333627199
2026-02-17 06:00:00,NO,10,3.8,4.469271828744102,1.5519989998570507,1.9162334739792533,7.02231018350895
2026-02-17 07:00:00,NO,10,3.7,4.634801108822115,1.519216343008397,2.1356902245733025,7.133911993070928
2026-02-17 08:00:00,NO,10,4.3,4.580251878138684,1.598779693729191,1.9502592819541649,7.210244474323203
2026-02-17 09:00:00,NO,10,5.6,4.340456155529006,1.6511955597014123,1.624239459820183,7.056672851237829
2026-02-17 10:00:00,NO,10,6.0,3.545811243920369,1.7106497145168178,0.7317924635402036,6.359830024300534
2026-02-17 11:00:00,NO,10,6.0,3.3015117978213877,1.722661497132695,0.4677336350381043,6.135289960604672
2026-02-17 12:00:00,NO,10,6.4,2.98208002393851,1.719825015921234,0.15296787274807988,5.811192175128941
2026-02-17 13:00:00,NO,10,6.3,2.7631762963102666,1.6875206704997654,-0.012795206661847303,5.5391477992823805
2026-02-17 14:00:00,NO,10,6.4,2.942396354097519,1.6175910401526876,0.28145909304634786,5.60333361514869
2026-02-17 15:00:00,NO,10,6.5,3.413909951771336,1.5381672046866977,0.8836249000617182,5.944195003480953
2026-02-17 16:00:00,NO,10,6.4,3.755687183034148,1.51406527159555,1.265049811259468,6.246324554808828
2026-02-17 17:00:00,NO,10,6.4,3.8602377961679037,1.4781727655290946,1.428643596872543,6.291831995463264
2026-02-17 18:00:00,NO,10,5.2,3.6953001377536854,1.5025616833596762,1.2235861686270182,6.167014106880353
2026-02-17 19:00:00,NO,10,3.4,3.0680843340670347,1.5120487679566978,0.5807641107782668,5.555404557355803
2026-02-17 20:00:00,NO,10,3.2,2.2335017424519585,1.359731387352727,-0.003256389743277577,4.470259874647194
2026-02-17 21:00:00,NO,10,3.0,2.05306278026221,1.5431533365431946,-0.48542445835134496,4.591550018875765
2026-02-17 22:00:00,NO,10,2.9,2.4801137535562723,1.6249424428654107,-0.19291656495732834,5.153144072069873
2026-02-17 23:00:00,NO,10,2.8,2.5175538778247843,1.5674687961022105,-0.06093229176335191,5.09604004741292
2026-02-18 00:00:00,NO,10,2.7,2.766609261179256,1.7235298673190307,-0.06859737056054982,5.601815892919062
2026-02-18 01:00:00,NO,10,2.9,3.2289135932532034,1.8318067347960152,0.21559151451375813,6.242235671992649
2026-02-18 02:00:00,NO,10,3.1,3.266397030965107,1.8751591442499178,0.18176023867399227,6.351033823256222
2026-02-18 03:00:00,NO,10,3.1,2.6365108925355103,1.7672167178567444,-0.2705606083388341,5.543582393409855
2026-02-18 04:00:00,NO,10,3.7,2.250208997340181,1.650850595547866,-0.4654402323360589,4.965858227016421
2026-02-18 05:00:00,NO,10,4.2,1.9614219025245079,1.6730346570250778,-0.790720108281745,4.713563913330761
2026-02-18 06:00:00,NO,10,4.7,1.0425262124477284,1.6200140396509657,-1.6223968827781103,3.707449307673567
2026-02-18 07:00:00,NO,10,4.9,1.1178653238324516,1.6288161645758243,-1.5615372668947796,3.797267914559683
2026-02-18 08:00:00,NO,10,5.0,2.305389381455387,1.6259683357465924,-0.3693285308477572,4.980107293758532
2026-02-18 09:00:00,NO,10,5.4,2.321767414291233,1.5885528934695765,-0.2914020954662204,4.934936924048686
2026-02-18 10:00:00,NO,10,5.4,2.271903379967738,1.6166965884593307,-0.3875625080478611,4.931369267983337
2026-02-18 11:00:00,NO,10,5.3,2.7201688335024374,1.636493152451061,0.02813759772044211,5.412200069284433
2026-02-18 12:00:00,NO,10,5.2,2.958211291111623,1.6873322862317979,0.18254968026031548,5.733872901962931
2026-02-18 13:00:00,NO,10,4.9,2.8879709443512565,1.7382975780496013,0.028471428459662107,5.747470460242851
2026-02-18 14:00:00,NO,10,4.8,3.0444416071097873,1.7775357708225625,0.1203952641066719,5.968487950112903
2026-02-18 15:00:00,NO,10,4.5,3.599979068694731,1.6251668932167282,0.9265795293532131,6.273378608036249
2026-02-18 16:00:00,NO,10,4.5,3.824082360263543,1.5725779125943242,1.23719169404588,6.410973026481207
2026-02-18 17:00:00,NO,10,4.2,3.841529670226687,1.5227750060596503,1.3365647852585623,6.346494555194812
2026-02-18 18:00:00,NO,10,2.9,3.6411689263692244,1.561128074464207,1.073113243875604,6.209224608862845
2026-02-18 19:00:00,NO,10,3.0,3.3814039496536954,1.6538139252906114,0.6608800425506396,6.101927856756751
2026-02-18 20:00:00,NO,10,2.9,3.1726966604022144,1.7861415985757447,0.23449373074511426,6.110899590059315
2026-02-18 21:00:00,NO,10,2.3,3.27471367802643,1.8294101910945049,0.26533391367596915,6.284093442376891
2026-02-18 22:00:00,NO,10,2.2,3.1824061689154584,1.847366773306103,0.14348782682691885,6.221324511003997
2026-02-18 23:00:00,NO,10,2.1,3.2015214500488622,1.8576422416592866,0.1456999625193358,6.257342937578389
2026-02-19 00:00:00,NO,10,2.2,2.9150865927792435,1.829618995372805,-0.09463665460902071,5.924809840167508
2026-02-19 01:00:00,NO,10,2.5,2.809160695379286,1.7427610391545811,-0.05768121403000004,5.676002604788572
2026-02-19 02:00:00,NO,10,3.5,2.7622538987811547,1.6374015762988288,0.06872830576958133,5.455779491792728
2026-02-19 03:00:00,NO,10,4.9,2.660641911891931,1.6007988841831824,0.027327747410595737,5.2939560763732665
2026-02-19 04:00:00,NO,10,5.0,2.85153437167416,1.5418707686576787,0.3151569572322783,5.3879117861160415
2026-02-19 05:00:00,NO,10,1.0,3.1547222924340383,1.4600368234625014,0.7529617178382235,5.556482867029853
2026-02-19 06:00:00,NO,10,1.3,3.4158443974558397,1.3541540348889993,1.1882610100634357,5.643427784848244
2026-02-19 07:00:00,NO,10,1.4,3.3942433071213047,1.3049043846962318,1.2476755942960032,5.540811019946606
2026-02-19 08:00:00,NO,10,1.4,3.7348636960920674,1.3168146310229336,1.5687036280593416,5.901023764124793
2026-02-19 09:00:00,NO,10,1.2,3.8074510166732156,1.3708352397639996,1.5524270472614363,6.062474986084995
2026-02-19 10:00:00,NO,10,1.0,3.745505027101883,1.4114745516413694,1.4236293896518304,6.067380664551935
2026-02-19 11:00:00,NO,10,0.8,3.985826616297151,1.4196028203880253,1.6505799767588494,6.3210732558354525
2026-02-19 12:00:00,NO,10,0.8,4.117644266514962,1.445234926801677,1.7402328119262034,6.495055721103721
2026-02-19 13:00:00,NO,10,0.7,4.690619862950484,1.424474157691848,2.3473598735473944,7.033879852353574
2026-02-19 14:00:00,NO,10,0.6,6.062261965811199,1.4002859348344185,3.758791603008581,8.365732328613818
2026-02-19 15:00:00,NO,10,0.6,5.8281825284429,1.4097680800631573,3.5091140367390063,8.147251020146793
2026-02-19 16:00:00,NO,10,0.7,5.021097919035778,1.4709462800289625,2.6013912883881347,7.440804549683422
2026-02-19 17:00:00,NO,10,1.0,4.608778691225847,1.5510894153464063,2.0572366029810087,7.160320779470686
2026-02-19 18:00:00,NO,10,1.4,4.186113192753224,1.5738951264402594,1.597055709758997,6.77517067574745
2026-02-19 19:00:00,NO,10,1.6,3.7294141857664327,1.5743658377821508,1.1395823826147948,6.3192459889180705
2026-02-19 20:00:00,NO,10,0.8,3.0977520778659176,1.5958209745279812,0.47262657476738834,5.722877580964447
2026-02-19 21:00:00,NO,10,0.4,2.9693079988800157,1.478807037837105,0.5366704216379778,5.401945576122054
2026-02-19 22:00:00,NO,10,0.3,2.6468672018096067,1.5837213394030054,0.04164559849166283,5.252088805127551
2026-02-19 23:00:00,NO,10,0.3,2.242839322236799,1.6879649175151237,-0.5338629670755792,5.019541611549178
2026-02-20 00:00:00,NO,10,0.3,2.0440187593260974,1.719947716014802,-0.7852952335182519,4.873332752170446
2026-02-20 01:00:00,NO,10,0.3,2.940383155964368,1.8573271227127162,-0.11491996089805046,5.995686272826786
2026-02-20 02:00:00,NO,10,0.4,3.2823562528275674,1.8366285160426308,0.2611023439374396,6.303610161717695
2026-02-20 03:00:00,NO,10,1.3,3.2752742407866773,1.862576096600752,0.21133656187843997,6.339211919694915
2026-02-20 04:00:00,NO,10,2.3,2.9716142008324193,1.8108867614791553,-0.007294521800790932,5.95052292346563
2026-02-20 05:00:00,NO,10,2.5,2.8728060906202044,1.6910950872066373,0.09095467216528608,5.654657509075123
2026-02-20 06:00:00,NO,10,2.6,3.017123712060964,1.6880650778709727,0.24025665896321424,5.793990765158714
2026-02-20 07:00:00,NO,10,2.6,2.7505010951952036,1.5953247904970205,0.1261918148276049,5.374810375562802
2026-02-20 08:00:00,NO,10,2.7,2.665871796650219,1.5486727502148692,0.11830512254675885,5.213438470753679
2026-02-20 09:00:00,NO,10,2.7,2.5191589852719374,1.435259948237206,0.1581563704217337,4.8801616001221415
2026-02-20 10:00:00,NO,10,2.4,2.4069351938750625,1.347216343696527,0.19076430849427561,4.62310607925585
2026-02-20 11:00:00,NO,10,1.9,2.410334766250961,1.3110892550033233,0.2535929417704943,4.567076590731428
2026-02-20 12:00:00,NO,10,1.6,2.486604817550969,1.1701981047066123,0.5616289353085917,4.411580699793346
2026-02-20 13:00:00,NO,10,1.4,2.6471266586733977,1.0193028798696744,0.9703734212877833,4.323879896059012
2026-02-20 14:00:00,NO,10,1.3,2.77844669642854,1.0978077379663673,0.9725529674738655,4.584340425383214
2026-02-20 15:00:00,NO,10,1.5,2.8810237335742426,1.1539602203471406,0.9827591711031962,4.779288296045289
2026-02-20 16:00:00,NO,10,1.6,2.980763279075675,1.4061721051384592,0.6676101661229095,5.293916392028441
2026-02-20 17:00:00,NO,10,1.7,3.095057185660436,1.5410413093435609,0.5600442317902785,5.630070139530593
2026-02-20 18:00:00,NO,10,1.6,3.2029348813348317,1.5974379571906452,0.5751494417562202,5.830720320913443
2026-02-20 19:00:00,NO,10,1.9,3.0772097545797488,1.632919886552516,0.39105654120086,5.763362967958638
2026-02-20 20:00:00,NO,10,2.5,2.917681268192254,1.6637753932919974,0.18077074622691836,5.65459179015759
2026-02-20 21:00:00,NO,10,2.9,3.0027464107777697,1.7638437793975075,0.10122339366887001,5.904269427886669
2026-02-20 22:00:00,NO,10,3.7,3.0206077730112773,1.7018883788653811,0.22100138977772543,5.820214156244829
2026-02-20 23:00:00,NO,10,4.3,3.148220788449163,1.6617716497450763,0.4146064246185124,5.881835152279814
2026-02-21 00:00:00,NO,10,3.6,2.2575834308614358,1.7623903104760983,-0.6415486298717461,5.156715491594618
2026-02-21 01:00:00,NO,10,3.9,2.4973418377257044,1.7831504082105183,-0.4359405837805981,5.430624259232006
2026-02-21 02:00:00,NO,10,3.3,2.9573224357383396,1.7784222613132201,0.031817815878092404,5.882827055598587
2026-02-21 03:00:00,NO,10,2.3,3.6402610504125987,1.7526970640512647,0.7570743800482682,6.523447720776929
2026-02-21 04:00:00,NO,10,1.3,4.11605003117671,1.7358854094622695,1.2605185326112762,6.971581529742143
2026-02-21 05:00:00,NO,10,0.6,4.4170858083357825,1.6953040328911035,1.6283106742299172,7.205860942441648
2026-02-21 06:00:00,NO,10,1.1,4.501461007867911,1.7357157177319062,1.6462086521989248,7.356713363536897
2026-02-21 07:00:00,NO,10,1.7,4.625266064846414,1.748165874205289,1.7495332017787137,7.5009989279141145
2026-02-21 08:00:00,NO,10,2.0,4.727365154930461,1.75836461796277,1.8348553583817044,7.619874951479218
2026-02-21 09:00:00,NO,10,2.3,4.632382263097382,1.7678145859827252,1.7243272691557987,7.540437257038965
2026-02-21 10:00:00,NO,10,2.5,4.334267277650211,1.7483075427266086,1.4583013698649396,7.210233185435483
2026-02-21 11:00:00,NO,10,2.7,4.055799780829497,1.7253365578595588,1.2176211431505233,6.893978418508471
2026-02-21 12:00:00,NO,10,2.8,3.888771705399939,1.728483457487368,1.0454164178332186,6.732126992966659
2026-02-21 13:00:00,NO,10,2.8,3.773091024254842,1.7447404842770462,0.9029929276191009,6.643189120890583
2026-02-21 14:00:00,NO,10,2.9,3.835488979492669,1.7435641994924698,0.9673258713275561,6.703652087657781
2026-02-21 15:00:00,NO,10,3.0,3.9050681248352506,1.7107241925033403,1.0909268281672557,6.719209421503246
2026-02-21 16:00:00,NO,10,3.2,3.7757806961858176,1.699302171726164,0.9804286236962776,6.571132768675358
2026-02-21 17:00:00,NO,10,3.4,3.589213093156216,1.715931175928285,0.7665063087541872,6.411919877558245
2026-02-21 18:00:00,NO,10,3.6,3.365466927686896,1.6677389129538343,0.6220364158778384,6.108897439495953
2026-02-21 19:00:00,NO,10,4.0,3.02277079478994,1.6373114245245668,0.3293935014470275,5.716148088132853
2026-02-21 20:00:00,NO,10,4.4,3.0850482118624583,1.6932863120574624,0.29959222852793266,5.870504195196984
2026-02-21 21:00:00,NO,10,3.6,3.824817529743222,1.730311717345824,0.9784547547093414,6.671180304777103
2026-02-21 22:00:00,NO,10,2.2,3.7974314389943684,1.7510508648852763,0.9169527662580887,6.6779101117306485
2026-02-21 23:00:00,NO,10,0.8,3.7920397749961903,1.799844175479746,0.8312961063320081,6.752783443660372
2026-02-22 00:00:00,NO,10,0.7,3.6431256552506226,1.8390345468412934,0.6179138256966947,6.6683374848045505
2026-02-22 01:00:00,NO,10,1.6,3.545533822891946,1.8538255864538327,0.495990733175391,6.595076912608501
2026-02-22 02:00:00,NO,10,2.7,3.8318613798090775,1.8410300671425275,0.8033669193596196,6.860355840258535
2026-02-22 03:00:00,NO,10,2.9,3.5570211776928886,1.8438111273434687,0.5239518732128823,6.590090482172895
2026-02-22 04:00:00,NO,10,2.2,3.665007520690301,1.8398354205567802,0.6384782538743972,6.691536787506204
2026-02-22 05:00:00,NO,10,1.2,3.9392349935785695,1.844795700157866,0.9045460668188796,6.97392392033826
2026-02-22 06:00:00,NO,10,1.0,4.1566892600316105,1.8264591689861454,1.1521639270494015,7.16121459301382
2026-02-22 07:00:00,NO,10,0.8,4.135915315236009,1.816381254284058,1.1479681519387333,7.123862478533284
2026-02-22 08:00:00,NO,10,0.5,4.256068520434547,1.8074598574741136,1.2827970548896301,7.229339985979464
2026-02-22 09:00:00,NO,10,0.6,4.415481505686138,1.782013145037184,1.4840698820999703,7.346893129272306
2026-02-22 10:00:00,NO,10,2.0,4.5923592040029915,1.7543393676629486,1.706470944197441,7.478247463808541
2026-02-22 11:00:00,NO,10,3.6,4.811172971178516,1.7293480997189024,1.9663953471409217,7.655950595216111
2026-02-22 12:00:00,NO,10,4.5,5.0289854654609645,1.7084183904596442,2.21863721315485,7.839333717767079
2026-02-22 13:00:00,NO,10,5.2,5.074886176497392,1.6819866483670858,2.308018139933536,7.8417542130612485
2026-02-22 14:00:00,NO,10,5.5,4.856138258563996,1.6778482176149518,2.0960779405873997,7.616198576540592
2026-02-22 15:00:00,NO,10,5.7,4.682607618626949,1.6607014685577226,1.9507537028494952,7.414461534404403
2026-02-22 16:00:00,NO,10,5.8,4.377141561697967,1.6826904050416156,1.6091158454045096,7.145167277991424
2026-02-22 17:00:00,NO,10,5.1,3.644235527634986,1.706370369247802,0.8372562702223516,6.45121478504762
2026-02-22 18:00:00,NO,10,3.7,3.239860297823554,1.7591795627348303,0.3460099171247579,6.13371067852235
2026-02-22 19:00:00,NO,10,2.2,3.090138128733336,1.834205426580881,0.07287020200778693,6.107406055458885
2026-02-22 20:00:00,NO,10,2.5,3.2358663833967625,1.868381486897384,0.1623788374505657,6.30935392934296
2026-02-22 21:00:00,NO,10,2.3,3.6694969382574523,1.8657412882509088,0.6003525190847072,6.738641357430197
2026-02-22 22:00:00,NO,10,1.2,4.044267657544693,1.8786488673416357,0.9538902707677024,7.134645044321683
2026-02-22 23:00:00,NO,10,0.4,4.287023396475236,1.878459845519377,1.1969569505958608,7.377089842354612
2026-02-23 00:00:00,NO,10,0.4,3.6914266526317205,1.8127214758255552,0.7094998248986824,6.673353480364758
2026-02-23 01:00:00,NO,10,0.4,3.7366838740732473,1.8334293846667635,0.7206925362964212,6.7526752118500735
2026-02-23 02:00:00,NO,10,0.4,3.552090680314428,1.8583113709162553,0.49516847515718787,6.609012885471668
2026-02-23 03:00:00,NO,10,0.4,3.0168545387102643,1.8752994667551934,-0.068013084102029,6.101722161522558
2026-02-23 04:00:00,NO,10,0.8,3.0084783817952703,1.8910366301828099,-0.1022768748554519,6.119233638445992
2026-02-23 05:00:00,NO,10,1.8,3.2628049674233788,1.8911825966129414,0.15180959599509025,6.373800338851668
2026-02-23 06:00:00,NO,10,2.6,3.587391913898937,1.8754856140070284,0.5022180788573753,6.6725657489404995
2026-02-23 07:00:00,NO,10,3.0,3.7329815810422056,1.864758787265006,0.6654533759912709,6.800509786093141
2026-02-23 08:00:00,NO,10,2.7,3.443081533149356,1.8759350117487903,0.3571684388225962,6.528994627476116
2026-02-23 09:00:00,NO,10,2.3,3.386184117309041,1.8634245980961806,0.32085065344082375,6.451517581177258
2026-02-23 10:00:00,NO,10,2.1,3.449780719366933,1.8255137007404505,0.44681068164889215,6.452750757084974
2026-02-23 11:00:00,NO,10,2.3,3.664611158846734,1.816391731075562,0.6766467612274343,6.652575556466033
2026-02-23 12:00:00,NO,10,3.1,3.681776354814103,1.7729874734469333,0.7652119609938977,6.598340748634309
2026-02-23 13:00:00,NO,10,4.0,3.4360859813620483,1.7906425609354382,0.4904789686232527,6.381692994100844
2026-02-23 14:00:00,NO,10,4.9,3.5411925781093356,1.7431002975046854,0.6737925887141283,6.408592567504543
2026-02-23 15:00:00,NO,10,4.9,3.568473738517568,1.7674091555800298,0.6610856775884191,6.475861799446717
2026-02-23 16:00:00,NO,10,4.0,3.3679247483058266,1.7616043059261577,0.4700856650572973,6.265763831554356
2026-02-23 17:00:00,NO,10,2.9,2.5871817884047426,1.7276504976767237,-0.2548032802734679,5.4291668570829525
2026-02-23 18:00:00,NO,10,1.9,2.3438371029475378,1.8122472216338232,-0.6373095766401016,5.324983782535178
2026-02-23 19:00:00,NO,10,1.2,2.807350883420411,1.8692272011001998,-0.2675278623894175,5.88222962923024
2026-02-23 20:00:00,NO,10,0.7,3.084717843876551,1.8866978020321992,-0.0189000404664168,6.188335728219519
2026-02-23 21:00:00,NO,10,0.4,3.2105263985095247,1.906914462678455,0.07365210740346617,6.347400689615583
2026-02-23 22:00:00,NO,10,0.4,3.222611018430461,1.9112537521297759,0.07859859617697929,6.366623440683942
2026-02-23 23:00:00,NO,10,0.3,3.246533538208371,1.9107490593670344,0.10335133554959963,6.389715740867143
2026-02-24 00:00:00,NO,10,0.3,3.16950363529285,1.8935390678249966,0.05463186872073056,6.28437540186497
2026-02-24 01:00:00,NO,10,0.3,3.387839081450348,1.8971162326784374,0.267082878694318,6.508595284206377
2026-02-24 02:00:00,NO,10,0.5,3.5935591236725273,1.886432276084401,0.4903780295136877,6.696740217831367
2026-02-24 03:00:00,NO,10,2.0,3.6220675798935895,1.8577092917886355,0.566135794901284,6.6779993648858955
2026-02-24 04:00:00,NO,10,1.9,3.72206005764539,1.8174564441828436,0.7323442069646124,6.711775908326167
2026-02-24 05:00:00,NO,10,0.6,3.9238751846986553,1.815533701614242,0.9373222455432271,6.910428123854084
2026-02-24 06:00:00,NO,10,0.8,4.077601727897624,1.7802846138875907,1.1490335380525378,7.006169917742711
2026-02-24 07:00:00,NO,10,1.0,4.059612895838614,1.7160805177957472,1.23666044406461,6.882565347612619
2026-02-24 08:00:00,NO,10,1.3,3.8099094322454756,1.6655874246157039,1.070018118752643,6.549800745738308
2026-02-24 09:00:00,NO,10,1.5,2.908861802564475,1.6548544728569436,0.18662619471480246,5.631097410414148
2026-02-24 10:00:00,NO,10,2.0,2.278076592644593,1.6484051500206425,-0.43354987913936416,4.98970306442855
2026-02-24 11:00:00,NO,10,2.5,2.131554550685918,1.6777512891375708,-0.6283463199453858,4.891455421317222
2026-02-24 12:00:00,NO,10,1.9,2.328110960014433,1.6485445189318035,-0.3837447736283841,5.0399666936572505
2026-02-24 13:00:00,NO,10,0.8,3.1014529269811133,1.6853862373031638,0.32899256661740894,5.873913287344818
2026-02-24 14:00:00,NO,10,0.6,2.732009848287852,1.6655270936701299,-0.007782220799511741,5.471801917375216
2026-02-24 15:00:00,NO,10,0.6,2.45653659751549,1.6762097463509684,-0.3008284352318533,5.213901630262833
2026-02-24 16:00:00,NO,10,0.6,3.074381942284629,1.7889347266201028,0.13158431699455964,6.017179567574698
2026-02-24 17:00:00,NO,10,0.4,3.2361116022677803,1.850218070877646,0.19250287567405255,6.279720328861508
2026-02-24 18:00:00,NO,10,0.4,3.170693071843916,1.8564561989978234,0.11682262449249636,6.2245635191953355
2026-02-24 19:00:00,NO,10,0.4,3.0567284722335235,1.8408776681651848,0.028484708101794265,6.084972236365253
2026-02-24 20:00:00,NO,10,0.4,2.9416759285055796,1.8253531690669815,-0.0610300346096051,5.944381891620765
2026-02-24 21:00:00,NO,10,1.0,2.869391398588302,1.8136392517955933,-0.11404517061544883,5.852827967792053
2026-02-24 22:00:00,NO,10,1.4,2.9257011443775065,1.7985930542204223,-0.03298442981508831,5.884386718570101
2026-02-24 23:00:00,NO,10,0.5,3.287133406916622,1.8207695317645485,0.2919675271639397,6.282299286669304
2026-02-25 00:00:00,NO,10,0.4,3.4392041223185728,1.830156162648612,0.42859723476160605,6.449811009875539
2026-02-25 01:00:00,NO,10,0.4,3.1343378830567015,1.8128159707712999,0.15225561113791297,6.11642015497549
2026-02-25 02:00:00,NO,10,0.4,3.2038523224801185,1.7859435094411158,0.2659752494494829,6.141729395510755
2026-02-25 03:00:00,NO,10,1.1,3.4871116602295675,1.7525777346881444,0.6041212866675698,6.370102033791565
2026-02-25 04:00:00,NO,10,1.4,3.6539450370747093,1.7510584812194987,0.7734538354686338,6.534436238680785
2026-02-25 05:00:00,NO,10,0.5,3.886407253435168,1.6936570905245858,1.1003413395222243,6.672473167348112
2026-02-25 06:00:00,NO,10,1.1,3.9198341865199455,1.6533222013893603,1.2001191652344478,6.639549207805443
2026-02-25 07:00:00,NO,10,1.3,3.6906239729058457,1.6848121146384951,0.9191080443255211,6.46213990148617
2026-02-25 08:00:00,NO,10,1.0,3.1109367384475317,1.6702828454808882,0.3633214576314705,5.858552019263593
2026-02-25 09:00:00,NO,10,0.7,2.6518678353113496,1.6995304574160381,-0.14385976713803306,5.447595437760732
2026-02-25 10:00:00,NO,10,0.6,2.9008807487511405,1.6761446528901547,0.14362279474683604,5.658138702755445
2026-02-25 11:00:00,NO,10,0.8,3.035097543930832,1.7055040878003638,0.22954331949923334,5.840651768362431
2026-02-25 12:00:00,NO,10,0.6,3.0698815395126178,1.7174982164971575,0.2445969733747937,5.895166105650442
2026-02-25 13:00:00,NO,10,0.5,2.9945481781013936,1.7464947791562246,0.1215642663894041,5.867532089813383
2026-02-25 14:00:00,NO,10,0.5,2.8452501999755024,1.7345711825515815,-0.008119395321849243,5.698619795272855
2026-02-25 15:00:00,NO,10,0.5,2.650492468295715,1.7192212316377393,-0.17762645774836638,5.478611394339796
2026-02-25 16:00:00,NO,10,0.6,2.5998478393838123,1.683765172578183,-0.16994586950729884,5.369641548274924
2026-02-25 17:00:00,NO,10,0.6,2.597923457306263,1.6586336460388567,-0.13052889042765647,5.326375805040183
2026-02-25 18:00:00,NO,10,0.7,2.8668929675995005,1.6868025654123944,0.0921027474961118,5.641683187702889
2026-02-25 19:00:00,NO,10,1.3,2.674628679440408,1.7206100097960715,-0.15577478667412947,5.505032145554946
2026-02-25 20:00:00,NO,10,1.0,2.5916440643463496,1.714641130201612,-0.22894059483530205,5.412228723528001
2026-02-25 21:00:00,NO,10,0.4,2.800064196785584,1.7505842933282412,-0.0796469657393728,5.679775359310542
2026-02-25 22:00:00,NO,10,0.4,3.0050606849071477,1.8275320602293907,-0.0012295541701998758,6.011350923984495
2026-02-25 23:00:00,NO,10,0.4,3.072624785019265,1.8400288227016868,0.045777371674990075,6.099472198363539
2026-02-26 00:00:00,NO,10,0.4,3.156687514214072,1.8214070560253122,0.16047290705243356,6.1529021213757105
2026-02-26 01:00:00,NO,10,0.4,2.931972413447713,1.7578929736668236,0.04023847176578821,5.823706355129637
2026-02-26 02:00:00,NO,10,1.2,3.015830148115152,1.6960280011160402,0.22586408627926557,5.805796209951039
2026-02-26 03:00:00,NO,10,2.0,3.1671818788906174,1.6703818780775717,0.419403689453012,5.914960068328223
2026-02-26 04:00:00,NO,10,0.6,3.15240797949567,1.6772813005918439,0.39328024002208695,5.911535718969253
2026-02-26 05:00:00,NO,10,0.5,3.095701355441437,1.6937428997726482,0.3094942853154308,5.881908425567444
2026-02-26 06:00:00,NO,10,1.3,3.150825818132492,1.6784785717977686,0.3897285675251627,5.911923068739822
2026-02-26 07:00:00,NO,10,1.7,2.905833166153603,1.5944207267785186,0.28301107060294006,5.528655261704266
2026-02-26 08:00:00,NO,10,1.5,2.7261624318634676,1.573448775832197,0.1378391956195033,5.314485668107432
2026-02-26 09:00:00,NO,10,1.4,2.590082038199851,1.581206300627331,-0.011002326332108403,5.1911664027318105
2026-02-26 10:00:00,NO,10,1.3,2.4341611670281638,1.5925366303913997,-0.1855615899656886,5.053883924022016
2026-02-26 11:00:00,NO,10,1.1,2.371656681125853,1.5886274096933157,-0.24163540781965143,4.984948770071357
2026-02-26 12:00:00,NO,10,0.9,2.1989976237282094,1.5397665110654166,-0.33391828697440085,4.73191353443082
2026-02-26 13:00:00,NO,10,0.5,2.1789903646267588,1.4847549923497094,-0.2634315977885131,4.62141232704203
2026-02-26 14:00:00,NO,10,0.8,1.8639476759902849,1.34856244542824,-0.35443754673917005,4.08233289871974
2026-02-26 15:00:00,NO,10,1.1,1.8761520598375188,1.2874405116775358,-0.24168758187202766,3.993991701547065
2026-02-26 16:00:00,NO,10,0.6,2.2145875868458744,1.3602015878857032,-0.02294402522610728,4.452119198917856
2026-02-26 17:00:00,NO,10,0.4,2.752615290676638,1.4976523686491392,0.28897714424880405,5.216253437104472
2026-02-26 18:00:00,NO,10,1.3,3.1272766103787095,1.5710875708487446,0.5428375563325245,5.7117156644248945
2026-02-26 19:00:00,NO,10,2.5,3.0577422229248876,1.631166928748016,0.3744726251344015,5.741011820715373
2026-02-26 20:00:00,NO,10,1.3,2.9528854969043152,1.6744801063270003,0.1983657219963999,5.707405271812231
2026-02-26 21:00:00,NO,10,0.4,2.709350642186928,1.5567769739964878,0.14845251996270514,5.27024876441115
2026-02-26 22:00:00,NO,10,0.4,2.6561701495299097,1.527308485505963,0.1437476908726003,5.168592608187219
2026-02-26 23:00:00,NO,10,0.4,2.72550460815604,1.5523442312500209,0.17189834774975576,5.2791108685623245
2026-02-27 00:00:00,NO,10,0.4,2.681998203522177,1.7441072513313598,-0.18705822491791002,5.5510546319622645
2026-02-27 01:00:00,NO,10,0.4,2.696707423606096,1.715148227617652,-0.12471141082494164,5.5181262580371335
2026-02-27 02:00:00,NO,10,0.4,2.9548744214810907,1.741173152328376,0.09064458590091196,5.819104257061269
2026-02-27 03:00:00,NO,10,1.5,3.022465741573142,1.7012080815923163,0.2239784473537818,5.820953035792503
2026-02-27 04:00:00,NO,10,1.9,3.170303243712064,1.6068710565952864,0.527000355612818,5.81360613181131
2026-02-27 05:00:00,NO,10,1.5,3.7015016508709073,1.6617805022894425,0.9678727246047742,6.43513057713704
2026-02-27 06:00:00,NO,10,0.5,3.6728902082777686,1.6060043275095093,1.0310130895246257,6.3147673270309115
2026-02-27 07:00:00,NO,10,0.5,3.7992345245808408,1.5790976855034113,1.2016188319277292,6.396850217233952
2026-02-27 08:00:00,NO,10,0.5,3.802596544173391,1.5668059007496684,1.2252008374401866,6.379992250906596
2026-02-27 09:00:00,NO,10,0.5,3.106401722597786,1.5225156257266315,0.6018635182774772,5.610939926918094
2026-02-27 10:00:00,NO,10,0.5,2.7838494036884973,1.4551364946525234,0.3901498699850965,5.177548937391898
2026-02-27 11:00:00,NO,10,0.5,2.809980742966032,1.4502430651968305,0.424330900717246,5.195630585214818
2026-02-27 12:00:00,NO,10,0.6,2.625933548429755,1.5260207664219692,0.11562938766561537,5.136237709193894
2026-02-27 13:00:00,NO,10,0.6,2.350155383174883,1.4353680201028571,-0.011025009894316984,4.711335776244082
2026-02-27 14:00:00,NO,10,0.6,2.772994306490155,1.4450872098303509,0.3958258463192279,5.150162766661083
2026-02-27 15:00:00,NO,10,0.7,3.5522305686379854,1.5093188505609032,1.0694010594652994,6.035060077810671
2026-02-27 16:00:00,NO,10,0.9,3.311473356255107,1.5546806150177588,0.7540237445508939,5.86892296795932
2026-02-27 17:00:00,NO,10,0.7,3.171588408267299,1.6884592837837917,0.3940728864429617,5.949103930091637
2026-02-27 18:00:00,NO,10,0.8,3.3051735007471446,1.6824324161163822,0.5375721762356958,6.072774825258593
2026-02-27 19:00:00,NO,10,0.8,3.0133875999276616,1.6927076659696858,0.22888348940752845,5.797891710447795
2026-02-27 20:00:00,NO,10,0.4,2.3704147269339497,1.5903770831341024,-0.2457555748216489,4.986585028689548
2026-02-27 21:00:00,NO,10,0.4,2.721594651083886,1.8144620682948078,-0.263195451261073,5.7063847534288445
2026-02-27 22:00:00,NO,10,0.4,2.3275042451868497,1.6883341035483022,-0.44980535515010756,5.1048138455238075
2026-02-27 23:00:00,NO,10,0.4,2.3478302789289858,1.6751322480203257,-0.4077622690644498,5.103422826922421
2026-02-28 00:00:00,NO,10,0.4,3.5786256843574185,1.792395857553022,0.6301344986826969,6.52711687003214
2026-02-28 01:00:00,NO,10,0.4,3.0886516422633106,1.8719898124187402,0.00922840083448273,6.168074883692139
2026-02-28 02:00:00,NO,10,0.4,2.4975882600489614,1.8750388408047487,-0.5868506330748504,5.582027153172773
2026-02-28 03:00:00,NO,10,0.4,2.36332665321575,1.85899530798154,-0.6947206284138829,5.421373934845383
2026-02-28 04:00:00,NO,10,0.5,2.7213739194514184,1.8410620675775171,-0.3071731817135972,5.7499210206164335
2026-02-28 05:00:00,NO,10,1.2,2.688102816147258,1.8084907650289253,-0.28686449232532407,5.66307012461984
2026-02-28 06:00:00,NO,10,1.4,2.602258719519379,1.7972966332142652,-0.35429424211808724,5.558811681156845
2026-02-28 07:00:00,NO,10,1.5,2.605623621907571,1.7540025469232963,-0.2797105677812515,5.4909578115963935
2026-02-28 08:00:00,NO,10,1.5,2.6634043529576625,1.6765522745818708,-0.09452413872951482,5.42133284464484
2026-02-28 09:00:00,NO,10,1.4,2.8552471047685657,1.6833311505105981,0.08616736217863163,5.6243268473585
2026-02-28 10:00:00,NO,10,1.3,2.721378292517982,1.7323284319977894,-0.12830197811838184,5.571058563154345
2026-02-28 11:00:00,NO,10,1.3,2.849697842468097,1.7266545438315108,0.00935111786526166,5.690044567070933
2026-02-28 12:00:00,NO,10,1.3,2.9694193931983177,1.7051810855889808,0.16439650740444423,5.774442278992192
2026-02-28 13:00:00,NO,10,1.4,2.9845820822928197,1.7510705576441605,0.10407101496817583,5.865093149617463
2026-02-28 14:00:00,NO,10,1.5,2.801634702970718,1.7793188641803197,-0.125344828605908,5.728614234547344
2026-02-28 15:00:00,NO,10,1.7,2.6916310373003123,1.7918036399168549,-0.25588595036291384,5.639148024963538
2026-02-28 16:00:00,NO,10,1.9,2.48148497860208,1.800762267983003,-0.4807689522299601,5.44373890943412
2026-02-28 17:00:00,NO,10,1.4,2.3899328331879888,1.824316107308705,-0.6110671633348312,5.390932829710809
2026-02-28 18:00:00,NO,10,0.5,2.5521485648159024,1.848890005404576,-0.48927549407462534,5.5935726237064305
2026-02-28 19:00:00,NO,10,0.4,2.631223004147469,1.8700791412833744,-0.4450571832636818,5.70750319155862
2026-02-28 20:00:00,NO,10,0.4,2.6649176250912863,1.8850498630164705,-0.43598939957080773,5.76582464975338
2026-02-28 21:00:00,NO,10,0.4,2.748360579982279,1.896833979225752,-0.3719313158440829,5.868652475808641
2026-02-28 22:00:00,NO,10,0.4,2.953557393452426,1.9133648039769657,-0.1939277090896825,6.101042495994535
2026-02-28 23:00:00,NO,10,0.4,3.04243275158165,1.9169476385429578,-0.11094611382151554,6.195811616984816
2026-03-01 00:00:00,NO,10,0.4,3.0088853636604367,1.915387347279497,-0.14192682261433598,6.15969754993521
2026-03-01 01:00:00,NO,10,0.4,3.0368463620306643,1.9137207265679819,-0.11122423317366614,6.184916957234995
2026-03-01 02:00:00,NO,10,0.4,3.0668987572566593,1.9117996363549858,-0.07801164454729248,6.211809159060611
2026-03-01 03:00:00,NO,10,0.4,3.034905336929712,1.9062112404969094,-0.10081215368770424,6.1706228275471275
2026-03-01 04:00:00,NO,10,0.5,2.980523886716983,1.8984960568749734,-0.1425021268423481,6.103549900276315
2026-03-01 05:00:00,NO,10,1.0,2.9165153878224856,1.8879314321628893,-0.18913181808546708,6.022162593730439
2026-03-01 06:00:00,NO,10,1.6,2.8489995683596256,1.8760973792593298,-0.23718062052197197,5.935179757241223
2026-03-01 07:00:00,NO,10,2.0,2.7991536630385707,1.8558074409738092,-0.25364957736334537,5.851956903440486
2026-03-01 08:00:00,NO,10,2.3,2.8395297816515983,1.8399101267575093,-0.1871223768645045,5.866181940167701
2026-03-01 09:00:00,NO,10,2.5,2.9468374227674223,1.8276367743500537,-0.05962507103841608,5.953299916573261
2026-03-01 10:00:00,NO,10,2.7,3.0723961418982353,1.8220969972467997,0.07504658142724985,6.069745702369221
2026-03-01 11:00:00,NO,10,2.8,3.2207149806357,1.824688226067683,0.21910284875436092,6.222327112517039
2026-03-01 12:00:00,NO,10,2.8,3.3304253677249336,1.8564388779025174,0.27658341357529226,6.3842673218745745
2026-03-01 13:00:00,NO,10,2.8,3.1253821271815787,1.8782813784753514,0.0356092595896258,6.215154994773531
2026-03-01 14:00:00,NO,10,2.8,2.796396663678554,1.8938793648966523,-0.31903489157643916,5.911828218933547
2026-03-01 15:00:00,NO,10,2.7,2.8187761104032414,1.9033916569500224,-0.3123031652795456,5.949855386086028
2026-03-01 16:00:00,NO,10,2.8,3.0025494364813965,1.910969323986619,-0.14099510147659178,6.146093974439385
2026-03-01 17:00:00,NO,10,3.0,3.0785130478017444,1.914893564779234,-0.07148686626009537,6.228512961863585
2026-03-01 18:00:00,NO,10,3.4,3.124326247790504,1.917317064180626,-0.02966032278662567,6.278312818367634
2026-03-01 19:00:00,NO,10,4.0,3.1601017722555422,1.9185276455376836,0.00412379534605245,6.3160797491650325
2026-03-01 20:00:00,NO,10,5.0,3.1996374312332425,1.9194030015352925,0.04221949370768607,6.3570553687587985
2026-03-01 21:00:00,NO,10,3.8,3.2237458852476735,1.919813444783216,0.06565276857928293,6.381839001916064
2026-03-01 22:00:00,NO,10,2.2,3.2387320599937346,1.9200183612137929,0.08030185579704519,6.397162264190424
2026-03-01 23:00:00,NO,10,1.5,3.2471188366775103,1.9201130162453672,0.08853292495388132,6.405704748401139
2026-03-02 00:00:00,NO,10,0.9,3.1362482860380467,1.9108932421948506,-0.00717109737248256,6.2796676694485765
2026-03-02 01:00:00,NO,10,0.5,3.135841126166706,1.9076491462645027,-0.002241719438401013,6.273923971771813
2026-03-02 02:00:00,NO,10,0.4,3.183820342361484,1.903658476635434,0.05230214829619495,6.315338536426773
2026-03-02 03:00:00,NO,10,0.8,3.2920575374547094,1.89996388546212,0.16661694586952214,6.417498129039897
2026-03-02 04:00:00,NO,10,1.7,3.4365355516797496,1.8952672670470443,0.31882089738736186,6.554250205972137
2026-03-02 05:00:00,NO,10,2.4,3.6036094885840404,1.8867200853273054,0.49995494822062314,6.707264028947458
2026-03-02 06:00:00,NO,10,2.9,3.771937070622425,1.8720775074284004,0.6923695709027062,6.8515045703421436
2026-03-02 07:00:00,NO,10,3.2,3.8767370410986626,1.8559964100608943,0.8236229465484914,6.929851135648834
2026-03-02 08:00:00,NO,10,3.5,3.831136739215489,1.8438174271066723,0.798057071625013,6.864216406805966
2026-03-02 09:00:00,NO,10,3.7,3.6929414233409843,1.837851597410557,0.6696755456006183,6.716207301081351
2026-03-02 10:00:00,NO,10,3.8,3.522391080805609,1.8375105481955236,0.49968622902397275,6.5450959325872455
2026-03-02 11:00:00,NO,10,3.9,3.38412675836831,1.8408122645250238,0.35599058322464616,6.412262933511974
2026-03-02 12:00:00,NO,10,3.8,3.287521079417728,1.8318100670161082,0.2741935191762299,6.300848639659225
2026-03-02 13:00:00,NO,10,3.7,3.1603049673826424,1.8202077448321243,0.16606322713379784,6.1545467076314875
2026-03-02 14:00:00,NO,10,3.4,2.9498635272880924,1.806795385611612,-0.02231488204300902,5.922041936619194
2026-03-02 15:00:00,NO,10,3.3,2.7967703474023162,1.7869699558001997,-0.14279522988901228,5.736335924693645
2026-03-02 16:00:00,NO,10,3.3,2.8195266297802055,1.8050354977106318,-0.1497567639537838,5.788810023514195
2026-03-02 17:00:00,NO,10,3.1,2.7736418935223144,1.784654858634095,-0.16211534893077184,5.709399135975401
2026-03-02 18:00:00,NO,10,1.8,3.049707958397689,1.7870427964734639,0.11002255819884077,5.989393358596537
2026-03-02 19:00:00,NO,10,0.8,3.089781139455508,1.7976089508076054,0.1327144153769968,6.046847863534019
2026-03-02 20:00:00,NO,10,0.5,2.947220114122566,1.8553198274283473,-0.10478100199706564,5.999221230242197
2026-03-02 21:00:00,NO,10,0.5,3.199348640073409,1.8866159997473333,0.09586532048904584,6.302831959657772
2026-03-02 22:00:00,NO,10,0.5,3.1700189344420133,1.8994425385035465,0.04543595860367944,6.294601910280347
2026-03-02 23:00:00,NO,10,0.5,3.011447017079899,1.8865965546677586,-0.0920043153485639,6.114898349508362
2026-03-03 00:00:00,NO,10,0.5,3.2715828634046598,1.8723828329045635,0.1915131032766526,6.351652623532667
2026-03-03 01:00:00,NO,10,0.5,3.3985423283692606,1.8793891123191129,0.30694723860431994,6.490137418134202
2026-03-03 02:00:00,NO,10,0.9,3.4493195838550856,1.883808607047069,0.35045442526265713,6.548184742447514
2026-03-03 03:00:00,NO,10,2.4,3.538171882799427,1.8851182902317902,0.43715229536813194,6.639191470230722
2026-03-03 04:00:00,NO,10,1.3,3.6703014634440057,1.8549976234098395,0.6188303729348195,6.721772553953192
2026-03-03 05:00:00,NO,10,0.8,3.548396249968138,1.8228798500791186,0.549758896587988,6.547033603348288
2026-03-03 06:00:00,NO,10,1.1,3.1874493456985684,1.806912029543922,0.21507905709881658,6.15981963429832
2026-03-03 07:00:00,NO,10,1.4,2.5957045151429483,1.8074080672826842,-0.3774817555370671,5.568890785822964
2026-03-03 08:00:00,NO,10,1.6,2.1020427074374006,1.823766477232089,-0.8980531476093856,5.102138562484187
2026-03-03 09:00:00,NO,10,1.6,1.8812645212279786,1.8404438619071475,-1.146265631609279,4.908794674065236
2026-03-03 10:00:00,NO,10,1.8,1.852441371085708,1.8483178942844356,-1.1880415650121885,4.892924307183605
2026-03-03 11:00:00,NO,10,2.0,1.8960918122692167,1.855675049402048,-1.156493643997152,4.948677268535586
2026-03-03 12:00:00,NO,10,2.0,1.9235357949100915,1.8571794534595594,-1.1315244060308836,4.978595995851067
2026-03-03 13:00:00,NO,10,1.9,2.0005851855992782,1.8617329597926648,-1.0619655332596554,5.063135904458212
2026-03-03 14:00:00,NO,10,1.6,2.341053243565688,1.8744367317594122,-0.7423951801785451,5.424501667309921
2026-03-03 15:00:00,NO,10,1.4,2.789081558404239,1.8882628140426865,-0.3171107706959799,5.895273887504459
2026-03-03 16:00:00,NO,10,1.3,3.3315841426162107,1.8868219895028813,0.22776196988397102,6.43540631534845
2026-03-03 17:00:00,NO,10,1.3,3.4061444590901715,1.8847399343437197,0.30574726709475275,6.50654165108559
2026-03-03 18:00:00,NO,10,0.7,3.143504602056848,1.8869964876704128,0.03939537983901875,6.247613824274677
2026-03-03 19:00:00,NO,10,0.4,3.122491204634128,1.8887346683632718,0.015522675176546041,6.22945973409171
2026-03-03 20:00:00,NO,10,0.4,3.0730429675707245,1.8758675021425162,-0.012759073453714631,6.158845008595163
2026-03-03 21:00:00,NO,10,0.4,3.043642753540652,1.865714071861969,-0.025456894672287067,6.112742401753591
2026-03-03 22:00:00,NO,10,0.4,3.040693931742056,1.8508696764729209,-0.003986686055899025,6.085374549540012
2026-03-03 23:00:00,NO,10,0.4,3.255832666928722,1.8873938810186053,0.15106973265311607,6.360595601204327
2026-03-04 00:00:00,NO,10,0.4,3.2072422000585226,1.8956424348406702,0.08891039474562001,6.325574005371426
2026-03-04 01:00:00,NO,10,0.5,3.194845470837725,1.8852288750742714,0.09364397134054858,6.296046970334902
2026-03-04 02:00:00,NO,10,1.6,3.2887316706237946,1.8787787543114869,0.19814061978139863,6.37932272146619
2026-03-04 03:00:00,NO,10,2.4,3.374272218466206,1.8782233731979998,0.284594769555496,6.463949667376916
2026-03-04 04:00:00,NO,10,0.9,3.354789043837454,1.8540932390034592,0.3048056656767635,6.404772421998144
2026-03-04 05:00:00,NO,10,0.6,3.433014610962723,1.8592424360309878,0.37456080369174805,6.491468418233698
2026-03-04 06:00:00,NO,10,0.5,3.4547815015735357,1.839586673241765,0.4286614240908322,6.480901579056239
2026-03-04 07:00:00,NO,10,0.9,3.36613964584191,1.8241418543152421,0.3654262954933367,6.366852996190484
2026-03-04 08:00:00,NO,10,1.6,3.2102667003410823,1.8203672838426914,0.21576251841985483,6.204770882262309
2026-03-04 09:00:00,NO,10,1.4,3.1733955605828696,1.8389206634842648,0.1483710691512541,6.198420052014486
2026-03-04 10:00:00,NO,10,1.2,3.1997034580020673,1.8595637256852187,0.14072112924988245,6.258685786754253
2026-03-04 11:00:00,NO,10,0.9,3.040463628042434,1.8581852614849672,-0.016251127100336937,6.097178383185205
2026-03-04 12:00:00,NO,10,0.7,2.8973355727853254,1.8526663199146731,-0.150300523474312,5.944971669044962
2026-03-04 13:00:00,NO,10,0.6,2.893469524617791,1.857564390080556,-0.16222389706472384,5.949162946300306
2026-03-04 14:00:00,NO,10,0.6,2.842368185834927,1.8561938596953782,-0.21107071336397,5.895807085033824
2026-03-04 15:00:00,NO,10,0.6,2.8645764920347045,1.8500887121623644,-0.178819439472385,5.9079724235417945
2026-03-04 16:00:00,NO,10,0.6,2.9250015596340537,1.8412057901185097,-0.10378196511089488,5.953785084379002
2026-03-04 17:00:00,NO,10,0.7,2.919289577582638,1.8467176893511277,-0.11856102139996683,5.957140176565243
2026-03-04 18:00:00,NO,10,0.7,2.9124086490611867,1.8519867908056535,-0.13410962181411357,5.958926919936487
2026-03-04 19:00:00,NO,10,1.0,2.9291305623899526,1.86244037824987,-0.13458385983108334,5.992844984610988
2026-03-04 20:00:00,NO,10,0.7,2.9471026897075365,1.870066449175043,-0.12915661918540922,6.023361998600482
2026-03-04 21:00:00,NO,10,0.4,2.8064674184756893,1.8326010552718253,-0.20816131744646338,5.821096154397842
2026-03-04 22:00:00,NO,10,0.4,2.9804632610150477,1.8445963966817722,-0.05389781152646789,6.014824333556563
2026-03-04 23:00:00,NO,10,0.4,3.248333213452405,1.872212743057676,0.16854325112252821,6.328123175782283
2026-03-05 00:00:00,NO,10,0.4,3.2446885481501053,1.8754708213014688,0.1595390471091891,6.3298380491910216
2026-03-05 01:00:00,NO,10,0.8,3.20784196938788,1.8810493818027818,0.1135157363223036,6.302168202453457
2026-03-05 02:00:00,NO,10,2.0,3.2447790181081624,1.8626621796373715,0.1806997326046864,6.308858303611638
2026-03-05 03:00:00,NO,10,0.9,3.1644437565357872,1.832505801341314,0.14997171332932568,6.178915799742249
2026-03-05 04:00:00,NO,10,0.8,3.259968843411432,1.7945997003853162,0.3078523362775867,6.212085350545277
2026-03-05 05:00:00,NO,10,1.3,3.3186791074972612,1.8095176578945673,0.3420225602606979,6.295335654733824
2026-03-05 06:00:00,NO,10,0.8,3.2804069814969763,1.772645785579727,0.3644046642183252,6.196409298775627
2026-03-05 07:00:00,NO,10,0.5,3.0644274899080317,1.7484748120380702,0.1881864241054063,5.940668555710657
2026-03-05 08:00:00,NO,10,0.7,2.9884656667525342,1.7399113571996687,0.12631148415907933,5.850619849345989
2026-03-05 09:00:00,NO,10,1.1,2.896304197568599,1.727602041755792,0.054398838880321154,5.7382095562568765
2026-03-05 10:00:00,NO,10,0.6,2.828718898833292,1.738706488312346,-0.03145327444051693,5.688891072107101
2026-03-05 11:00:00,NO,10,0.5,2.7709643318814794,1.717887344444285,-0.05496034972936936,5.596889013492328
2026-03-05 12:00:00,NO,10,0.5,2.7348721172074812,1.7106720438179321,-0.07918339487301695,5.548927629287979
2026-03-05 13:00:00,NO,10,0.5,2.689353951440543,1.6678669057299305,-0.0542871084851928,5.432995011366279
2026-03-05 14:00:00,NO,10,0.5,2.5735282118318703,1.6215908197913957,-0.09398868672497551,5.241045110388717
2026-03-05 15:00:00,NO,10,0.8,2.5419165203213394,1.6108090585517914,-0.10786438099635731,5.191697421639036
2026-03-05 16:00:00,NO,10,0.5,2.520397788407859,1.6348747623763302,-0.1689711957012041,5.209766772516922
2026-03-05 17:00:00,NO,10,0.5,2.5010612858765064,1.673115311660808,-0.25121340180552254,5.253335973558535
2026-03-05 18:00:00,NO,10,0.6,2.4901939931316712,1.706887337780619,-0.31763567751744715,5.298023663780789
2026-03-05 19:00:00,NO,10,0.6,2.5559607641223145,1.7439476364059239,-0.31283309776543033,5.42475462601006
2026-03-05 20:00:00,NO,10,0.4,2.400376869759727,1.7128557504447848,-0.41727083972194423,5.218024579241398
2026-03-05 21:00:00,NO,10,0.4,2.488026892738786,1.6800386635670088,-0.27563670882894353,5.251690494306516
2026-03-05 22:00:00,NO,10,0.4,3.004144258565121,1.7275632336847544,0.16230273915369997,5.8459857779765425
2026-03-05 23:00:00,NO,10,0.4,2.960993185273774,1.7143354923321004,0.14091130038746869,5.781075070160079
2026-03-06 00:00:00,NO,10,0.4,3.074907480177991,1.7889578511500281,0.1320718150361948,6.017743145319788
2026-03-06 01:00:00,NO,10,1.0,3.01903460628607,1.7879068336257127,0.07792786497177229,5.960141347600367
2026-03-06 02:00:00,NO,10,1.7,3.068377185348656,1.8209168354416132,0.072968991047202,6.06378537965011
2026-03-06 03:00:00,NO,10,0.5,3.035455016959614,1.7897609185812253,0.09129830589349819,5.97961172802573
2026-03-06 04:00:00,NO,10,0.8,3.2387543547143904,1.7905249406424233,0.2933408273576039,6.184167882071177
2026-03-06 05:00:00,NO,10,1.6,3.107038941365789,1.7672591793470258,0.19989759133993168,6.0141802913916464
2026-03-06 06:00:00,NO,10,1.2,3.0567041287476178,1.7636825627760375,0.15544631298103617,5.957961944514199
2026-03-06 07:00:00,NO,10,0.9,3.1635738819401014,1.7558283015053286,0.2752363259638355,6.051911437916367
2026-03-06 08:00:00,NO,10,0.8,2.6905778040464647,1.7131225375287833,-0.1275087701883839,5.508664378281313
2026-03-06 09:00:00,NO,10,0.7,2.1657943395962063,1.6801619442200044,-0.5980720586457009,4.929660737838113
2026-03-06 10:00:00,NO,10,0.7,2.2974017816437975,1.665030559278052,-0.44157348836859844,5.036377051656194
2026-03-06 11:00:00,NO,10,0.7,2.3662188032997253,1.6633799791209876,-0.37004126235429924,5.1024788689537495
2026-03-06 12:00:00,NO,10,0.6,2.1302135182393043,1.6698824950663869,-0.6167431861449022,4.87717022262351
2026-03-06 13:00:00,NO,10,0.6,2.087491550978582,1.6753526339353348,-0.668463531845044,4.843446633802207
2026-03-06 14:00:00,NO,10,0.7,2.062592218012482,1.6782171593415065,-0.6980750091042962,4.82325944512926
2026-03-06 15:00:00,NO,10,0.9,1.8977128245261963,1.667050555323499,-0.8445853389809599,4.640010988033352
2026-03-06 16:00:00,NO,10,0.5,1.7107527663005868,1.693700603934797,-1.0753847271721542,4.496890259773328
2026-03-06 17:00:00,NO,10,0.8,1.7552219381952903,1.7359007305881833,-1.1003347636222711,4.610778640012851
2026-03-06 18:00:00,NO,10,1.1,1.7754563651357782,1.7527097521710355,-1.1077511771855755,4.658663907457132
2026-03-06 19:00:00,NO,10,0.4,1.9311586782280956,1.774490816924696,-0.9878787156130293,4.85019607206922
2026-03-06 20:00:00,NO,10,0.4,1.8240605607262086,1.746085011791462,-1.0482492836707464,4.696370405123163
2026-03-06 21:00:00,NO,10,0.4,2.086993065115031,1.7364559690502135,-0.7694770039725705,4.9434631342026325
2026-03-06 22:00:00,NO,10,0.4,2.6525575466660922,1.7799433223480379,-0.2754492185964299,5.580564311928614
2026-03-06 23:00:00,NO,10,0.4,2.6080469563690123,1.803800554665892,-0.3592049560563799,5.5752988687944045
2026-03-07 00:00:00,NO,10,0.4,3.1455637390559232,1.8954080468605545,0.027617501970310876,6.263509976141536
2026-03-07 01:00:00,NO,10,0.5,3.2211947716027396,1.8999608960655976,0.09575909757483148,6.346630445630648
2026-03-07 02:00:00,NO,10,0.5,3.333248137871678,1.8972596054916937,0.2122560868378418,6.454240188905514
2026-03-07 03:00:00,NO,10,0.5,3.307191555848781,1.8950599907489631,0.18981787106673664,6.424565240630826
2026-03-07 04:00:00,NO,10,0.6,3.1402526937822297,1.9000442631854144,0.014679880842222826,6.265825506722237
2026-03-07 05:00:00,NO,10,0.7,3.1218124722445157,1.9033715962992597,-0.009233803667766605,6.2528587481567985
2026-03-07 06:00:00,NO,10,0.8,3.166964661703782,1.9005389788096985,0.040578041561828204,6.293351281845736
2026-03-07 07:00:00,NO,10,0.8,3.1708317002111337,1.884917819234445,0.0701418875704718,6.271521512851796
2026-03-07 08:00:00,NO,10,0.9,3.164855469245909,1.8738364187328458,0.08239456043037752,6.2473163780614405
2026-03-07 09:00:00,NO,10,0.9,3.174956354097896,1.875333257319739,0.09003314580692523,6.259879562388866
2026-03-07 10:00:00,NO,10,1.0,3.333701893338487,1.8754987124487996,0.24850651136021185,6.418897275316763
2026-03-07 11:00:00,NO,10,1.2,3.364543765330889,1.890680267806014,0.25437472478999634,6.474712805871782
2026-03-07 12:00:00,NO,10,1.3,3.3394228388117364,1.892164375676844,0.22681244082332785,6.452033236800145
2026-03-07 13:00:00,NO,10,1.3,3.346514330241218,1.8934283104720355,0.2318247595147196,6.461203900967716
2026-03-07 14:00:00,NO,10,1.3,3.3715030054903696,1.8996155145266398,0.246635484094047,6.496370526886692
2026-03-07 15:00:00,NO,10,1.5,3.2699018768041612,1.9002140801006377,0.1440497150386122,6.39575403856971
2026-03-07 16:00:00,NO,10,2.0,3.0806623679268195,1.9005670898612257,-0.04577049489489671,6.207095230748536
2026-03-07 17:00:00,NO,10,1.0,3.091631366731563,1.9058316369271704,-0.04346167601363238,6.226724409476758
2026-03-07 18:00:00,NO,10,0.5,3.1477622876892735,1.9099065375616808,0.005966033400308657,6.289558541978238
2026-03-07 19:00:00,NO,10,0.9,3.162143940148019,1.912263755875108,0.01647006173346588,6.307817818562572
2026-03-07 20:00:00,NO,10,0.6,3.1849600821075623,1.9161101618170382,0.032958865918534475,6.33696129829659
2026-03-07 21:00:00,NO,10,0.5,3.2225739899144834,1.9183281029610806,0.06692426054350564,6.378223719285462
2026-03-07 22:00:00,NO,10,0.5,3.2404250670066523,1.9192700623466084,0.08322581444648147,6.397624319566823
2026-03-07 23:00:00,NO,10,0.5,3.25067322589449,1.919530889021095,0.09304491345478905,6.408301538334191
2026-03-08 00:00:00,NO,10,0.5,3.259778703084524,1.9199004438351053,0.10154247297577612,6.418014933193272
2026-03-08 01:00:00,NO,10,0.5,3.2639735053973413,1.9199468140254718,0.10566099632544024,6.422286014469242
2026-03-08 02:00:00,NO,10,0.5,3.265812121627871,1.9197788468926429,0.1077759184894731,6.4238483247662685
2026-03-08 03:00:00,NO,10,0.6,3.2659121701570895,1.9195348694461725,0.10827730991813578,6.423547030396043
2026-03-08 04:00:00,NO,10,0.7,3.2660296565578824,1.919242161007873,0.10887630169993123,6.4231830114158335
2026-03-08 05:00:00,NO,10,1.1,3.2680921282497235,1.9189803407005506,0.1113694677973176,6.424814788702129
2026-03-08 06:00:00,NO,10,1.4,3.265312233567485,1.9182481867767995,0.10979396631964988,6.42083050081532
2026-03-08 07:00:00,NO,10,1.7,3.2627379635082003,1.915860059351986,0.1111481658741833,6.414327761142218
2026-03-08 08:00:00,NO,10,2.0,3.2791911221417087,1.9132049457707985,0.131968986348745,6.426413257934673
2026-03-08 09:00:00,NO,10,2.2,3.27967986891953,1.911695189627016,0.1349412819830884,6.424418455855971
2026-03-08 10:00:00,NO,10,2.4,3.280065045697868,1.910325651604718,0.13757934880810696,6.42255074258763
2026-03-08 11:00:00,NO,10,2.6,3.3374822856070305,1.9068153281974103,0.20077107072229072,6.47419350049177
2026-03-08 12:00:00,NO,10,2.7,3.409379943420805,1.912508649247855,0.26330321540808344,6.555456671433527
2026-03-08 13:00:00,NO,10,2.8,3.2751108131689106,1.9142062331190126,0.12624155968813477,6.423980066649687
2026-03-08 14:00:00,NO,10,2.8,3.0981975891464195,1.9119221326470954,-0.046914319058052545,6.243309497350891
2026-03-08 15:00:00,NO,10,2.8,3.104645468965654,1.912039795593247,-0.04065999478523752,6.249950932716546
2026-03-08 16:00:00,NO,10,3.0,3.1460055619996163,1.9125712586005947,-0.00017415839836187885,6.292185282397595
2026-03-08 17:00:00,NO,10,3.3,3.0809255173372945,1.912516083393683,-0.06516343984531403,6.227014474519903
2026-03-08 18:00:00,NO,10,3.7,3.0026281296417743,1.9093776540246923,-0.1382981112288446,6.143554370512393
2026-03-08 19:00:00,NO,10,4.7,3.073579810743969,1.9131870046491255,-0.07361281190384261,6.22077243339178
2026-03-08 20:00:00,NO,10,4.3,3.1267959147732034,1.9163666965282842,-0.02562730101582389,6.279219130562231
2026-03-08 21:00:00,NO,10,3.3,3.1482998843110037,1.9176799469700145,-0.0062836284546703425,6.302883397076678
2026-03-08 22:00:00,NO,10,2.4,3.18966454784703,1.919154188200021,0.03265590825799558,6.346673187436064
2026-03-08 23:00:00,NO,10,1.6,3.21540505445744,1.919681752290899,0.05752857193891092,6.373281536975969
2026-03-09 00:00:00,NO,10,1.0,3.16516577741543,1.9019878499979912,0.036395764168734246,6.293935790662125
2026-03-09 01:00:00,NO,10,0.8,3.159522611526811,1.8940189214067602,0.043861485812690226,6.275183737240932
2026-03-09 02:00:00,NO,10,0.8,3.1947063046685966,1.8943126190855575,0.07856204627285468,6.310850563064339
2026-03-09 03:00:00,NO,10,0.9,3.2634075106831864,1.8876413879586238,0.15823742749125014,6.368577593875123
2026-03-09 04:00:00,NO,10,1.4,3.3844697348831296,1.8785562204646853,0.29424475221872237,6.474694717547537
2026-03-09 05:00:00,NO,10,2.0,3.537713548827005,1.8675438624256544,0.4656038951368031,6.609823202517207
2026-03-09 06:00:00,NO,10,2.3,3.6936508772535177,1.8490368308167562,0.6519852905599537,6.735316463947082
2026-03-09 07:00:00,NO,10,2.3,3.817917256256623,1.823016630291763,0.8190548994266731,6.816779613086573
2026-03-09 08:00:00,NO,10,2.3,3.8227453931188897,1.8007410231537342,0.8605264100309968,6.784964376206783
2026-03-09 09:00:00,NO,10,2.3,3.750533090239849,1.7893358646507154,0.8070755928894222,6.693990587590275
2026-03-09 10:00:00,NO,10,2.3,3.6040721288326263,1.8002904275769267,0.6425943754685819,6.56554988219667
2026-03-09 11:00:00,NO,10,2.4,3.4836357089855947,1.8221134090592646,0.4862591510831047,6.481012266888085
2026-03-09 12:00:00,NO,10,2.4,3.3633277233319525,1.8173038670006643,0.37386286211585995,6.352792584548045
2026-03-09 13:00:00,NO,10,2.3,3.066184847514805,1.800659833206158,0.10409942189067456,6.028270273138935
2026-03-09 14:00:00,NO,10,2.2,2.713426891745109,1.8086505311646928,-0.2618032320208106,5.688657015511028
2026-03-09 15:00:00,NO,10,2.0,2.630039554840122,1.8253973700946775,-0.37273911896562284,5.632818228645867
2026-03-09 16:00:00,NO,10,2.0,2.480948156988706,1.7959365000805292,-0.47336738564376457,5.435263699621177
2026-03-09 17:00:00,NO,10,2.1,2.391514923150373,1.7973743043180048,-0.565165807452745,5.348195653753491
2026-03-09 18:00:00,NO,10,2.0,2.682002156557388,1.7897249317273785,-0.26209535613414925,5.626099669248926
2026-03-09 19:00:00,NO,10,1.0,2.6693136095004135,1.7798169110902058,-0.25848520924297524,5.597112428243802
2026-03-09 20:00:00,NO,10,0.7,3.037303599779568,1.8261236009646566,0.033330276192707675,6.0412769233664285
2026-03-09 21:00:00,NO,10,0.7,3.212731140080823,1.87373047020081,0.1304445166004906,6.295017763561155
2026-03-09 22:00:00,NO,10,0.7,3.0012901095657334,1.8829719016576354,-0.09619866866107696,6.098778887792544
2026-03-09 23:00:00,NO,10,0.6,2.840034863749368,1.8733304752370223,-0.24159376801553378,5.92166349551427
2026-03-10 00:00:00,NO,10,0.8,3.204634480100222,1.8721153136940856,0.12500478907345114,6.284264171126992
2026-03-10 01:00:00,NO,10,0.9,3.32370511801145,1.8840715903346683,0.22440735191092065,6.423002884111979
2026-03-10 02:00:00,NO,10,2.0,3.3934785458254564,1.8925165064372422,0.28028889273619306,6.50666819891472
2026-03-10 03:00:00,NO,10,2.4,3.4836068890301357,1.889566963627844,0.375269233862332,6.59194454419794
2026-03-10 04:00:00,NO,10,1.2,3.5914467107628285,1.88662335277152,0.4879512954536782,6.694942126071979
2026-03-10 05:00:00,NO,10,1.5,3.6454442640168043,1.8870169570510025,0.5413013696679054,6.749587158365703
2026-03-10 06:00:00,NO,10,2.1,3.6666256359912746,1.8760098743510707,0.5805893926837631,6.7526618792987865
2026-03-10 07:00:00,NO,10,1.9,3.6016997125131547,1.8550337210439571,0.550169241395845,6.653230183630464
2026-03-10 08:00:00,NO,10,1.2,3.4003451512714657,1.8496610601525265,0.35765270732055976,6.443037595222371
2026-03-10 09:00:00,NO,10,1.2,3.2488675499482227,1.858533919726467,0.19157925199818449,6.3061558478982604
2026-03-10 10:00:00,NO,10,1.8,3.210188702615469,1.8718921394281385,0.1309261332561813,6.289451271974757
2026-03-10 11:00:00,NO,10,1.6,3.2307341102225653,1.8800290814666645,0.13808627120990202,6.323381949235229
2026-03-10 12:00:00,NO,10,1.2,3.249080352584427,1.8841736510037597,0.14961469668324234,6.348546008485612
2026-03-10 13:00:00,NO,10,1.2,3.2667814638434773,1.8911328345144265,0.1558679510672456,6.3776949766197095
2026-03-10 14:00:00,NO,10,2.0,3.286721184366649,1.897834548542208,0.16478335201471683,6.408659016718581
2026-03-10 15:00:00,NO,10,1.5,3.241136346315797,1.897298919169479,0.12007962428200392,6.36219306834959
2026-03-10 16:00:00,NO,10,1.1,3.1760398177119282,1.8886832437686445,0.0691558817125082,6.282923753711348
2026-03-10 17:00:00,NO,10,1.7,3.104649223869788,1.880480162781804,0.011259356093720196,6.198039091645855
2026-03-10 18:00:00,NO,10,2.0,3.0451440909313883,1.8776563501836978,-0.043600605120794445,6.1338887869835705
2026-03-10 19:00:00,NO,10,1.0,3.082551507388524,1.8773758729223184,-0.005731803568689742,6.170834818345738
2026-03-10 20:00:00,NO,10,1.0,3.136349950123997,1.882324937446574,0.03992542802438237,6.232774472223611
2026-03-10 21:00:00,NO,10,1.0,3.085272055689672,1.821595676487491,0.08874716786774961,6.081796943511595
2026-03-10 22:00:00,NO,10,1.0,3.2160177754529498,1.82478380310297,0.2142484193485643,6.217787131557335
2026-03-10 23:00:00,NO,10,1.0,3.3597819990536544,1.8656639329232871,0.2907648293948468,6.428799168712462
2026-03-11 00:00:00,NO,10,1.1,3.316577800590497,1.8814292690638346,0.22162665298048934,6.411528948200505
2026-03-11 01:00:00,NO,10,1.8,3.4293568824588854,1.8739680588712182,0.3466794256157315,6.512034339302039
2026-03-11 02:00:00,NO,10,1.8,3.5576443999714558,1.8739591757117726,0.47498155592558966,6.640307244017322
2026-03-11 03:00:00,NO,10,1.2,3.5154096132413035,1.8797339590566697,0.42324725059308177,6.607571975889526
2026-03-11 04:00:00,NO,10,2.0,3.411707856816197,1.871386518921241,0.3332770331907553,6.490138680441639
2026-03-11 05:00:00,NO,10,2.1,3.445015688326963,1.862608786609033,0.3810242343551038,6.509007142298822
2026-03-11 06:00:00,NO,10,1.3,3.3936358820689065,1.8412833962592063,0.3647246952225123,6.422547068915301
2026-03-11 07:00:00,NO,10,2.3,3.0851986413272336,1.8231319769104604,0.0861465393095262,6.084250743344941
2026-03-11 08:00:00,NO,10,3.1,2.7581286727013996,1.8129790212282064,-0.22422181721900003,5.740479162621799
2026-03-11 09:00:00,NO,10,1.9,2.553279809630105,1.7763395592381688,-0.36879876531668243,5.475358384576893
2026-03-11 10:00:00,NO,10,1.2,2.725411166128624,1.8196891686680723,-0.26797751633035505,5.718799848587603
2026-03-11 11:00:00,NO,10,1.4,2.6838273249783406,1.8354448805115973,-0.33547950346323674,5.703134153419918
2026-03-11 12:00:00,NO,10,1.5,2.444767027310587,1.801055404362254,-0.517969112865321,5.407503167486494
2026-03-11 13:00:00,NO,10,1.2,2.5898909743282745,1.8102242716485766,-0.3879279525336341,5.567709901190183
2026-03-11 14:00:00,NO,10,1.4,2.659987473923987,1.816475082096414,-0.3281140361246142,5.648088983972588
2026-03-11 15:00:00,NO,10,1.4,2.5525274424528974,1.7776411307502733,-0.3716922176313022,5.476747102537097
2026-03-11 16:00:00,NO,10,1.3,2.787523686022739,1.782348764227866,-0.1444400311321008,5.719487403177578
2026-03-11 17:00:00,NO,10,2.1,3.080319769437665,1.782079347097031,0.14879924346304874,6.011840295412281
2026-03-11 18:00:00,NO,10,1.4,3.315603282762051,1.7872169332372472,0.37563142758677914,6.255575137937322
2026-03-11 19:00:00,NO,10,1.1,3.3125355393671643,1.774054454583317,0.39421596157760774,6.230855117156721
2026-03-11 20:00:00,NO,10,1.1,3.1472673705139034,1.6642819960038644,0.4095234870875464,5.88501125394026
2026-03-11 21:00:00,NO,10,1.0,3.27585008569616,1.7573944284350378,0.38493625092052275,6.166763920471798
2026-03-11 22:00:00,NO,10,1.1,3.1574146875592866,1.771331543993312,0.2435742976902886,6.071255077428285
2026-03-11 23:00:00,NO,10,1.2,2.742550403872471,1.6072418412806244,0.09863757496584391,5.386463232779098
2026-03-12 00:00:00,NO,10,1.2,4.1969229327262,1.6862578279459903,1.4230288057550458,6.970817059697355
