datetime,target,horizon,actual,predicted,pred_std,pi90_lower,pi90_upper
2026-02-13 04:00:00,NH4,4,5.8,3.964547167728279,2.870939017950266,-0.7581475167999088,8.687241852256467
2026-02-13 05:00:00,NH4,4,5.7,7.178028154475497,2.665929088660104,2.792574803629626,11.563481505321366
2026-02-13 06:00:00,NH4,4,5.3,8.073043212452852,2.575142643748197,3.836933563487068,12.309152861418635
2026-02-13 07:00:00,NH4,4,5.5,6.898189899046642,2.6454971561176963,2.5463470772330314,11.250032720860252
2026-02-13 08:00:00,NH4,4,6.6,7.020994612514526,2.693346205680802,2.5904401041696064,11.451549120859447
2026-02-13 09:00:00,NH4,4,8.0,6.699659095830792,2.7750407293308617,2.1347170960815243,11.264601095580058
2026-02-13 10:00:00,NH4,4,8.4,6.581360309993736,2.7726652133945633,2.0203260339596794,11.142394586027791
2026-02-13 11:00:00,NH4,4,9.2,6.35835084125032,2.77177919072068,1.7987740725148011,10.917927609985838
2026-02-13 12:00:00,NH4,4,9.4,6.138252489026854,2.8179209608490177,1.50277250843022,10.77373246962349
2026-02-13 13:00:00,NH4,4,9.1,6.123064727215651,2.842821420448716,1.4466234905775126,10.79950596385379
2026-02-13 14:00:00,NH4,4,8.7,5.376732474044708,2.8848010923302305,0.631234677161479,10.122230270927936
2026-02-13 15:00:00,NH4,4,8.2,5.403695579913858,2.8634312856364765,0.6933511150418541,10.114040044785863
2026-02-13 16:00:00,NH4,4,7.4,5.480241817991207,2.8152787902668615,0.8491082080022192,10.111375427980194
2026-02-13 17:00:00,NH4,4,6.8,5.279745340340125,2.818183350134503,0.6438337293688674,9.915656951311384
2026-02-13 18:00:00,NH4,4,6.3,5.386326026091046,2.778743366291504,0.8152931885415216,9.957358863640572
2026-02-13 19:00:00,NH4,4,5.8,5.473959815473714,2.775229427719236,0.9087074068755712,10.039212224071857
2026-02-13 20:00:00,NH4,4,6.2,6.805682648549186,2.668971665176052,2.4152242593345807,11.196141037763791
2026-02-13 21:00:00,NH4,4,6.8,6.518238397073861,2.6440746971171314,2.16873552031618,10.867741273831541
2026-02-13 22:00:00,NH4,4,6.6,6.4674806797153055,2.609851710220409,2.174274616402733,10.760686743027879
2026-02-13 23:00:00,NH4,4,5.8,6.1840232110011275,2.5980770881353243,1.9101864010185192,10.457860020983736
2026-02-14 00:00:00,NH4,4,4.8,5.9138899768437305,2.6051351467912687,1.6284426603720936,10.199337293315367
2026-02-14 01:00:00,NH4,4,3.9,5.617072324716296,2.5414151563991267,1.436444392439732,9.79770025699286
2026-02-14 02:00:00,NH4,4,3.2,5.0438993874147915,2.5063801094940996,0.9209041072969972,9.166894667532585
2026-02-14 03:00:00,NH4,4,3.0,4.772783130234097,2.4694712817969577,0.7105028716781012,8.835063388790093
2026-02-14 04:00:00,NH4,4,2.3,4.518589416789887,2.473602078988455,0.44951399685387816,8.587664836725896
2026-02-14 05:00:00,NH4,4,1.8,4.2033513283674155,2.5058676816796135,0.08119899200445158,8.32550366473038
2026-02-14 06:00:00,NH4,4,1.5,4.187802875871516,2.4797895680728548,0.10854903639167013,8.267056715351362
2026-02-14 07:00:00,NH4,4,1.4,3.880843126141146,2.497476763747032,-0.22750615022272225,7.989192402505014
2026-02-14 08:00:00,NH4,4,1.7,4.2682984675805375,2.428343487716203,0.27367343028738356,8.262923504873692
2026-02-14 09:00:00,NH4,4,2.6,6.176515764826088,2.351250420701878,2.3087088227714987,10.044322706880678
2026-02-14 10:00:00,NH4,4,4.2,5.946374647980195,2.2279269316879162,2.281434845353573,9.611314450606818
2026-02-14 11:00:00,NH4,4,6.3,6.029341837019176,2.1091312349163545,2.559820955581773,9.498862718456579
2026-02-14 12:00:00,NH4,4,8.2,6.487928857749797,2.0864760221183642,3.0556758013650875,9.920181914134506
2026-02-14 13:00:00,NH4,4,8.7,6.625223165629205,2.0409269790461786,3.2678982850982408,9.982548046160169
2026-02-14 14:00:00,NH4,4,8.9,6.552231524206234,2.011608986701235,3.2431347410827027,9.861328307329766
2026-02-14 15:00:00,NH4,4,9.2,6.154781028101322,1.9807398460045111,2.896463981423901,9.413098074778743
2026-02-14 16:00:00,NH4,4,9.2,5.742565161743314,1.9690838197403897,2.5034222782703726,8.981708045216255
2026-02-14 17:00:00,NH4,4,8.5,5.524708986280833,2.0024910277616264,2.230611245612958,8.818806726948708
2026-02-14 18:00:00,NH4,4,7.9,5.449278448955916,2.1259874040264344,1.9520291693324312,8.946527728579401
2026-02-14 19:00:00,NH4,4,7.5,5.3607068967511875,2.1995694944295883,1.7424150784145147,8.97899871508786
2026-02-14 20:00:00,NH4,4,7.3,5.566774951627721,2.0854341043595612,2.136235849956243,8.997314053299199
2026-02-14 21:00:00,NH4,4,6.6,5.798300000498813,1.8923086425825248,2.685452283450559,8.911147717547067
2026-02-14 22:00:00,NH4,4,5.9,5.683724533227778,1.929303597713224,2.5100201149895245,8.857428951466032
2026-02-14 23:00:00,NH4,4,6.3,5.634793261729988,1.9864140538422508,2.3671421431594855,8.90244438030049
2026-02-15 00:00:00,NH4,4,6.9,4.654743160155432,2.0738739473678973,1.2432205167352408,8.066265803575623
2026-02-15 01:00:00,NH4,4,7.0,4.107753896892051,1.9692597868214512,0.8683215475707637,7.347186246213338
2026-02-15 02:00:00,NH4,4,5.9,3.924838691504937,1.8718728596089294,0.8456078374482483,7.0040695455616255
2026-02-15 03:00:00,NH4,4,5.1,3.8253944490435274,1.7681365047515851,0.9168098987271698,6.733978999359885
2026-02-15 04:00:00,NH4,4,2.7,3.467763275030988,1.7226242168829953,0.6340464382584607,6.3014801118035155
2026-02-15 05:00:00,NH4,4,1.8,2.952396312214062,1.7774795642219687,0.02844242906892358,5.8763501953592
2026-02-15 06:00:00,NH4,4,1.8,3.267521757272996,1.76578066540697,0.36281256267853035,6.172230951867462
2026-02-15 07:00:00,NH4,4,2.0,3.79294170508977,1.7897293852224716,0.8488368663988042,6.737046543780735
2026-02-15 08:00:00,NH4,4,2.1,4.011316887528478,1.966690044458177,0.776111764394777,7.246522010662179
2026-02-15 09:00:00,NH4,4,3.1,4.3777671161902605,1.9694224396072109,1.1380672030363987,7.617467029344122
2026-02-15 10:00:00,NH4,4,5.0,5.519729987019865,1.9854396066814044,2.2536818340289546,8.785778140010775
2026-02-15 11:00:00,NH4,4,7.5,5.92274049518711,1.9793412972103603,2.666724061276067,9.178756929098153
2026-02-15 12:00:00,NH4,4,9.6,6.696485389674475,2.304277000928393,2.905949723147269,10.48702105620168
2026-02-15 13:00:00,NH4,4,9.9,8.570213901577286,2.027017977857285,5.235769328002052,11.904658475152521
2026-02-15 14:00:00,NH4,4,10.1,7.97107082772843,1.9157595290134384,4.8196464025013235,11.122495252955536
2026-02-15 15:00:00,NH4,4,10.1,7.498150607097023,1.9183275521004588,4.342501783891768,10.653799430302278
2026-02-15 16:00:00,NH4,4,9.9,8.144649810402852,1.7253699315661177,5.306416272976588,10.982883347829116
2026-02-15 17:00:00,NH4,4,9.6,8.408803966876636,1.8577545299762863,5.352797765065645,11.464810168687627
2026-02-15 18:00:00,NH4,4,9.2,7.591656218973693,1.9259724165066565,4.4234315938202435,10.759880844127142
2026-02-15 19:00:00,NH4,4,9.1,6.973937365520495,2.0407474314920933,3.6169078407160016,10.330966890324989
2026-02-15 20:00:00,NH4,4,9.2,7.12234043914159,1.9809480009495621,3.8636809775795604,10.38099990070362
2026-02-15 21:00:00,NH4,4,8.9,8.161944167881444,1.890485322632466,5.0520958121510375,11.27179252361185
2026-02-15 22:00:00,NH4,4,8.1,8.19431027558646,2.031803229512322,4.851993963038691,11.53662658813423
2026-02-15 23:00:00,NH4,4,7.3,8.081921645554726,2.099870675626778,4.627634384148676,11.536208906960775
2026-02-16 00:00:00,NH4,4,6.3,5.787502482318702,2.1242682335478884,2.2930812381324257,9.281923726504978
2026-02-16 01:00:00,NH4,4,5.6,5.243438505256205,1.9717087134132096,1.9999776716914752,8.486899338820935
2026-02-16 02:00:00,NH4,4,5.5,5.063476506677855,1.934750952319513,1.8808111901122562,8.246141823243454
2026-02-16 03:00:00,NH4,4,5.4,4.922029455139287,1.9400688669636472,1.7306161689840875,8.113442741294488
2026-02-16 04:00:00,NH4,4,4.7,4.28177250226563,1.8859455114627286,1.1793921359094415,7.384152868621818
2026-02-16 05:00:00,NH4,4,3.9,3.42605806594141,1.8463865189329451,0.38875224229671534,6.4633638895861045
2026-02-16 06:00:00,NH4,4,3.7,3.1804160495170892,2.0099113073358796,-0.125888051050433,6.4867201500846114
2026-02-16 07:00:00,NH4,4,3.7,4.352010314231718,2.0914618360003594,0.9115555940111268,7.792465034452309
2026-02-16 08:00:00,NH4,4,4.1,5.916087670776141,2.1863172025018045,2.319595872660673,9.512579468891609
2026-02-16 09:00:00,NH4,4,6.5,6.877817760219085,2.1199842337723753,3.390443695663528,10.365191824774643
2026-02-16 10:00:00,NH4,4,7.6,7.293892556460547,2.0923044040698655,3.8520518117656177,10.735733301155475
2026-02-16 11:00:00,NH4,4,8.3,7.399040185895302,2.17639322056388,3.8188733380677196,10.979207033722885
2026-02-16 12:00:00,NH4,4,8.6,7.354737570095624,2.1704312148435614,3.7843782216779656,10.925096918513283
2026-02-16 13:00:00,NH4,4,8.9,7.844432288709109,2.1719681378337645,4.271544701972567,11.417319875445653
2026-02-16 14:00:00,NH4,4,8.9,8.203155270582645,2.0574276419336224,4.818686799601836,11.587623741563455
2026-02-16 15:00:00,NH4,4,8.7,7.2051377548382165,2.0667248766899196,3.805375332683299,10.604900176993134
2026-02-16 16:00:00,NH4,4,8.1,6.712125444383497,2.0833981688704566,3.2849354565915956,10.139315432175398
2026-02-16 17:00:00,NH4,4,8.4,6.249284382507453,2.3984254241807372,2.30387455973014,10.194694205284765
2026-02-16 18:00:00,NH4,4,8.3,6.505490081190784,2.1963304155669263,2.89252654758319,10.118453614798378
2026-02-16 19:00:00,NH4,4,7.9,6.963202347019628,2.2017394351521227,3.3413409761943864,10.58506371784487
2026-02-16 20:00:00,NH4,4,7.8,7.255845562012981,2.185728971345665,3.660321404149362,10.8513697198766
2026-02-16 21:00:00,NH4,4,7.5,7.646597326896227,2.1270124443867027,4.147661855880101,11.145532797912352
2026-02-16 22:00:00,NH4,4,6.8,7.662531116595565,2.109469441912803,4.192453884649003,11.132608348542126
2026-02-16 23:00:00,NH4,4,6.5,7.683083434560389,2.1918940905246362,4.077417655647363,11.288749213473416
2026-02-17 00:00:00,NH4,4,5.8,6.590216612287902,2.1279668867533506,3.0897110835786403,10.090722140997164
2026-02-17 01:00:00,NH4,4,5.1,5.984644064968673,2.0985033958360604,2.532605978818354,9.436682151118992
2026-02-17 02:00:00,NH4,4,4.9,6.095887162953275,2.0225221434278615,2.768838237014443,9.422936088892108
2026-02-17 03:00:00,NH4,4,4.9,4.565480590424177,1.9269301921978632,1.3956804242586922,7.7352807565896615
2026-02-17 04:00:00,NH4,4,4.7,3.6466733249717573,2.037685048948918,0.2946814194507872,6.998665230492728
2026-02-17 05:00:00,NH4,4,4.9,3.929900279482646,2.106826292393539,0.46417102849527403,7.395629530470018
2026-02-17 06:00:00,NH4,4,5.9,4.225330557591782,2.1643961027768506,0.6648989685238629,7.785762146659701
2026-02-17 07:00:00,NH4,4,5.9,4.467583651722905,2.194141029394211,0.8582216583694278,8.076945645076382
2026-02-17 08:00:00,NH4,4,6.9,5.8939135231618,2.2563766721915512,2.182173897406698,9.6056531489169
2026-02-17 09:00:00,NH4,4,9.7,5.749136477778798,2.1948204187965916,2.1386568888584048,9.359616066699191
2026-02-17 10:00:00,NH4,4,10.8,6.176320289553972,2.125855469576269,2.67928804210101,9.673352537006934
2026-02-17 11:00:00,NH4,4,11.1,6.290265485934024,2.1291740151290033,2.787774231046814,9.792756740821234
2026-02-17 12:00:00,NH4,4,12.3,6.054675986277839,2.0243488986765894,2.72462204795485,9.38472992460083
2026-02-17 13:00:00,NH4,4,14.5,6.101557378747242,2.066911840484803,2.7014874011497416,9.501627356344743
2026-02-17 14:00:00,NH4,4,13.9,5.101580694565197,2.2700741982725336,1.3673086384068789,8.835852750723515
2026-02-17 15:00:00,NH4,4,12.0,5.605003855005746,2.353615394432229,1.7333065311647293,9.476701178846763
2026-02-17 16:00:00,NH4,4,10.8,5.2512000705954,2.4805522767061428,1.1706915754137945,9.331708565777005
2026-02-17 17:00:00,NH4,4,9.8,5.042688577780604,2.653564166952303,0.6775755231440659,9.407801632417142
2026-02-17 18:00:00,NH4,4,9.4,7.171150681921812,2.4269434535917185,3.1788287007634355,11.163472663080189
2026-02-17 19:00:00,NH4,4,9.1,7.240434059924048,2.4562887009358154,3.1998391468846323,11.281028972963465
2026-02-17 20:00:00,NH4,4,8.6,6.546745259873539,2.594785333140947,2.2783233868566812,10.815167132890398
2026-02-17 21:00:00,NH4,4,7.9,5.848196359705186,2.708240702648063,1.3931404038491229,10.303252315561249
2026-02-17 22:00:00,NH4,4,7.1,5.967422071651811,2.625781139126735,1.6480120977883317,10.28683204551529
2026-02-17 23:00:00,NH4,4,6.3,4.15068830952385,2.926808005409506,-0.6639108593747878,8.965287478422487
2026-02-18 00:00:00,NH4,4,5.9,4.329386471211807,2.855351836093876,-0.3676672991626191,9.026440241586233
2026-02-18 01:00:00,NH4,4,5.7,6.70541496516843,2.7047059877912862,2.2561736152517637,11.154656315085095
2026-02-18 02:00:00,NH4,4,5.2,6.8596402909671585,2.645010541988007,2.5085979493968873,11.21068263253743
2026-02-18 03:00:00,NH4,4,4.9,5.987238088755252,2.596369714484832,1.716209908427703,10.2582662690828
2026-02-18 04:00:00,NH4,4,4.1,5.635192130690847,2.6525576445152304,1.2717348054632929,9.9986494559184
2026-02-18 05:00:00,NH4,4,3.9,5.858540870218649,2.719256749425229,1.385363517414147,10.33171822302315
2026-02-18 06:00:00,NH4,4,4.0,5.965720431124286,2.7469916433483257,1.44691917781629,10.48452168443228
2026-02-18 07:00:00,NH4,4,4.7,6.104650814159866,2.752497303576048,1.5767927497772671,10.632508878542465
2026-02-18 08:00:00,NH4,4,6.2,6.063034391868213,2.786729016317091,1.478865160026598,10.647203623709828
2026-02-18 09:00:00,NH4,4,7.9,5.923281318873041,2.8289505891025475,1.2696575997993502,10.576905037946732
2026-02-18 10:00:00,NH4,4,8.4,6.606626704165369,2.7844568438821358,2.0261951959792555,11.187058212351483
2026-02-18 11:00:00,NH4,4,8.4,5.893953847414199,2.753163256493538,1.3650002904823282,10.42290740434607
2026-02-18 12:00:00,NH4,4,8.6,5.926240320777265,2.727743254898884,1.4391026664686013,10.413377975085929
2026-02-18 13:00:00,NH4,4,8.5,6.4054906504159455,2.6349490389526835,2.070999481338781,10.73998181949311
2026-02-18 14:00:00,NH4,4,7.8,6.184903090603999,2.630065708194986,1.8584450006232478,10.51136118058475
2026-02-18 15:00:00,NH4,4,7.0,5.917820317987358,2.64853321855002,1.5609831734725752,10.274657462502141
2026-02-18 16:00:00,NH4,4,6.5,5.701912726331921,2.7014395893099237,1.2580446019170965,10.145780850746746
2026-02-18 17:00:00,NH4,4,6.1,5.448680891627227,2.7171728214698945,0.9789316003092505,9.918430182945203
2026-02-18 18:00:00,NH4,4,5.7,5.687644427704049,2.624382261569693,1.3705356074219042,10.004753247986194
2026-02-18 19:00:00,NH4,4,5.6,5.707520311638973,2.5747259268029947,1.4720961620480466,9.9429444612299
2026-02-18 20:00:00,NH4,4,5.3,5.879165554474287,2.5564507671531147,1.6738040425074132,10.084527066441161
2026-02-18 21:00:00,NH4,4,4.9,6.67569926502697,2.5164071239456107,2.5362095461364405,10.8151889839175
2026-02-18 22:00:00,NH4,4,4.3,6.154699664860507,2.526473466891391,1.9986508118241684,10.310748517896846
2026-02-18 23:00:00,NH4,4,4.1,5.577575073441422,2.534897945979922,1.4076679523044504,9.747482194578394
2026-02-19 00:00:00,NH4,4,4.7,5.31614045535699,2.497360830532537,1.2079818891309664,9.424299021583014
2026-02-19 01:00:00,NH4,4,4.4,4.9914301564815835,2.4244907529918738,1.003142867809951,8.979717445153216
2026-02-19 02:00:00,NH4,4,3.4,4.723398119570146,2.364223772598881,0.8342500136449873,8.612546225495304
2026-02-19 03:00:00,NH4,4,3.1,4.45230658512556,2.3492952298692606,0.5877159319906258,8.316897238260493
2026-02-19 04:00:00,NH4,4,2.4,4.60471298523856,2.367565868572716,0.7100671314364426,8.499358839040678
2026-02-19 05:00:00,NH4,4,2.2,4.877227320484707,2.4092887149947284,0.9139473843183783,8.840507256651035
2026-02-19 06:00:00,NH4,4,2.5,5.054003887231104,2.420703626101344,1.0719464222943933,9.036061352167815
2026-02-19 07:00:00,NH4,4,3.6,5.116940894501196,2.3807086384208085,1.2006751842989662,9.033206604703427
2026-02-19 08:00:00,NH4,4,4.4,4.5950243350775954,2.3624499913544126,0.7087940992995869,8.481254570855604
2026-02-19 09:00:00,NH4,4,4.8,5.199969178579102,2.30988043631079,1.4002158608478528,8.999722496310351
2026-02-19 10:00:00,NH4,4,5.5,5.244269255966364,2.239278724326472,1.5606557544493178,8.92788275748341
2026-02-19 11:00:00,NH4,4,6.5,5.00267218788875,2.1605392316901346,1.4485851517584787,8.556759224019022
2026-02-19 12:00:00,NH4,4,7.5,6.080005937642499,2.2435884408944236,2.389302952371172,9.770708922913826
2026-02-19 13:00:00,NH4,4,7.7,5.528991800379313,2.1055088780400646,2.0654296960034064,8.99255390475522
2026-02-19 14:00:00,NH4,4,7.7,5.2826597505024475,2.109153617383437,1.8131020499066937,8.7522174510982
2026-02-19 15:00:00,NH4,4,7.5,4.790031780524085,2.2058836457661095,1.1613531832388353,8.418710377809335
2026-02-19 16:00:00,NH4,4,7.6,5.124331556577993,2.22931474147437,1.4571088068526548,8.791554306303333
2026-02-19 17:00:00,NH4,4,7.3,5.60520747950177,2.262297204062528,1.883728578818911,9.32668638018463
2026-02-19 18:00:00,NH4,4,7.2,5.512022183417004,2.260809451106632,1.7929906363465942,9.231053730487414
2026-02-19 19:00:00,NH4,4,7.0,4.573298702031455,2.38236828981106,0.6543028652922609,8.492294538770649
2026-02-19 20:00:00,NH4,4,6.8,4.536545395769492,2.2579752959306973,0.8221760339634949,8.25091475757549
2026-02-19 21:00:00,NH4,4,6.5,5.043423739111501,2.2221254045595282,1.3880274486110769,8.698820029611925
2026-02-19 22:00:00,NH4,4,5.8,4.563295499784222,2.2891571764604097,0.7976319445068483,8.328959055061596
2026-02-19 23:00:00,NH4,4,5.0,5.20860488639854,2.2495960275479594,1.5080194210821465,8.909190351714933
2026-02-20 00:00:00,NH4,4,4.1,4.547698456800987,2.1694644812269455,0.9789293851826617,8.116467528419312
2026-02-20 01:00:00,NH4,4,3.3,3.973910664212868,2.1003164762908226,0.5188900607144644,7.428931267711271
2026-02-20 02:00:00,NH4,4,2.6,3.339988164459588,2.078181865008059,-0.07862100347866852,6.758597332397844
2026-02-20 03:00:00,NH4,4,2.5,3.3900178312614617,2.0320296669751605,0.04732902908732273,6.732706633435601
2026-02-20 04:00:00,NH4,4,1.7,3.2588557835753216,2.0283216455229756,-0.07773332330997329,6.595444890460616
2026-02-20 05:00:00,NH4,4,1.7,3.0536116615186697,2.0363060087527054,-0.2961117228795307,6.4033350459168705
2026-02-20 06:00:00,NH4,4,2.1,3.493557975576715,1.9977779931785369,0.20721317679802187,6.779902774355408
2026-02-20 07:00:00,NH4,4,3.0,4.050881004247299,1.9650740674641831,0.8183341632687178,7.28342784522588
2026-02-20 08:00:00,NH4,4,4.7,4.948235724288473,1.9643650431209563,1.7168552283545,8.179616220222446
2026-02-20 09:00:00,NH4,4,5.8,5.735633438026314,1.936008523139121,2.5508994174624595,8.920367458590167
2026-02-20 10:00:00,NH4,4,6.4,6.280870980880034,1.9110615018736277,3.1371748102979167,9.424567151462153
2026-02-20 11:00:00,NH4,4,6.7,5.907220276759322,1.9326239804458323,2.7280538289259275,9.086386724592716
2026-02-20 12:00:00,NH4,4,7.1,6.94302794819477,1.7477527002619562,4.067974756263851,9.818081140125688
2026-02-20 13:00:00,NH4,4,7.4,6.171501759150868,1.6773708576202653,3.412226698365531,8.930776819936204
2026-02-20 14:00:00,NH4,4,7.1,5.683583504454441,1.6857136446803247,2.9105845589553074,8.456582449953576
2026-02-20 15:00:00,NH4,4,6.9,5.352845573893552,1.7253697652686677,2.5146123100265934,8.19107883776051
2026-02-20 16:00:00,NH4,4,7.1,5.036836367967582,1.9012417771714831,1.909293644520492,8.164379091414672
2026-02-20 17:00:00,NH4,4,7.7,5.507842096235278,1.8872068138563278,2.403386887441618,8.612297305028937
2026-02-20 18:00:00,NH4,4,8.3,5.985338667832671,1.795401663160368,3.031902931933866,8.938774403731477
2026-02-20 19:00:00,NH4,4,8.3,5.3414057776802,1.7867561641489227,2.4021918876552224,8.280619667705178
2026-02-20 20:00:00,NH4,4,8.1,7.307478411427348,2.107348537319179,3.8408900675372983,10.774066755317397
2026-02-20 21:00:00,NH4,4,7.8,6.407382366797986,2.0145569446415483,3.093436192862639,9.721328540733333
2026-02-20 22:00:00,NH4,4,7.1,5.62412971288871,1.98427207481799,2.3600021498131163,8.888257275964303
2026-02-20 23:00:00,NH4,4,6.4,5.17815236068006,2.0340678337066147,1.8321107742326785,8.524193947127442
2026-02-21 00:00:00,NH4,4,6.0,3.6068728482536225,1.9458017822740954,0.40602891641273553,6.807716780094509
2026-02-21 01:00:00,NH4,4,6.0,3.0315607957620436,1.9674201087548715,-0.20484528313971984,6.2679668746638075
2026-02-21 02:00:00,NH4,4,5.4,2.331889347245717,1.9689902133212762,-0.9070995536677824,5.570878248159216
2026-02-21 03:00:00,NH4,4,5.2,1.7529929014259684,1.904473641194997,-1.3798662383398015,4.885852041191738
2026-02-21 04:00:00,NH4,4,2.6,2.040755923143511,1.9221583770814574,-1.1211946071554868,5.2027064534425085
2026-02-21 05:00:00,NH4,4,1.1,2.3336781104993864,1.9654318469627126,-0.8994572777542755,5.566813498753048
2026-02-21 06:00:00,NH4,4,0.8,2.870044716333878,1.9769965346759504,-0.3821145832080606,6.122204015875816
2026-02-21 07:00:00,NH4,4,0.7,3.206413271412702,1.9945916459861002,-0.07468998623443257,6.487516529059837
2026-02-21 08:00:00,NH4,4,1.4,3.302860534648817,2.0250123632935604,-0.02828480296908964,6.634005872266724
2026-02-21 09:00:00,NH4,4,2.6,3.445976006231941,2.0707870637621544,0.039531286343196914,6.852420726120686
2026-02-21 10:00:00,NH4,4,4.3,4.424248424148461,2.0367476630912726,1.0737985183633172,7.774698329933605
2026-02-21 11:00:00,NH4,4,6.1,4.595717193081865,2.109360197054267,1.1258196689275959,8.065614717236134
2026-02-21 12:00:00,NH4,4,6.9,7.279341927810096,2.4042117975499577,3.3244135208404155,11.234270334779776
2026-02-21 13:00:00,NH4,4,7.6,7.383073554136973,2.1894671919680477,3.781400023349535,10.984747084924411
2026-02-21 14:00:00,NH4,4,8.0,6.952651665849055,2.118516660913866,3.467691758645746,10.437611573052365
2026-02-21 15:00:00,NH4,4,8.1,6.79805805710657,2.044251132649059,3.4352649438988685,10.160851170314272
2026-02-21 16:00:00,NH4,4,7.8,5.555712823972245,1.9451478846553454,2.3559445537142016,8.755481094230287
2026-02-21 17:00:00,NH4,4,7.6,5.321708342801548,1.8521979913195366,2.2748426470809107,8.368574038522185
2026-02-21 18:00:00,NH4,4,7.4,5.160611752696725,1.9367270841170434,1.9746956993241884,8.346527806069261
2026-02-21 19:00:00,NH4,4,7.2,5.243450217618104,1.8471258423816286,2.204928206900325,8.281972228335883
2026-02-21 20:00:00,NH4,4,6.8,5.446075720711724,1.7706321488504166,2.5333858358527883,8.358765605570659
2026-02-21 21:00:00,NH4,4,6.1,5.454337343789716,1.7522788983285038,2.5718385560393267,8.336836131540105
2026-02-21 22:00:00,NH4,4,5.3,5.549548216142325,1.8516867945799296,2.5035234390583407,8.595572993226309
2026-02-21 23:00:00,NH4,4,4.8,6.030534389615706,2.063560033742709,2.63597813410895,9.425090645122463
2026-02-22 00:00:00,NH4,4,4.5,4.832578729363322,2.0964709489730433,1.3838840183026653,8.281273440423977
2026-02-22 01:00:00,NH4,4,3.7,3.9269941034868734,2.022826195956759,0.5994450111380045,7.254543195835742
2026-02-22 02:00:00,NH4,4,2.7,3.349904264496018,2.013551086783093,0.037612726737830116,6.662195802254206
2026-02-22 03:00:00,NH4,4,2.6,2.672016033297566,2.002242633868012,-0.6216730994153137,5.965705166010446
2026-02-22 04:00:00,NH4,4,3.4,2.1878699408270976,1.9797700235600657,-1.0688517479292106,5.444591629583406
2026-02-22 05:00:00,NH4,4,5.0,2.08450449755534,1.979657209870378,-1.1720316126814319,5.341040607792111
2026-02-22 06:00:00,NH4,4,6.0,2.4435485341017245,1.9837445739377906,-0.8197112900259409,5.70680835822939
2026-02-22 07:00:00,NH4,4,4.8,3.0503204969045186,2.025177728237606,-0.2810968660463433,6.381737859855381
2026-02-22 08:00:00,NH4,4,3.6,3.5908009171693296,2.0497240504143237,0.21900485423776717,6.9625969801008925
2026-02-22 09:00:00,NH4,4,3.4,4.464982093462285,2.0336545425486943,1.1196203709696828,7.810343815954887
2026-02-22 10:00:00,NH4,4,4.5,5.423625161287163,2.0199418304962773,2.1008208501207863,8.746429472453539
2026-02-22 11:00:00,NH4,4,6.9,5.3605515796024985,1.9990116401319467,2.0721774315854464,8.64892572761955
2026-02-22 12:00:00,NH4,4,9.6,4.570152500763313,2.028859400361223,1.232678787169101,7.907626214357524
2026-02-22 13:00:00,NH4,4,10.9,4.173893925813937,2.2306695222177146,0.5044425617657966,7.843345289862078
2026-02-22 14:00:00,NH4,4,12.6,4.910336825055637,2.1141522898756766,1.4325563082101493,8.388117341901125
2026-02-22 15:00:00,NH4,4,13.7,5.6811749991581415,2.2121708090845873,2.0421540182139952,9.320195980102287
2026-02-22 16:00:00,NH4,4,11.7,5.950828183772488,2.148939579609782,2.415822575314397,9.48583379223058
2026-02-22 17:00:00,NH4,4,9.7,5.424359239102533,2.1239136016863567,1.9305213643284764,8.918197113876591
2026-02-22 18:00:00,NH4,4,8.4,4.8150226233385895,2.2556930152644568,1.1044076132285583,8.525637633448621
2026-02-22 19:00:00,NH4,4,7.4,4.454749985005133,2.455510326806064,0.41543549740915786,8.494064472601108
2026-02-22 20:00:00,NH4,4,6.6,4.8066174232274275,2.397977308997988,0.8619447499257369,8.751290096529118
2026-02-22 21:00:00,NH4,4,6.1,5.762773577035655,2.282129816536948,2.008670028832375,9.516877125238935
2026-02-22 22:00:00,NH4,4,5.3,5.381658334969737,2.413480597249088,1.4114827524949876,9.351833917444488
2026-02-22 23:00:00,NH4,4,4.8,5.055370057813507,2.5205471853719543,0.9090699378766418,9.201670177750373
2026-02-23 00:00:00,NH4,4,4.5,4.261852987519273,2.7950252350346365,-0.3359635241127039,8.859669499151249
2026-02-23 01:00:00,NH4,4,4.4,3.9793222726585777,2.9168964752199473,-0.8189724290782361,8.777616974395391
2026-02-23 02:00:00,NH4,4,3.6,4.818560710507686,2.631801042487302,0.4892479956160747,9.147873425399297
2026-02-23 03:00:00,NH4,4,3.4,6.494886679754957,2.5911269064155347,2.232482918701403,10.75729044080851
2026-02-23 04:00:00,NH4,4,3.3,5.245059934630272,2.4218268881265885,1.2611547036620339,9.22896516559851
2026-02-23 05:00:00,NH4,4,3.6,5.504225552015421,2.374962786675948,1.5974117679334863,9.411039336097355
2026-02-23 06:00:00,NH4,4,3.6,5.3581790531963485,2.3674191850715935,1.463774493753577,9.25258361263912
2026-02-23 07:00:00,NH4,4,3.7,6.218063908605167,2.4572126646546995,2.1759490752481865,10.260178741962147
2026-02-23 08:00:00,NH4,4,4.1,6.610468573761587,2.549166100834954,2.4170903378880872,10.803846809635086
2026-02-23 09:00:00,NH4,4,4.8,5.976299363105527,2.639590825501187,1.6341724551560741,10.31842627105498
2026-02-23 10:00:00,NH4,4,5.7,5.791680435960148,2.7077083529074026,1.337500195427471,10.245860676492825
2026-02-23 11:00:00,NH4,4,6.2,5.297395365412852,2.765822836731906,0.747616798988866,9.847173931836839
2026-02-23 12:00:00,NH4,4,6.2,6.59855703983351,2.47494882404369,2.5272662242816404,10.669847855385381
2026-02-23 13:00:00,NH4,4,6.3,6.123839687979084,2.3473855293730965,2.26239049216034,9.985288883797828
2026-02-23 14:00:00,NH4,4,7.1,5.400955025581798,2.2803753991579376,1.6497374939669904,9.152172557196605
2026-02-23 15:00:00,NH4,4,7.5,5.234112857913727,2.2772995284425726,1.4879551336256953,8.98027058220176
2026-02-23 16:00:00,NH4,4,7.8,4.824698004889848,2.3269148732396463,0.99692303841063,8.652472971369066
2026-02-23 17:00:00,NH4,4,7.2,4.420700125155745,2.3996357184957233,0.4732993682302804,8.36810088208121
2026-02-23 18:00:00,NH4,4,6.1,4.317334092887859,2.4130508091039116,0.3478655119119245,8.286802673863793
2026-02-23 19:00:00,NH4,4,5.0,4.400124880913734,2.378512115179554,0.4874724514433675,8.3127773103841
2026-02-23 20:00:00,NH4,4,4.0,4.626500023705282,2.334948621874936,0.7855095407210126,8.467490506689552
2026-02-23 21:00:00,NH4,4,3.5,4.950229907715889,2.2745402709126106,1.2086111620646447,8.691848653367135
2026-02-23 22:00:00,NH4,4,3.8,4.860581816407359,2.2922131596085076,1.0898911688513642,8.631272463963354
2026-02-23 23:00:00,NH4,4,3.8,4.829931701794831,2.281135765456725,1.0774633676185186,8.582400035971144
2026-02-24 00:00:00,NH4,4,3.4,3.6831018325276936,2.1827585882669207,0.09246395482860903,7.273739710226778
2026-02-24 01:00:00,NH4,4,2.9,3.6955498596900993,2.0683957243954474,0.2930388930595882,7.09806082632061
2026-02-24 02:00:00,NH4,4,2.7,3.4768972250362182,2.0834238366248687,0.04966501378830923,6.904129436284127
2026-02-24 03:00:00,NH4,4,2.5,2.993397176368337,2.1212566379375524,-0.49606999303893673,6.482864345775611
2026-02-24 04:00:00,NH4,4,1.8,3.060701996767755,2.1895795882364126,-0.5411564258811441,6.6625604194166534
2026-02-24 05:00:00,NH4,4,1.6,3.0656803531752117,2.209496637848359,-0.5689416160853393,6.700302322435762
2026-02-24 06:00:00,NH4,4,1.9,3.107605871921975,2.124815167266073,-0.3877150782307148,6.602926822074664
2026-02-24 07:00:00,NH4,4,2.8,3.4616061729394483,2.0511515281820665,0.08746190907994889,6.835750436798948
2026-02-24 08:00:00,NH4,4,3.9,3.7479823185495684,2.028713389614814,0.4107487926331994,7.085215844465937
2026-02-24 09:00:00,NH4,4,3.9,4.61357300620042,2.0500821286221704,1.2411879046169498,7.98595810778389
2026-02-24 10:00:00,NH4,4,4.6,5.514068092779248,2.035169473187706,2.1662143093854715,8.861921876173025
2026-02-24 11:00:00,NH4,4,5.9,6.175510611675348,1.989542347090095,2.9027134507121413,9.448307772638554
2026-02-24 12:00:00,NH4,4,6.2,7.05842579610481,1.9120273036001707,3.9131408816825295,10.20371071052709
2026-02-24 13:00:00,NH4,4,6.4,6.268140436018356,1.9558259506788338,3.050806747151675,9.485474124885037
2026-02-24 14:00:00,NH4,4,6.0,5.609905822485478,2.0170643684594878,2.291834936369621,8.927976708601335
2026-02-24 15:00:00,NH4,4,5.5,4.942064447333761,2.13208518757841,1.4347843137672767,8.449344580900245
2026-02-24 16:00:00,NH4,4,4.8,4.7520051102879375,2.129092697579424,1.249647622769785,8.25436259780609
2026-02-24 17:00:00,NH4,4,4.2,5.320306963710932,2.094359854372808,1.875085003267663,8.7655289241542
2026-02-24 18:00:00,NH4,4,4.1,4.884604509870048,2.0242375725711246,1.5547337029905481,8.214475316749548
2026-02-24 19:00:00,NH4,4,4.8,4.710263185802215,1.9907247993230994,1.4355208909157162,7.985005480688713
2026-02-24 20:00:00,NH4,4,4.9,6.526914756801667,2.1141921483743116,3.049068672725925,10.00476084087741
2026-02-24 21:00:00,NH4,4,4.5,5.31332720399024,1.7820156466917219,2.3819114651823576,8.244742942798123
2026-02-24 22:00:00,NH4,4,4.0,5.68500048660315,1.871310200436385,2.6066952068852967,8.763305766321004
2026-02-24 23:00:00,NH4,4,3.6,5.579108462984919,2.0214872454788666,2.253761944172183,8.904454981797654
2026-02-25 00:00:00,NH4,4,3.6,3.218994176652891,1.8216523347617082,0.22237608596988112,6.215612267335901
2026-02-25 01:00:00,NH4,4,3.7,2.6352214259329263,1.8337711991848487,-0.3813321967261496,5.651775048592002
2026-02-25 02:00:00,NH4,4,3.6,1.4062285083158246,1.7263359403383096,-1.4335941135406949,4.246051130172344
2026-02-25 03:00:00,NH4,4,3.1,1.4472343956408122,1.9472214856201064,-1.7559449482042628,4.650413739485887
2026-02-25 04:00:00,NH4,4,1.3,1.5011998579287493,1.7442800228186175,-1.3681407796078766,4.3705404954653755
2026-02-25 05:00:00,NH4,4,1.1,1.3827015438008285,1.7312555266251948,-1.465213797497617,4.230616885099274
2026-02-25 06:00:00,NH4,4,1.4,1.7905331132967557,1.6926822671194497,-0.9939292161147393,4.574995442708251
2026-02-25 07:00:00,NH4,4,2.2,2.797318133087217,1.7497776458158087,-0.08106609427978828,5.675702360454222
2026-02-25 08:00:00,NH4,4,3.4,3.0230985134825197,1.8925923977018897,-0.09021598073708903,6.136413007702128
2026-02-25 09:00:00,NH4,4,4.4,3.5024255884849134,1.9580939437545384,0.2813610510086977,6.7234901259611295
2026-02-25 10:00:00,NH4,4,5.0,4.021577501101754,1.9247188681774485,0.8554149629498506,7.187740039253656
2026-02-25 11:00:00,NH4,4,6.4,4.887410600240199,1.9371427454217403,1.7008107840214364,8.074010416458961
2026-02-25 12:00:00,NH4,4,6.5,6.660320596513376,1.9293390327761877,3.4865578875965473,9.834083305430205
2026-02-25 13:00:00,NH4,4,6.3,6.362413752542091,1.7638611038634704,3.460862236686682,9.2639652683975
2026-02-25 14:00:00,NH4,4,6.4,6.3265499814622,1.8958879671728968,3.207814275462785,9.445285687461617
2026-02-25 15:00:00,NH4,4,6.5,6.109554718379746,1.8336063035890875,3.093272348975697,9.125837087783795
2026-02-25 16:00:00,NH4,4,6.3,5.807053308688706,1.7828275883227525,2.8743019258977784,8.739804691479634
2026-02-25 17:00:00,NH4,4,5.7,6.270666084220956,1.6796397696653427,3.5076586631214672,9.033673505320444
2026-02-25 18:00:00,NH4,4,5.7,6.57718837377442,1.6580864820944141,3.849636110729109,9.30474063681973
2026-02-25 19:00:00,NH4,4,5.8,5.761648370387613,1.8525238488002536,2.714246639111196,8.809050101664031
2026-02-25 20:00:00,NH4,4,5.7,7.330328421414011,1.9585233876661343,4.10855744870322,10.552099394124802
2026-02-25 21:00:00,NH4,4,5.5,6.94869384182382,1.7946174921088365,3.996548067304784,9.900839616342855
2026-02-25 22:00:00,NH4,4,5.0,6.646860826694558,1.8368109862675144,3.6253067542844972,9.668414899104619
2026-02-25 23:00:00,NH4,4,4.5,6.832472497311924,2.045626325463672,3.467417191924184,10.197527802699664
2026-02-26 00:00:00,NH4,4,3.6,3.849588534018121,1.7241140953841139,1.0134208471112536,6.685756220924988
2026-02-26 01:00:00,NH4,4,2.2,3.029287794221053,1.6783338647140134,0.26842858676650083,5.790147001675605
2026-02-26 02:00:00,NH4,4,1.4,2.0814738439172897,1.7787910458737357,-0.8446374265450056,5.0075851143795855
2026-02-26 03:00:00,NH4,4,1.3,1.6279586978239187,1.9531065511073158,-1.584901578747616,4.840818974395454
2026-02-26 04:00:00,NH4,4,1.1,1.8732329895636761,2.0242013210351777,-1.4565781835391913,5.203044162666544
2026-02-26 05:00:00,NH4,4,1.2,1.8703325913732993,1.9561742079311655,-1.3475739806734681,5.0882391634200665
2026-02-26 06:00:00,NH4,4,1.5,2.2056255832714387,1.969058543910932,-1.0334757214620445,5.444726888004922
2026-02-26 07:00:00,NH4,4,2.5,2.8123787640996563,2.0464275818764692,-0.5539946080871356,6.178752136286448
2026-02-26 08:00:00,NH4,4,2.9,3.352229979124738,2.0601167055393086,-0.0366620014874246,6.741121959736901
2026-02-26 09:00:00,NH4,4,2.9,4.414061118866133,1.9785513397122736,1.159344165039443,7.668778072692824
2026-02-26 10:00:00,NH4,4,4.2,5.1502779561336025,1.8162570230479371,2.162535153219746,8.138020759047459
2026-02-26 11:00:00,NH4,4,5.1,5.468889998850152,1.8198681451903218,2.4752069000120724,8.462573097688232
2026-02-26 12:00:00,NH4,4,5.7,6.567320947763137,1.968760402916367,3.328710084965713,9.80593181056056
2026-02-26 13:00:00,NH4,4,5.5,6.645032661164727,1.635207826760373,3.9551157861439137,9.33494953618554
2026-02-26 14:00:00,NH4,4,5.6,6.70324099134309,1.5401234582272758,4.169737902559222,9.23674408012696
2026-02-26 15:00:00,NH4,4,5.4,5.8320114070735425,1.619093735916764,3.1686022114904655,8.495420602656619
2026-02-26 16:00:00,NH4,4,5.0,6.2093348762353795,1.5990975607769757,3.5788193887572546,8.839850363713504
2026-02-26 17:00:00,NH4,4,4.5,6.418982181852227,1.6486434527498057,3.706963702078797,9.131000661625658
2026-02-26 18:00:00,NH4,4,4.4,5.199373477952781,1.8801431298745603,2.106538029309129,8.292208926596434
2026-02-26 19:00:00,NH4,4,5.0,6.127623014971267,2.2353067813682617,2.450543359620476,9.804702670322058
2026-02-26 20:00:00,NH4,4,5.0,6.280519611128119,1.8015635396761658,3.316947588360826,9.244091633895412
2026-02-26 21:00:00,NH4,4,4.2,6.061169621169863,1.809983343235089,3.0837470215481413,9.038592220791584
2026-02-26 22:00:00,NH4,4,3.9,5.480624091794173,1.9372726026023999,2.293810660513225,8.66743752307512
2026-02-26 23:00:00,NH4,4,4.1,5.4159399928456455,2.1468123588444046,1.8844336625465998,8.94744632314469
2026-02-27 00:00:00,NH4,4,3.5,2.9443450478232855,1.7825994946401356,0.011968879140262345,5.876721216506309
2026-02-27 01:00:00,NH4,4,1.8,2.0414442844715994,1.7568937256665271,-0.8486458942498376,4.931534463193037
2026-02-27 02:00:00,NH4,4,1.2,1.4324068997739758,1.8087241759003465,-1.5429443695820944,4.407758169130046
2026-02-27 03:00:00,NH4,4,1.1,1.290545543781157,1.9882070491269186,-1.9800550520326239,4.561146139594938
2026-02-27 04:00:00,NH4,4,0.9,1.1056774525620314,1.914138828928491,-2.0430809210253362,4.254435826149399
2026-02-27 05:00:00,NH4,4,1.0,1.1330636762771649,1.8856958217593045,-1.9689059505168909,4.235033303071221
2026-02-27 06:00:00,NH4,4,1.4,1.9185200284080703,2.043962729669296,-1.4437986618979217,5.280838718714063
2026-02-27 07:00:00,NH4,4,2.2,1.8652637062593467,2.143255678237369,-1.660391884441125,5.390919296959819
2026-02-27 08:00:00,NH4,4,3.9,2.3351078925577475,1.9780875737085044,-0.9188461661927421,5.589061951308237
2026-02-27 09:00:00,NH4,4,4.6,3.436242327087522,1.912297289843631,0.29051328529474896,6.5819713688802945
2026-02-27 10:00:00,NH4,4,4.9,4.382216650915597,1.9024962264153678,1.2526103584623165,7.511822943368877
2026-02-27 11:00:00,NH4,4,5.5,4.793454412295082,2.3235471957070497,0.9712192753569853,8.61568954923318
2026-02-27 12:00:00,NH4,4,6.6,5.66286466089636,1.9373251601723736,2.475964772412805,8.849764549379914
2026-02-27 13:00:00,NH4,4,7.4,6.320010579091031,1.8596480952504924,3.2608894624039713,9.37913169577809
2026-02-27 14:00:00,NH4,4,7.4,6.563156120819858,1.8523124016267674,3.516102220143826,9.610210021495892
2026-02-27 15:00:00,NH4,4,7.3,6.4200359090597985,1.8999429750005086,3.294629715183962,9.545442102935635
2026-02-27 16:00:00,NH4,4,7.0,5.816298395567909,2.0101862270978885,2.509542051991882,9.123054739143935
2026-02-27 17:00:00,NH4,4,6.8,6.370897493172448,1.8379441619497103,3.3474793467651747,9.394315639579721
2026-02-27 18:00:00,NH4,4,6.7,6.30151389557693,1.8705021395653647,3.224537875991905,9.378489915161955
2026-02-27 19:00:00,NH4,4,6.4,6.4827443341898405,1.844805317131637,3.4480395875082976,9.517449080871383
2026-02-27 20:00:00,NH4,4,5.9,6.762235324678729,2.062877983905326,3.3688010411544678,10.15566960820299
2026-02-27 21:00:00,NH4,4,5.4,6.350098179218994,1.9248630260415853,3.1836985013805865,9.516497857057402
2026-02-27 22:00:00,NH4,4,4.9,6.142210906518507,1.9954902419546399,2.8596294585031243,9.424792354533889
2026-02-27 23:00:00,NH4,4,4.6,5.794674803413407,2.1025024669565004,2.3360582452699634,9.25329136155685
2026-02-28 00:00:00,NH4,4,3.9,3.8864657733988786,1.8267112401646626,0.8815257833280086,6.8914057634697485
2026-02-28 01:00:00,NH4,4,2.7,3.1160640717773322,1.8414346679170102,0.08690404305385035,6.145224100500814
2026-02-28 02:00:00,NH4,4,2.0,2.3798674358909246,1.9060611648531731,-0.7556031802925451,5.515338052074394
2026-02-28 03:00:00,NH4,4,1.8,1.939181593836648,1.9429739553847196,-1.257010562771216,5.135373750444511
2026-02-28 04:00:00,NH4,4,1.4,2.2592408722656625,1.9124820011772348,-0.8867920196708887,5.405273764202214
2026-02-28 05:00:00,NH4,4,1.3,2.251614572048214,1.9642936028601115,-0.9796484046566691,5.482877548753097
2026-02-28 06:00:00,NH4,4,1.4,2.3296781872369747,2.0327739436927206,-1.0142349501375505,5.6735913246115
2026-02-28 07:00:00,NH4,4,1.8,2.634233324365937,2.071796628589998,-0.7738721296646096,6.042338778396483
2026-02-28 08:00:00,NH4,4,2.5,3.551806821556019,2.0462016208261633,0.18580515529697994,6.917808487815058
2026-02-28 09:00:00,NH4,4,4.0,4.653074662454896,2.0458491230024607,1.2876528551158484,8.018496469793945
2026-02-28 10:00:00,NH4,4,5.8,5.336448528915881,1.9979036890961688,2.049896960352683,8.623000097479078
2026-02-28 11:00:00,NH4,4,6.6,5.654846436431859,2.0415005592530764,2.296578016460548,9.01311485640317
2026-02-28 12:00:00,NH4,4,7.0,6.422331984389944,1.9901668068828906,3.1485075870675887,9.6961563817123
2026-02-28 13:00:00,NH4,4,7.4,6.59733380713505,1.9890723158507089,3.325309847560634,9.869357766709467
2026-02-28 14:00:00,NH4,4,7.7,6.557417740472826,1.959095062565912,3.3347063625519007,9.780129118393752
2026-02-28 15:00:00,NH4,4,7.6,6.339646678142797,1.9490316772134642,3.1334895691266484,9.545803787158945
2026-02-28 16:00:00,NH4,4,7.2,6.126819625878522,1.9548323440532027,2.9111204199110032,9.34251883184604
2026-02-28 17:00:00,NH4,4,6.7,5.961924146701852,2.0367539720900947,2.6114638626136464,9.312384430790058
2026-02-28 18:00:00,NH4,4,6.4,6.010992411035854,1.9649617718307577,2.7786302963742577,9.24335452569745
2026-02-28 19:00:00,NH4,4,6.1,6.454564261855696,1.7675500146834224,3.5469444877014658,9.362184036009925
2026-02-28 20:00:00,NH4,4,5.5,6.513691592611008,1.8391296167064706,3.4883233731288636,9.539059812093152
2026-02-28 21:00:00,NH4,4,4.7,6.357384365091737,1.9456315189147901,3.156820516476907,9.557948213706567
2026-02-28 22:00:00,NH4,4,4.1,6.841599231246578,2.027246409328068,3.5067788879019055,10.17641957459125
2026-02-28 23:00:00,NH4,4,3.8,6.070705114425275,2.1524946099522375,2.529851481053844,9.611558747796705
2026-03-01 00:00:00,NH4,4,3.7,4.224907162326535,1.9752836938342933,0.9755654859691227,7.474248838683948
2026-03-01 01:00:00,NH4,4,3.6,3.527553823460352,1.9334721567512565,0.34699212560453496,6.708115521316169
2026-03-01 02:00:00,NH4,4,3.4,2.8075801739891553,1.916192384506365,-0.3445562985238153,5.959716646502126
2026-03-01 03:00:00,NH4,4,3.3,2.06237748605042,1.9099456502135979,-1.0794831085509484,5.2042380806517885
2026-03-01 04:00:00,NH4,4,2.6,1.668913473694629,1.88686341225338,-1.4349768394621811,4.772803786851439
2026-03-01 05:00:00,NH4,4,2.1,1.8801512569664685,1.8475561502567712,-1.1590786102059203,4.919381124138857
2026-03-01 06:00:00,NH4,4,1.9,2.579911717120491,1.8591841664772717,-0.4784462367346207,5.638269670975603
2026-03-01 07:00:00,NH4,4,2.0,3.0681460410009818,1.9745089651880976,-0.17992120673343903,6.316213288735403
2026-03-01 08:00:00,NH4,4,2.6,3.5213056293372094,2.0534011380327075,0.14346075727340546,6.899150501401014
2026-03-01 09:00:00,NH4,4,3.9,4.1207305827941525,2.0539039978325695,0.7420585063595757,7.499402659228729
2026-03-01 10:00:00,NH4,4,6.0,4.819394402293657,2.021835209884538,1.4934754820335918,8.145313322553722
2026-03-01 11:00:00,NH4,4,7.3,5.29655395537543,1.9899210687187674,2.0231337973330574,8.569974113417802
2026-03-01 12:00:00,NH4,4,8.0,6.14540537799968,2.0038944617833576,2.8489989883660565,9.441811767633304
2026-03-01 13:00:00,NH4,4,8.7,6.293853195563118,1.953045628397355,3.081093136849469,9.506613254276767
2026-03-01 14:00:00,NH4,4,9.2,6.228220999864453,1.8808819696224894,3.134170159835458,9.322271839893448
2026-03-01 15:00:00,NH4,4,9.2,5.901837502838237,1.9064332326486644,2.7657548351311845,9.03792017054529
2026-03-01 16:00:00,NH4,4,8.8,5.61074031267826,1.9799989266067757,2.353642078410114,8.867838546946405
2026-03-01 17:00:00,NH4,4,8.3,5.487517607087701,2.1213916327599507,1.9978283711975826,8.97720684297782
2026-03-01 18:00:00,NH4,4,8.2,5.660147715466863,2.113684990441962,2.1831359061898357,9.13715952474389
2026-03-01 19:00:00,NH4,4,8.1,6.177515627773493,1.7678674380531572,3.2693736921760497,9.085657563370937
2026-03-01 20:00:00,NH4,4,7.8,6.443768870089016,1.6085287976230689,3.797738997999068,9.089798742178964
2026-03-01 21:00:00,NH4,4,7.2,6.469380307646787,1.571506676884321,3.884251824172079,9.054508791121496
2026-03-01 22:00:00,NH4,4,6.5,6.946364087684729,1.6804483992030346,4.182026470995737,9.71070170437372
2026-03-01 23:00:00,NH4,4,6.0,6.743196097997021,1.8007405088412884,3.780977960953102,9.70541423504094
2026-03-02 00:00:00,NH4,4,5.1,4.409133492227038,1.7978913376411603,1.4516022418073296,7.366664742646748
2026-03-02 01:00:00,NH4,4,3.8,3.713960158787085,1.706509303052288,0.9067523552660712,6.521167962308098
2026-03-02 02:00:00,NH4,4,2.2,3.1988199372012045,1.6457282741259052,0.4915969262640907,5.906042948138318
2026-03-02 03:00:00,NH4,4,1.9,2.4102799739465253,1.6334147329085535,-0.27668726168804536,5.097247209581096
2026-03-02 04:00:00,NH4,4,1.6,1.6994737752684974,1.6458838574609393,-1.0080051702547477,4.406952720791742
2026-03-02 05:00:00,NH4,4,1.4,1.5449557186192393,1.6601642930667448,-1.186014543475556,4.275925980714034
2026-03-02 06:00:00,NH4,4,1.9,2.120032104857276,1.7139006903065879,-0.6993345306970613,4.9393987404116135
2026-03-02 07:00:00,NH4,4,3.0,2.8789547278340426,1.8632940999187222,-0.18616406653225548,5.944073522200341
2026-03-02 08:00:00,NH4,4,4.9,3.8165344623811768,1.9678762156115897,0.5793780877001118,7.053690837062241
2026-03-02 09:00:00,NH4,4,6.7,4.759545551282001,2.0013126046214182,1.4673863166797676,8.051704785884233
2026-03-02 10:00:00,NH4,4,7.2,5.875838930042097,2.0277694150809547,2.540158242233926,9.211519617850268
2026-03-02 11:00:00,NH4,4,7.6,6.126132002419851,2.0316306725392903,2.7840995460927185,9.468164458746983
2026-03-02 12:00:00,NH4,4,7.9,6.171401688388189,1.9675425607322925,2.9347941759835674,9.40800920079281
2026-03-02 13:00:00,NH4,4,7.7,6.178625722660033,2.0115536310472826,2.8696199995872536,9.487631445732813
2026-03-02 14:00:00,NH4,4,7.3,6.637473490705904,1.975336080994563,3.388045637469848,9.886901343941961
2026-03-02 15:00:00,NH4,4,6.9,6.33243822778266,1.8235677393339425,3.3326692965783247,9.332207158986996
2026-03-02 16:00:00,NH4,4,6.6,5.778743185891736,1.7962667944132857,2.823884309081881,8.733602062701591
2026-03-02 17:00:00,NH4,4,6.3,5.670944586634006,1.7179851440574634,2.8448590246594785,8.497030148608534
2026-03-02 18:00:00,NH4,4,5.8,5.432923749724101,1.6768501070895647,2.674505323561767,8.191342175886435
2026-03-02 19:00:00,NH4,4,5.6,5.580735333027752,1.6090380028445062,2.9338678183485394,8.227602847706965
2026-03-02 20:00:00,NH4,4,5.4,6.277038797533468,1.6700475875599377,3.5298105159973705,9.024267079069565
2026-03-02 21:00:00,NH4,4,4.8,7.189890931184502,1.7246044042329265,4.352916686221338,10.026865176147666
2026-03-02 22:00:00,NH4,4,4.2,6.238084693252602,1.7618315740004242,3.339871754021904,9.136297632483299
2026-03-02 23:00:00,NH4,4,3.7,5.623261116620985,1.763689895202853,2.721991239012292,8.524530994229679
2026-03-03 00:00:00,NH4,4,3.4,3.7336691012441987,1.6252555750151896,1.060123680344212,6.407214522144185
2026-03-03 01:00:00,NH4,4,2.8,2.664738486038649,1.6399054845781509,-0.03290603609240916,5.362383008169708
2026-03-03 02:00:00,NH4,4,2.2,1.6095250143613962,1.738195696894933,-1.2498069070307687,4.468856935753561
2026-03-03 03:00:00,NH4,4,1.9,0.9747719475297569,1.835678140454538,-2.044918593517958,3.9944624885774718
2026-03-03 04:00:00,NH4,4,1.1,0.9563117745169865,1.8956630416102782,-2.1620539289319214,4.074677477965894
2026-03-03 05:00:00,NH4,4,1.1,1.5590905546121463,1.9664383727328751,-1.6757005685334332,4.793881677757726
2026-03-03 06:00:00,NH4,4,1.7,1.9091163686960102,1.9914946325396623,-1.3668923018317343,5.185125039223754
2026-03-03 07:00:00,NH4,4,2.8,2.41041750636868,1.9943848357585352,-0.8703455484541105,5.691180561191471
2026-03-03 08:00:00,NH4,4,4.2,2.768966365148759,1.9954696315949352,-0.5135811788249094,6.051513909122427
2026-03-03 09:00:00,NH4,4,4.7,3.366381796861494,1.9424092330725835,0.17111860845709437,6.561644985265894
2026-03-03 10:00:00,NH4,4,5.9,3.717922712236775,1.86044382315144,0.6574926231526561,6.778352801320894
2026-03-03 11:00:00,NH4,4,6.8,4.941638754841483,1.7527648762701122,2.058340533377148,7.824936976305818
2026-03-03 12:00:00,NH4,4,7.3,6.318934396894547,1.74135677189687,3.4544025071241955,9.183466286664899
2026-03-03 13:00:00,NH4,4,7.5,5.892117831083549,1.6828274866589465,3.1238666155295824,8.660369046637516
2026-03-03 14:00:00,NH4,4,7.5,5.560418690705571,1.7001207819421207,2.7637200044107826,8.35711737700036
2026-03-03 15:00:00,NH4,4,7.4,5.309755764512731,1.756959223777352,2.4195578413989876,8.199953687626476
2026-03-03 16:00:00,NH4,4,6.8,5.205129070917798,1.8066152787842493,2.233246937317708,8.177011204517889
2026-03-03 17:00:00,NH4,4,6.2,5.453489843813071,1.7760078371213301,2.5319569517484832,8.375022735877659
2026-03-03 18:00:00,NH4,4,5.9,5.257534109449651,1.781513051056246,2.326945140462126,8.188123078437176
2026-03-03 19:00:00,NH4,4,5.6,5.468890718172112,1.782405349764324,2.536833917809799,8.400947518534425
2026-03-03 20:00:00,NH4,4,5.5,6.519451643151281,1.6747891896157097,3.764423426233438,9.274479860069123
2026-03-03 21:00:00,NH4,4,5.2,5.895180542623795,1.6327788987107303,3.2092592542446434,8.581101831002947
2026-03-03 22:00:00,NH4,4,4.5,5.567948587347516,1.6888541870357967,2.7897834496736302,8.346113725021402
2026-03-03 23:00:00,NH4,4,3.6,5.507151317806009,1.7761608891133804,2.5853666552144987,8.42893598039752
2026-03-04 00:00:00,NH4,4,3.0,3.3880010099614,1.5779105860545308,0.7923380959016968,5.983663924021103
2026-03-04 01:00:00,NH4,4,2.5,2.4095918907896947,1.5680748313279156,-0.16989120674472646,4.989074988324116
2026-03-04 02:00:00,NH4,4,2.0,1.4994356367600874,1.6119807983422703,-1.1522727765129472,4.151144050033122
2026-03-04 03:00:00,NH4,4,1.6,1.1155432487217563,1.7111312479980187,-1.6992676542349847,3.930354151678497
2026-03-04 04:00:00,NH4,4,0.9,1.1768046644665984,1.7657665075045847,-1.7278812403784434,4.08149056931164
2026-03-04 05:00:00,NH4,4,0.9,1.1866242201936954,1.7942653382049036,-1.764942261153371,4.138190701540761
2026-03-04 06:00:00,NH4,4,1.3,1.8305325214063122,1.8494060032088764,-1.2117403538722895,4.872805396684914
2026-03-04 07:00:00,NH4,4,2.6,2.8263976568987728,1.9020862720548561,-0.3025342606314658,5.955329574429012
2026-03-04 08:00:00,NH4,4,3.2,3.713024883133587,1.9908264659388397,0.4381153466641958,6.987934419602978
2026-03-04 09:00:00,NH4,4,3.6,4.384021066817424,2.050644774828435,1.0107104122246486,7.7573317214102
2026-03-04 10:00:00,NH4,4,5.4,4.980414857261735,1.9726367805166019,1.735427353311925,8.225402361211545
2026-03-04 11:00:00,NH4,4,6.6,5.665736212300523,1.875062236601076,2.5812588330917525,8.750213591509294
2026-03-04 12:00:00,NH4,4,7.6,6.449439093497587,1.8246231876715575,3.4479339497778754,9.4509442372173
2026-03-04 13:00:00,NH4,4,8.4,6.17481805993037,1.7745453688722272,3.2556909281355564,9.093945191725183
2026-03-04 14:00:00,NH4,4,7.7,5.934331435451996,1.7685274794536248,3.0251037317507827,8.843559139153209
2026-03-04 15:00:00,NH4,4,7.3,5.474055456710962,1.7014881732920062,2.675107411645612,8.273003501776312
2026-03-04 16:00:00,NH4,4,7.1,5.568472591509025,1.7213915698775921,2.7367834590603857,8.400161723957664
2026-03-04 17:00:00,NH4,4,6.9,5.584750570892602,1.6578960807955303,2.857511517983955,8.31198962380125
2026-03-04 18:00:00,NH4,4,6.7,5.191754527966584,1.732094918636514,2.3424583868095183,8.04105066912365
2026-03-04 19:00:00,NH4,4,6.7,6.654047640595315,2.1097767553137947,3.1834648781041226,10.124630403086506
2026-03-04 20:00:00,NH4,4,6.5,6.032039215069019,1.6012020999726468,3.3980617606140147,8.666016669524023
2026-03-04 21:00:00,NH4,4,6.5,6.038465595778931,1.6511229200454016,3.322368392304245,8.754562799253616
2026-03-04 22:00:00,NH4,4,6.0,6.183060312147322,1.8421938068750616,3.152651499837846,9.213469124456799
2026-03-04 23:00:00,NH4,4,5.3,5.4637397575275966,1.9238896823121014,2.2989412301241896,8.628538284931004
2026-03-05 00:00:00,NH4,4,4.6,3.723814137027724,1.5681452541472516,1.1442151939554948,6.303413080099952
2026-03-05 01:00:00,NH4,4,3.2,2.9542434319472237,1.5715912278921778,0.3689758620645911,5.539511001829856
2026-03-05 02:00:00,NH4,4,2.1,1.8815876732372885,1.5219347893608002,-0.6219950552612279,4.385170401735805
2026-03-05 03:00:00,NH4,4,1.8,1.8375906314737838,1.5819701568697493,-0.7647502765769538,4.439931539524522
2026-03-05 04:00:00,NH4,4,1.1,1.5541521710710937,1.6563947816213849,-1.1706172446960845,4.278921586838272
2026-03-05 05:00:00,NH4,4,1.2,1.1297884286476028,1.765054579299424,-1.7737263542999497,4.033303211595156
2026-03-05 06:00:00,NH4,4,1.9,1.8774006534612262,1.7321136941158526,-0.9719263733593513,4.726727680281804
2026-03-05 07:00:00,NH4,4,2.6,2.4878471046416224,1.7954940883979424,-0.46574067077299297,5.441434880056238
2026-03-05 08:00:00,NH4,4,2.4,3.264519156986795,1.894915937865691,0.1473824391977332,6.381655874775857
2026-03-05 09:00:00,NH4,4,3.9,4.726100964060816,1.9776645890707536,1.4728427150394263,7.979359213082205
2026-03-05 10:00:00,NH4,4,5.3,5.313849543047571,1.838401600886879,2.2896789095886545,8.338020176506486
2026-03-05 11:00:00,NH4,4,5.4,5.298975247054907,1.8101493792365693,2.3212795182107504,8.276670975899062
2026-03-05 12:00:00,NH4,4,6.0,6.175866159956723,1.8174760624930462,3.1861180371556617,9.165614282757783
2026-03-05 13:00:00,NH4,4,6.9,5.884135048760513,1.6357564208752764,3.193315736420683,8.574954361100342
2026-03-05 14:00:00,NH4,4,7.6,5.460369516390926,1.6203304861173473,2.794925866727889,8.125813166053963
2026-03-05 15:00:00,NH4,4,7.1,5.19605375573339,1.6188538115493059,2.5330392357347815,7.859068275731998
2026-03-05 16:00:00,NH4,4,6.7,5.862055045367427,1.529933934306482,3.345313723433264,8.37879636730159
2026-03-05 17:00:00,NH4,4,6.6,4.797876737942072,1.6201120972215868,2.132792338012562,7.4629611378715826
2026-03-05 18:00:00,NH4,4,6.8,4.7980629048698615,2.0078229180575056,1.4951942046652649,8.100931605074457
2026-03-05 19:00:00,NH4,4,6.9,6.458307464830577,2.1230340374258856,2.965916473264995,9.95069845639616
2026-03-05 20:00:00,NH4,4,7.1,5.161844611585111,1.5091274857905246,2.6793298974596977,7.644359325710524
2026-03-05 21:00:00,NH4,4,6.5,5.758560482548904,1.9336976387169278,2.577627866859558,8.93949309823825
2026-03-05 22:00:00,NH4,4,6.0,5.7970117883155545,2.0846381696480556,2.367781999244503,9.226241577386606
2026-03-05 23:00:00,NH4,4,5.5,5.125741658602103,2.0183180287434266,1.8056085013191665,8.44587481588504
2026-03-06 00:00:00,NH4,4,4.6,3.6239868177584165,1.8742939223831077,0.5407733154382042,6.707200320078629
2026-03-06 01:00:00,NH4,4,3.3,2.4359699561310726,1.818841614109955,-0.5560244990798036,5.427964411341948
2026-03-06 02:00:00,NH4,4,2.4,2.2813937522005867,2.092834216740387,-1.1613185343373496,5.7241060387385225
2026-03-06 03:00:00,NH4,4,2.2,1.6253481131872756,1.9265974252383142,-1.5439046513297512,4.794600877704302
2026-03-06 04:00:00,NH4,4,1.7,1.0802456874989028,2.0667042101543474,-2.3194827382049987,4.479974113202804
2026-03-06 05:00:00,NH4,4,1.8,1.4830220470383257,2.0176040935760713,-1.8359366868943114,4.801980780970963
2026-03-06 06:00:00,NH4,4,2.2,1.8670362786144419,2.0619508464309804,-1.524872863764521,5.258945420993404
2026-03-06 07:00:00,NH4,4,2.5,2.130364700243926,2.0568752009387734,-1.253195005300356,5.513924405788208
2026-03-06 08:00:00,NH4,4,2.1,3.022852122382644,2.2040613326647005,-0.6028287698507886,6.648533014616076
2026-03-06 09:00:00,NH4,4,3.6,4.191513154958962,2.0257969307723616,0.8590772038384271,7.523949106079496
2026-03-06 10:00:00,NH4,4,5.3,5.275026741370189,1.9561535492516209,2.0571541528512722,8.492899329889106
2026-03-06 11:00:00,NH4,4,5.5,5.2607555141721445,1.9784484317494122,2.0062078439443614,8.515303184399928
2026-03-06 12:00:00,NH4,4,5.8,6.221068406827388,1.8645914704398254,3.1538154379538748,9.2883213757009
2026-03-06 13:00:00,NH4,4,5.5,6.0731824489118456,1.7844910994310261,3.1376945903478077,9.008670307475883
2026-03-06 14:00:00,NH4,4,5.1,5.665723082343856,1.7785720967750533,2.739971983148893,8.59147418153882
2026-03-06 15:00:00,NH4,4,5.0,5.626055593592799,1.7229729209033127,2.7917651387068494,8.460346048478748
2026-03-06 16:00:00,NH4,4,5.0,6.214810098431401,1.684261661740406,3.444199664868433,8.985420531994368
2026-03-06 17:00:00,NH4,4,4.9,4.813660147022285,1.7712404276461238,1.8999696435444111,7.727350650500158
2026-03-06 18:00:00,NH4,4,4.8,5.417284372371268,2.3052977142177573,1.625069632483057,9.20949911225948
2026-03-06 19:00:00,NH4,4,4.7,6.216926473487269,1.8727113397143138,3.136316319657223,9.297536627317315
2026-03-06 20:00:00,NH4,4,4.3,5.204048929086801,1.6417710117824527,2.503335614704666,7.9047622434689355
2026-03-06 21:00:00,NH4,4,3.6,5.848844258080939,1.9559003989789794,2.6313881017605185,9.066300414401361
2026-03-06 22:00:00,NH4,4,3.7,5.752781348161769,2.099711987504591,2.298755128716717,9.206807567606822
2026-03-06 23:00:00,NH4,4,4.0,4.525700878119871,2.0057585398173097,1.2262280801203964,7.825173676119345
2026-03-07 00:00:00,NH4,4,3.0,2.657099432707153,1.8130252155457867,-0.32532704686566616,5.6395259122799715
2026-03-07 01:00:00,NH4,4,2.6,2.003715500689478,1.8276090883896199,-1.0027014497114468,5.010132451090403
2026-03-07 02:00:00,NH4,4,2.2,1.7004149961908341,1.8538278890173678,-1.349131881242736,4.749961873624404
2026-03-07 03:00:00,NH4,4,2.0,1.4751411618882275,1.9371679889889628,-1.7115001799986165,4.661782503775072
2026-03-07 04:00:00,NH4,4,1.4,0.9354316575428583,2.0261119431346986,-2.397522488913721,4.268385803999438
2026-03-07 05:00:00,NH4,4,1.1,1.4574192354200965,2.0062712279046915,-1.8428969344831208,4.757735405323314
2026-03-07 06:00:00,NH4,4,1.1,1.7294909169286605,2.1503120887758325,-1.807772469107584,5.266754302964905
2026-03-07 07:00:00,NH4,4,1.5,1.8440892342481208,2.213021131220907,-1.7963305266102711,5.484508995106513
2026-03-07 08:00:00,NH4,4,2.4,2.7937095929890736,2.1755126209343594,-0.7850086684479476,6.372427854426094
2026-03-07 09:00:00,NH4,4,4.0,3.3941660626667263,2.1407286404484736,-0.1273325508710128,6.915664676204465
2026-03-07 10:00:00,NH4,4,5.8,3.8410764048154222,2.0990638335904603,0.38811639855911473,7.29403641107173
2026-03-07 11:00:00,NH4,4,7.2,4.481372260332579,1.973307823315256,1.235280890978983,7.727463629686175
2026-03-07 12:00:00,NH4,4,8.0,6.074151129867575,1.8789796633763056,2.9832295836135523,9.165072676121598
2026-03-07 13:00:00,NH4,4,8.6,6.521737963199205,1.844020691581983,3.4883239255468426,9.555152000851567
2026-03-07 14:00:00,NH4,4,8.7,6.590406387374625,1.8230572633192033,3.5914771892145354,9.589335585534714
2026-03-07 15:00:00,NH4,4,8.5,6.451966301797422,1.797123850496103,3.495697567731333,9.408235035863513
2026-03-07 16:00:00,NH4,4,8.0,6.191313681944708,1.8516411107898978,3.145364054695326,9.23726330919409
2026-03-07 17:00:00,NH4,4,7.3,5.774251430615501,2.01842979673984,2.453934414978464,9.094568446252538
2026-03-07 18:00:00,NH4,4,6.7,5.978445470247006,1.91280924927265,2.831874255193496,9.125016685300515
2026-03-07 19:00:00,NH4,4,6.3,6.532069732801815,1.60098486368003,3.8984496320481656,9.165689833555463
2026-03-07 20:00:00,NH4,4,5.9,6.795028516513048,1.6125602982034062,4.142366825968445,9.44769020705765
2026-03-07 21:00:00,NH4,4,5.1,6.454320778336115,1.7501005176337685,3.5754054268285653,9.333236129843664
2026-03-07 22:00:00,NH4,4,3.9,6.49170671705706,1.9218978064592962,3.3301848254315174,9.653228608682602
2026-03-07 23:00:00,NH4,4,3.7,5.987436968728733,2.0503641322231823,2.6145879712215985,9.360285966235868
2026-03-08 00:00:00,NH4,4,4.0,4.107154381346785,1.7771058407867142,1.1838152732526401,7.0304934894409294
2026-03-08 01:00:00,NH4,4,3.7,3.4646415237087096,1.7594583360598148,0.5703325608903143,6.358950486527105
2026-03-08 02:00:00,NH4,4,2.7,2.962385634172826,1.7834082928338695,0.02867899246111083,5.896092275884541
2026-03-08 03:00:00,NH4,4,2.5,2.477944683378919,1.8394103086610438,-0.5478852743684981,5.503774641126336
2026-03-08 04:00:00,NH4,4,2.0,2.1027492850494975,1.8924503116857416,-1.0103314776735473,5.215830047772542
2026-03-08 05:00:00,NH4,4,1.5,2.3448671652858772,1.8987019284699873,-0.778497507047252,5.468231837619006
2026-03-08 06:00:00,NH4,4,1.3,3.291552183309985,2.038956403073855,-0.0625310997465065,6.6456354663664765
2026-03-08 07:00:00,NH4,4,1.7,3.7547027416657617,2.167058630061116,0.18989129521522585,7.3195141881162975
2026-03-08 08:00:00,NH4,4,2.7,4.056957969497501,2.3296996049789214,0.22460211930717477,7.8893138196878265
2026-03-08 09:00:00,NH4,4,4.3,4.813141663745193,2.257881026864042,1.0989273745538441,8.527355952936542
2026-03-08 10:00:00,NH4,4,6.5,5.571964484635757,2.0613265519241377,2.1810823067205503,8.962846662550962
2026-03-08 11:00:00,NH4,4,8.0,5.490864026266806,1.9975710372522895,2.2048596699867895,8.776868382546823
2026-03-08 12:00:00,NH4,4,8.8,6.047025654598196,1.9670361713363458,2.811251152749907,9.282800156446484
2026-03-08 13:00:00,NH4,4,9.6,6.178771717527504,1.8184371518129665,3.1874426027951746,9.170100832259834
2026-03-08 14:00:00,NH4,4,10.1,6.113968468133118,1.7500190814510403,3.2351870791461566,8.99274985712008
2026-03-08 15:00:00,NH4,4,10.0,5.710700704444486,1.7552592141387555,2.823299297186233,8.598102111702739
2026-03-08 16:00:00,NH4,4,9.5,5.472157175671375,1.862990992449082,2.4075369930926356,8.536777358250115
2026-03-08 17:00:00,NH4,4,9.2,5.508200997911967,1.9899321238072931,2.2347626542489696,8.781639341574964
2026-03-08 18:00:00,NH4,4,8.8,5.757373917512112,1.9967970007765166,2.4726428512347423,9.042104983789482
2026-03-08 19:00:00,NH4,4,8.6,5.976776253173141,1.7332085915178197,3.125648120126328,8.827904386219954
2026-03-08 20:00:00,NH4,4,8.2,6.091516734271345,1.6623224576826492,3.3569962913833873,8.826037177159304
2026-03-08 21:00:00,NH4,4,7.6,6.157415207684439,1.7672774823790902,3.2502437491708354,9.064586666198043
2026-03-08 22:00:00,NH4,4,6.9,6.407605157542566,1.9720832994222952,3.16352812999289,9.651682185092241
2026-03-08 23:00:00,NH4,4,6.2,6.0938792064931855,2.0928244627043586,2.6511829653445154,9.536575447641855
2026-03-09 00:00:00,NH4,4,5.2,4.328037368816418,1.9810660573934833,1.0691837044041383,7.5868910332286985
2026-03-09 01:00:00,NH4,4,3.4,3.961355359180207,1.8951505686991372,0.8438326736701263,7.078878044690288
2026-03-09 02:00:00,NH4,4,2.3,3.3561215543214558,1.8404319057746468,0.3286110693221618,6.38363203932075
2026-03-09 03:00:00,NH4,4,1.9,2.9891025657875883,1.8343657382305434,-0.028429073601655475,6.006634205176832
2026-03-09 04:00:00,NH4,4,1.0,2.5515509845525317,1.8470641830622516,-0.48686959658487217,5.589971565689936
2026-03-09 05:00:00,NH4,4,1.0,2.6326906960406853,1.9396949719075993,-0.5581075327473157,5.823488924828686
2026-03-09 06:00:00,NH4,4,1.4,3.074467977919942,2.0574865111955276,-0.3100973329967007,6.459033288836585
2026-03-09 07:00:00,NH4,4,2.4,3.837779788586863,2.2025703223481234,0.21455160832420006,7.461007968849526
2026-03-09 08:00:00,NH4,4,4.2,4.675958421265213,2.251667676973117,0.9719650926444361,8.37995174988599
2026-03-09 09:00:00,NH4,4,6.3,5.5924710755064595,2.282720445931799,1.83739594194865,9.34754620906427
2026-03-09 10:00:00,NH4,4,7.2,6.304969282663021,2.2668553764008204,2.575992188483671,10.033946376842371
2026-03-09 11:00:00,NH4,4,7.8,7.1408625940886346,2.2285117617384964,3.474960746028808,10.806764442148461
2026-03-09 12:00:00,NH4,4,8.1,6.837628725597105,2.2825847695409114,3.0827767797023053,10.592480671491904
2026-03-09 13:00:00,NH4,4,8.1,5.351275543427469,2.24646853049879,1.655834810756959,9.046716276097978
2026-03-09 14:00:00,NH4,4,7.6,5.344170595847245,2.1918810596143237,1.738526252781683,8.949814938912809
2026-03-09 15:00:00,NH4,4,7.1,5.419006180846598,2.068450420976496,2.016405238340262,8.821607123352933
2026-03-09 16:00:00,NH4,4,6.7,5.5335943041177575,1.9616640989753011,2.306656861303387,8.760531746932127
2026-03-09 17:00:00,NH4,4,6.6,5.468914721607403,1.940463070686787,2.2768529703276386,8.660976472887167
2026-03-09 18:00:00,NH4,4,6.3,5.058141042345098,1.793050353697376,2.1085732105129145,8.007708874177283
2026-03-09 19:00:00,NH4,4,6.0,5.317792844058619,1.6487249370002925,2.605640322693138,8.029945365424101
2026-03-09 20:00:00,NH4,4,5.9,5.8642476756921935,1.6563429891869863,3.139563458479601,8.588931892904785
2026-03-09 21:00:00,NH4,4,5.4,6.52159100893601,1.7989616774559198,3.562299049521022,9.480882968350999
2026-03-09 22:00:00,NH4,4,4.9,6.257593236453795,1.8666589537269895,3.1869392575728974,9.328247215334693
2026-03-09 23:00:00,NH4,4,4.3,5.859593840525243,1.8326875853656055,2.8448227625988216,8.874364918451663
2026-03-10 00:00:00,NH4,4,3.5,3.8840766145130714,1.5473241919293865,1.3387283187892307,6.4294249102369125
2026-03-10 01:00:00,NH4,4,2.8,3.1327982088653203,1.5422721233219745,0.5957605660006724,5.669835851729968
2026-03-10 02:00:00,NH4,4,2.2,2.093678054888062,1.6608769113546835,-0.6384644642903927,4.825820574066516
2026-03-10 03:00:00,NH4,4,1.9,1.3863808057188476,1.808742866388969,-1.5890012094910064,4.361762820928702
2026-03-10 04:00:00,NH4,4,1.2,1.2692812278716576,1.9342933143335503,-1.9126312742070326,4.451193729950348
2026-03-10 05:00:00,NH4,4,1.1,1.9293983032437205,2.0087877347633474,-1.3750575204419861,5.233854126929427
2026-03-10 06:00:00,NH4,4,0.8,2.354458544851597,2.077086574170299,-1.0623488696585448,5.771265959361738
2026-03-10 07:00:00,NH4,4,2.0,2.7756831697281634,2.1201243976687043,-0.711921464436855,6.263287803893181
2026-03-10 08:00:00,NH4,4,2.1,3.29213859309111,2.14125041482646,-0.23021833929841717,6.814495525480638
2026-03-10 09:00:00,NH4,4,3.8,3.552004863028938,2.143291365248117,0.02629056719578493,7.077719158862091
2026-03-10 10:00:00,NH4,4,5.3,4.225943065670388,1.9808596833531757,0.9674288865544143,7.484457244786363
2026-03-10 11:00:00,NH4,4,5.4,4.732805630491879,1.8742586073312892,1.6496502214319082,7.8159610395518495
2026-03-10 12:00:00,NH4,4,4.5,5.878015448248339,1.9282552281114729,2.7060355980049664,9.049995298491712
2026-03-10 13:00:00,NH4,4,3.6,5.695721168531945,1.8843678683014429,2.595936025176071,8.795506311887818
2026-03-10 14:00:00,NH4,4,4.3,5.889072878385472,1.8444965698557194,2.854876020972814,8.923269735798131
2026-03-10 15:00:00,NH4,4,5.6,5.063356703147791,1.7460005466602997,2.191185803891598,7.935527602403985
2026-03-10 16:00:00,NH4,4,5.0,5.12268326026977,1.7355216846342096,2.2677500890464946,7.977616431493045
2026-03-10 17:00:00,NH4,4,3.7,5.025984311536612,1.8580395489498551,1.9695092535141003,8.082459369559123
2026-03-10 18:00:00,NH4,4,2.6,4.767618940929041,1.7523837266056337,1.8849477106627734,7.650290171195309
2026-03-10 19:00:00,NH4,4,1.8,6.3863521369644385,2.0452846494776753,3.0218588885736626,9.750845385355214
2026-03-10 20:00:00,NH4,4,2.3,5.4574929217738415,1.7102232108682462,2.6441757398955765,8.270810103652106
2026-03-10 21:00:00,NH4,4,3.0,5.324300601949021,1.75857927993133,2.4314376864619835,8.21716351743606
2026-03-10 22:00:00,NH4,4,2.4,4.596990583002663,1.775814437162035,1.6757758338711155,7.51820533213421
2026-03-10 23:00:00,NH4,4,2.4,4.281435146949086,2.0189751178515825,0.9602210780832325,7.602649215814939
2026-03-11 00:00:00,NH4,4,1.3,2.5323947661982467,1.6657459459721133,-0.20775731492588,5.272546847322373
2026-03-11 01:00:00,NH4,4,0.7,2.581348554749131,1.9600756797641157,-0.6429759384628393,5.8056730479611005
2026-03-11 02:00:00,NH4,4,0.3,1.5695463828915923,1.9501313272564662,-1.6384196504452946,4.777512416228479
2026-03-11 03:00:00,NH4,4,0.3,1.2394288332996717,1.9971735012780736,-2.0459215763027596,4.5247792429021025
2026-03-11 04:00:00,NH4,4,0.3,0.7777687734272987,2.099999057633888,-2.6767296763804467,4.232267223235044
2026-03-11 05:00:00,NH4,4,0.5,1.229540953732335,2.2219758627352837,-2.4256093404672066,4.884691247931876
2026-03-11 06:00:00,NH4,4,1.2,1.6556535725585109,2.0968243230176666,-1.7936224388055506,5.104929583922573
2026-03-11 07:00:00,NH4,4,1.4,2.0553062848698187,2.435856709875886,-1.951678002876014,6.062290572615652
2026-03-11 08:00:00,NH4,4,1.1,2.449347625481923,2.1451502875440966,-1.0794245975281158,5.978119848491962
2026-03-11 09:00:00,NH4,4,3.1,3.047303401067405,2.1502880703970635,-0.4899204747357646,6.584527276870574
2026-03-11 10:00:00,NH4,4,4.7,3.421617985710285,2.3518540159307744,-0.447181870495839,7.290417841916408
2026-03-11 11:00:00,NH4,4,5.9,4.365318013095602,1.9443971925754893,1.1667846313089223,7.563851394882282
2026-03-11 12:00:00,NH4,4,5.2,5.164835361624012,1.9302722889036048,1.989537446377582,8.340133276870441
2026-03-11 13:00:00,NH4,4,4.4,5.366031886769052,1.9777728086766289,2.112595616495998,8.619468157042107
2026-03-11 14:00:00,NH4,4,3.8,5.01761959657522,2.05321532329702,1.6400803897516223,8.395158803398818
2026-03-11 15:00:00,NH4,4,4.6,5.343186175476621,2.068615848264003,1.9403131050823363,8.746059245870907
2026-03-11 16:00:00,NH4,4,5.2,5.204381866518106,2.0141772725902927,1.8910602531070744,8.517703479929137
2026-03-11 17:00:00,NH4,4,5.6,4.40032444066542,2.204295536463386,0.7742582831831504,8.026390598147689
2026-03-11 18:00:00,NH4,4,4.9,5.069553493357039,2.425379644456149,1.079803978226674,9.059303008487404
2026-03-11 19:00:00,NH4,4,4.4,5.473242515145331,1.8951994484921961,2.3556394223756683,8.590845607914993
2026-03-11 20:00:00,NH4,4,4.0,5.376942243582643,1.9732720580414778,2.1309097081044115,8.622974779060874
2026-03-11 21:00:00,NH4,4,2.6,4.846310354213822,2.1855091844842622,1.2511477457372102,8.441472962690433
2026-03-11 22:00:00,NH4,4,1.2,3.9393937774771945,1.9601438991598505,0.7149570633592406,7.1638304915951485
2026-03-11 23:00:00,NH4,4,0.4,3.323680905559159,2.02386492211112,-0.005576891313633148,6.6529387024319515
2026-03-12 00:00:00,NH4,4,1.1,2.613077411097296,2.0538724685964675,-0.7655427997438933,5.991697621938485
2026-03-12 01:00:00,NH4,4,0.9,1.6916517141381637,1.9368779662433704,-1.4945125403321804,4.877815968608508
2026-03-12 02:00:00,NH4,4,0.4,1.5560829108983827,1.9531146853933286,-1.6567907465736427,4.768956568370408
2026-03-12 03:00:00,NH4,4,0.3,1.1909720052373758,2.008838119916411,-2.1135667020251203,4.495510712499872
2026-03-12 04:00:00,NH4,4,0.3,-0.16078625871358998,1.9479691228213567,-3.365195465754722,3.043622948327542
2026-03-12 05:00:00,NH4,4,0.7,0.4118485218421357,2.029096444081224,-2.9260151286714775,3.749712172355749
2026-03-12 06:00:00,NH4,4,1.2,0.9963973545855582,1.9527928144620148,-2.215946825204456,4.208741534375573
2026-02-13 00:00:00,NH4,10,5.3,3.77498771397517,2.5479231424700264,-0.41634585538802327,7.966321283338363
2026-02-13 01:00:00,NH4,10,5.5,3.7689624449510224,2.328615982977646,-0.06161084704720521,7.5995357369492496
2026-02-13 02:00:00,NH4,10,6.6,4.5219033254353995,2.5445776420040063,0.33607310433880944,8.70773354653199
2026-02-13 03:00:00,NH4,10,8.0,3.9766146681279415,2.7786031320834,-0.5941874841492516,8.547416820405134
2026-02-13 04:00:00,NH4,10,8.4,5.273261636015501,2.6747956784486067,0.8732227449675429,9.67330052706346
2026-02-13 05:00:00,NH4,10,9.2,5.250071751998259,2.7028931781950147,0.8038124738674597,9.696331030129059
2026-02-13 06:00:00,NH4,10,9.4,5.217826004533567,2.753962111372718,0.6875583313254454,9.74809367774169
2026-02-13 07:00:00,NH4,10,9.1,4.504792399545808,2.8005458496400712,-0.10210552311210908,9.111690322203724
2026-02-13 08:00:00,NH4,10,8.7,4.351429807193088,2.789464059073529,-0.23723856998286674,8.940098184369042
2026-02-13 09:00:00,NH4,10,8.2,3.9246164581764775,2.802981202873948,-0.686287620551167,8.535520536904123
2026-02-13 10:00:00,NH4,10,7.4,4.221481448311952,2.7938763698401874,-0.37444518007515626,8.81740807669906
2026-02-13 11:00:00,NH4,10,6.8,4.610301622397847,2.7678634930083814,0.05716617639905941,9.163437068396634
2026-02-13 12:00:00,NH4,10,6.3,5.313847614652099,2.7195220886885365,0.8402337787594565,9.787461450544741
2026-02-13 13:00:00,NH4,10,5.8,5.734627869330902,2.6933750357504698,1.3040259355213797,10.165229803140424
2026-02-13 14:00:00,NH4,10,6.2,5.545539720240801,2.6921620778715734,1.1169331021420632,9.974146338339539
2026-02-13 15:00:00,NH4,10,6.8,5.5876091733888344,2.6515348081884342,1.22583441391886,9.949383932858808
2026-02-13 16:00:00,NH4,10,6.6,5.953585016696328,2.5800915805370925,1.7093343667128114,10.197835666679845
2026-02-13 17:00:00,NH4,10,5.8,5.8890906655119215,2.5963168516639348,1.6181494445247484,10.160031886499095
2026-02-13 18:00:00,NH4,10,4.8,5.661357042021752,2.60330258310232,1.3789242928184358,9.943789791225068
2026-02-13 19:00:00,NH4,10,3.9,5.2011742305839945,2.5973547711803526,0.9285256319923141,9.473822829175674
2026-02-13 20:00:00,NH4,10,3.2,4.697509482792516,2.6141904941309315,0.39716611994713436,8.997852845637897
2026-02-13 21:00:00,NH4,10,3.0,4.460453385741076,2.653778252916319,0.09498815969373098,8.82591861178842
2026-02-13 22:00:00,NH4,10,2.3,4.282423107067277,2.6898655433405,-0.14240571172784477,8.7072519258624
2026-02-13 23:00:00,NH4,10,1.8,4.229689546522696,2.6948619150890187,-0.20335830379873965,8.662737396844133
2026-02-14 00:00:00,NH4,10,1.5,4.2336019590414935,2.6667728017198624,-0.15323929978768014,8.620443217870667
2026-02-14 01:00:00,NH4,10,1.4,4.425059741556885,2.6731165123679883,0.027783078711544285,8.822336404402225
2026-02-14 02:00:00,NH4,10,1.7,4.631327020028258,2.6674894209868887,0.24330692250482588,9.019347117551689
2026-02-14 03:00:00,NH4,10,2.6,4.699682712363546,2.706730144999819,0.247111623838844,9.152253800888248
2026-02-14 04:00:00,NH4,10,4.2,4.832157083323215,2.69350075614134,0.4013483394707107,9.26296582717572
2026-02-14 05:00:00,NH4,10,6.3,5.099937718319676,2.6393757549299575,0.758164601459896,9.441710835179457
2026-02-14 06:00:00,NH4,10,8.2,5.007861849456529,2.612887475559625,0.7096619521609462,9.306061746752112
2026-02-14 07:00:00,NH4,10,8.7,4.894888483023508,2.633543171506976,0.5627099658945323,9.227067000152484
2026-02-14 08:00:00,NH4,10,8.9,5.003295546531934,2.5882228683435784,0.7456689281067472,9.26092216495712
2026-02-14 09:00:00,NH4,10,9.2,5.202769138111572,2.4924223663205534,1.1027343455142615,9.302803930708883
2026-02-14 10:00:00,NH4,10,9.2,5.331644019230712,2.450403929218444,1.3007295556663712,9.362558482795052
2026-02-14 11:00:00,NH4,10,8.5,5.38633549223084,2.4386775683266175,1.374710892333554,9.397960092128127
2026-02-14 12:00:00,NH4,10,7.9,5.3942420371116935,2.384540313494551,1.4716732214131567,9.31681085281023
2026-02-14 13:00:00,NH4,10,7.5,5.235997693594112,2.3238628011126132,1.4132433857638635,9.058752001424361
2026-02-14 14:00:00,NH4,10,7.3,5.131406261463406,2.223269843531105,1.4741273688547376,8.788685154072073
2026-02-14 15:00:00,NH4,10,6.6,4.963713975981059,2.148267874832081,1.4298133218822855,8.497614630079832
2026-02-14 16:00:00,NH4,10,5.9,4.782732899430622,2.0991844487751807,1.3295744811954493,8.235891317665795
2026-02-14 17:00:00,NH4,10,6.3,4.669854079589035,2.080586314459694,1.2472895923028382,8.092418566875232
2026-02-14 18:00:00,NH4,10,6.9,3.745456665454176,2.098487139707628,0.29344532063512796,7.197468010273225
2026-02-14 19:00:00,NH4,10,7.0,3.324864170527578,2.1199379381302537,-0.16243373769668912,6.812162078751845
2026-02-14 20:00:00,NH4,10,5.9,2.955317568174141,2.119468457223728,-0.5312080439588915,6.441843180307174
2026-02-14 21:00:00,NH4,10,5.1,2.727923728842743,2.109432071019043,-0.7420920279835825,6.197939485669069
2026-02-14 22:00:00,NH4,10,2.7,2.7953782268511396,2.1304644473593006,-0.7092357890549099,6.299992242757189
2026-02-14 23:00:00,NH4,10,1.8,2.98066930690168,2.183484239999526,-0.6111622678975404,6.5725008817009005
2026-02-15 00:00:00,NH4,10,1.8,3.0943935734181887,2.1981696123612817,-0.5215954389161199,6.710382585752497
2026-02-15 01:00:00,NH4,10,2.0,3.3657755017907904,2.260803871095914,-0.3532468661619883,7.08479786974357
2026-02-15 02:00:00,NH4,10,2.1,3.716793670606812,2.205411925638451,0.08889105293155986,7.344696288282064
2026-02-15 03:00:00,NH4,10,3.1,3.355180403446434,2.072368591169125,-0.05386592902677734,6.764226735919645
2026-02-15 04:00:00,NH4,10,5.0,3.588155305339306,2.0278728168717888,0.2523045215852133,6.924006089093398
2026-02-15 05:00:00,NH4,10,7.5,4.388428473818813,2.0185041454432033,1.0679891545647435,7.708867793072882
2026-02-15 06:00:00,NH4,10,9.6,5.2672394325809,1.969639243115956,2.0271828776551524,8.507295987506648
2026-02-15 07:00:00,NH4,10,9.9,6.099418381510508,1.8904346476033442,2.989653386203006,9.20918337681801
2026-02-15 08:00:00,NH4,10,10.1,6.8826120698072994,1.8170113390746774,3.893628417029455,9.871595722585145
2026-02-15 09:00:00,NH4,10,10.1,7.300095695662536,1.7502794453854702,4.420886008003437,10.179305383321635
2026-02-15 10:00:00,NH4,10,9.9,7.351688202162348,1.7399308013803436,4.489502033891683,10.213874370433015
2026-02-15 11:00:00,NH4,10,9.6,7.142043763243699,1.7650820629471737,4.238483769695598,10.045603756791799
2026-02-15 12:00:00,NH4,10,9.2,7.217971844371339,1.7484038643284556,4.34184748755103,10.094096201191649
2026-02-15 13:00:00,NH4,10,9.1,7.238517913328385,1.7669031036922629,4.331962307754613,10.145073518902159
2026-02-15 14:00:00,NH4,10,9.2,7.027052281449398,1.7963462944598916,4.072062627062877,9.98204193583592
2026-02-15 15:00:00,NH4,10,8.9,6.6762977203391065,1.7508862304286688,3.7960898712839466,9.556505569394266
2026-02-15 16:00:00,NH4,10,8.1,6.02747800361958,1.785011128240889,3.091134697663317,8.963821309575842
2026-02-15 17:00:00,NH4,10,7.3,6.007905750178209,1.7600903524074734,3.112557120467916,8.903254379888503
2026-02-15 18:00:00,NH4,10,6.3,4.281131761157162,2.015962201324016,0.9648739399791557,7.597389582335169
2026-02-15 19:00:00,NH4,10,5.6,4.475043456632032,1.85220556329219,1.4281653050163792,7.521921608247685
2026-02-15 20:00:00,NH4,10,5.5,4.201726275034308,1.8172198213986552,1.2123996688335201,7.1910528812350965
2026-02-15 21:00:00,NH4,10,5.4,3.762597617352996,1.7732014048598874,0.8456813063584812,6.679513928347511
2026-02-15 22:00:00,NH4,10,4.7,3.3066929030887104,1.7123906781626141,0.4898102375112101,6.123575568666211
2026-02-15 23:00:00,NH4,10,3.9,3.3901570897261535,1.7202186619356568,0.5603973908419979,6.219916788610309
2026-02-16 00:00:00,NH4,10,3.7,3.2224281489743754,1.8117332768658827,0.24212690852999819,6.202729389418753
2026-02-16 01:00:00,NH4,10,3.7,3.5614930888971608,2.0226749827733714,0.23419274223496478,6.888793435559357
2026-02-16 02:00:00,NH4,10,4.1,3.890044980406975,2.0768015435075378,0.47370644133707573,7.306383519476874
2026-02-16 03:00:00,NH4,10,6.5,3.546523567917041,1.9906770333427364,0.2718598480682397,6.821187287765842
2026-02-16 04:00:00,NH4,10,7.6,4.156337752611252,2.057275779176781,0.7721190958654471,7.540556409357057
2026-02-16 05:00:00,NH4,10,8.3,5.327472145801746,2.1168526705432265,1.8452495027581386,8.809694788845354
2026-02-16 06:00:00,NH4,10,8.6,6.685878316834997,2.074745027740824,3.272922746201342,10.098833887468652
2026-02-16 07:00:00,NH4,10,8.9,7.480914037312084,1.9816853422254588,4.221041649351205,10.740786425272963
2026-02-16 08:00:00,NH4,10,8.9,8.094043040789003,1.9393742081713135,4.903772468347192,11.284313613230815
2026-02-16 09:00:00,NH4,10,8.7,8.321039610373239,1.931763149273494,5.1432892298183415,11.498789990928136
2026-02-16 10:00:00,NH4,10,8.1,8.074710381225751,1.9693452167145529,4.835137499730312,11.31428326272119
2026-02-16 11:00:00,NH4,10,8.4,7.514754085882139,1.9541278477067192,4.300213776404585,10.729294395359691
2026-02-16 12:00:00,NH4,10,8.3,7.228986276370964,1.910204067867193,4.0867005847294315,10.371271968012497
2026-02-16 13:00:00,NH4,10,7.9,7.0764052246337386,1.8833022995433597,3.9783729418849116,10.174437507382565
2026-02-16 14:00:00,NH4,10,7.8,7.036999283730305,1.8699746272246245,3.9608910219457973,10.113107545514811
2026-02-16 15:00:00,NH4,10,7.5,6.971775067812873,1.9171819095174387,3.818010826656686,10.12553930896906
2026-02-16 16:00:00,NH4,10,6.8,6.637400729873379,2.0098123423653704,3.3312594266823448,9.943542033064414
2026-02-16 17:00:00,NH4,10,6.5,6.350350858209818,1.9862104551056705,3.0830346595609894,9.617667056858647
2026-02-16 18:00:00,NH4,10,5.8,5.559976506735528,1.9471230055333806,2.356959162633117,8.762993850837939
2026-02-16 19:00:00,NH4,10,5.1,4.7758546261370505,1.9609366328335298,1.550113865125894,8.001595387148207
2026-02-16 20:00:00,NH4,10,4.9,4.4038235589459225,1.9872282640821815,1.134833064530734,7.672814053361111
2026-02-16 21:00:00,NH4,10,4.9,3.905795135401368,2.0128165225290227,0.5947119558411256,7.21687831496161
2026-02-16 22:00:00,NH4,10,4.7,3.831128809007757,2.0244093881266156,0.5009753655394742,7.16128225247604
2026-02-16 23:00:00,NH4,10,4.9,4.320569851360764,2.3106900479929298,0.5194847224123946,8.121654980309133
2026-02-17 00:00:00,NH4,10,5.9,3.8302412894305724,2.217065841303012,0.1831679804871178,7.4773145983740275
2026-02-17 01:00:00,NH4,10,5.9,3.891051328240774,2.16995471456668,0.3214758227785852,7.460626833702963
2026-02-17 02:00:00,NH4,10,6.9,4.1196189048916025,2.205190093504701,0.49208120107636955,7.7471566087068355
2026-02-17 03:00:00,NH4,10,9.7,4.698732611419472,2.234035857891671,1.0237436251876733,8.37372159765127
2026-02-17 04:00:00,NH4,10,10.8,5.0237679840085345,2.2230524237465508,1.3668467469454586,8.68068922107161
2026-02-17 05:00:00,NH4,10,11.1,5.71923253256271,2.180471686213978,2.1323566087407166,9.306108456384704
2026-02-17 06:00:00,NH4,10,12.3,5.919459297050244,2.1244913455648415,2.4246710335960793,9.414247560504409
2026-02-17 07:00:00,NH4,10,14.5,6.216710885138949,2.10622265673155,2.7519746148155493,9.681447155462347
2026-02-17 08:00:00,NH4,10,13.9,6.228291473423051,2.0511252757223164,2.85419039485984,9.602392551986261
2026-02-17 09:00:00,NH4,10,12.0,6.132223922881542,2.0426696158242184,2.7720324048507026,9.492415440912382
2026-02-17 10:00:00,NH4,10,10.8,5.816895736863172,2.0564250209204644,2.434076577449008,9.199714896277335
2026-02-17 11:00:00,NH4,10,9.8,5.720974021642954,2.020301685428284,2.3975777491134274,9.04437029417248
2026-02-17 12:00:00,NH4,10,9.4,5.599861095818562,2.018849167676104,2.2788542149913704,8.920867976645752
2026-02-17 13:00:00,NH4,10,9.1,5.710822865627719,2.0671836501810974,2.310305761079814,9.111339970175624
2026-02-17 14:00:00,NH4,10,8.6,5.755943757911581,2.0292978026380846,2.4177488725719316,9.094138643251231
2026-02-17 15:00:00,NH4,10,7.9,5.668241115660409,1.9704286205527075,2.4268860348512056,8.909596196469613
2026-02-17 16:00:00,NH4,10,7.1,5.534896278877449,1.9964719179832748,2.250699973794962,8.819092583959936
2026-02-17 17:00:00,NH4,10,6.3,5.293126287069924,2.0130751711814305,1.981617630476471,8.604634943663378
2026-02-17 18:00:00,NH4,10,5.9,4.565054087555634,2.05469173932287,1.1850861763695124,7.945021998741755
2026-02-17 19:00:00,NH4,10,5.7,4.247714916431721,2.1278861768247137,0.7473421555550668,7.748087677308375
2026-02-17 20:00:00,NH4,10,5.2,4.162565008225375,2.3002427540676447,0.3786656777840993,7.946464338666651
2026-02-17 21:00:00,NH4,10,4.9,2.9064156676060637,2.253891778224501,-0.8012363075732405,6.614067642785368
2026-02-17 22:00:00,NH4,10,4.1,3.6044294798937973,2.342022902563922,-0.2481981948238543,7.457057154611449
2026-02-17 23:00:00,NH4,10,3.9,4.197981089019044,2.6066951000928027,-0.09003235063361625,8.485994528671704
2026-02-18 00:00:00,NH4,10,4.0,3.9176415102414377,2.5270925870992413,-0.23942579553681442,8.07470881601969
2026-02-18 01:00:00,NH4,10,4.7,4.16986329934638,2.5712257055049754,-0.0598029862093048,8.399529584902066
2026-02-18 02:00:00,NH4,10,6.2,4.761076858387095,2.6825092718855386,0.34834910613538383,9.173804610638806
2026-02-18 03:00:00,NH4,10,7.9,4.4230169468675795,2.784662579534032,-0.15775299646590302,9.003786890201063
2026-02-18 04:00:00,NH4,10,8.4,4.65738529633569,2.751920260126723,0.13047646842723015,9.18429412424415
2026-02-18 05:00:00,NH4,10,8.4,4.507555840717095,2.7477908090580385,-0.012560040183378085,9.027671721617569
2026-02-18 06:00:00,NH4,10,8.6,5.006178007167396,2.720795358798426,0.5304696419439852,9.481886372390807
2026-02-18 07:00:00,NH4,10,8.5,5.24584750998068,2.6931464857893292,0.8156215408572338,9.676073479104126
2026-02-18 08:00:00,NH4,10,7.8,5.753874393375588,2.6368494569257455,1.4162570367327367,10.091491750018438
2026-02-18 09:00:00,NH4,10,7.0,5.967588836748817,2.624317083460868,1.6505872344556893,10.284590439041946
2026-02-18 10:00:00,NH4,10,6.5,6.062308750670029,2.6024723840888657,1.7812416788438448,10.343375822496213
2026-02-18 11:00:00,NH4,10,6.1,5.936347791858406,2.54568705585884,1.7486925849706143,10.124002998746198
2026-02-18 12:00:00,NH4,10,5.7,5.903768954373804,2.5087582411561598,1.7768616476719217,10.030676261075687
2026-02-18 13:00:00,NH4,10,5.6,5.742779022942379,2.493854440549682,1.6403884682381529,9.845169577646605
2026-02-18 14:00:00,NH4,10,5.3,5.705046125343456,2.5032289549762283,1.5872344944075598,9.822857756279351
2026-02-18 15:00:00,NH4,10,4.9,5.582735982302599,2.511666212649903,1.4510450624935087,9.71442690211169
2026-02-18 16:00:00,NH4,10,4.3,5.320343695883926,2.5090504639053406,1.1929556827596404,9.447731709008211
2026-02-18 17:00:00,NH4,10,4.1,5.042222190302813,2.5131417288784874,0.9081040462977015,9.176340334307925
2026-02-18 18:00:00,NH4,10,4.7,4.521155556160234,2.511829881780999,0.3891954006304905,8.653115711689978
2026-02-18 19:00:00,NH4,10,4.4,4.383586296394594,2.5176394018676036,0.24206948032238618,8.525103112466802
2026-02-18 20:00:00,NH4,10,3.4,4.353677559035797,2.5303990710048367,0.19117108723284026,8.516184030838753
2026-02-18 21:00:00,NH4,10,3.1,4.414157860929599,2.5385426104516915,0.23825526673656672,8.590060455122632
2026-02-18 22:00:00,NH4,10,2.4,4.380517194650469,2.5872286696715365,0.1245260330407918,8.636508356260148
2026-02-18 23:00:00,NH4,10,2.2,4.3525854545859275,2.6183775396020406,0.045354401940571165,8.659816507231284
2026-02-19 00:00:00,NH4,10,2.5,4.091110982326876,2.592408530167067,-0.17340104979794901,8.355623014451702
2026-02-19 01:00:00,NH4,10,3.6,4.14393963388927,2.589583885145361,-0.11592585717485004,8.40380512495339
2026-02-19 02:00:00,NH4,10,4.4,4.318317529491709,2.644277864603333,-0.031519557780774754,8.668154616764191
2026-02-19 03:00:00,NH4,10,4.8,4.409925899151055,2.687145336129904,-0.010428178782636799,8.830279977084746
2026-02-19 04:00:00,NH4,10,5.5,4.563628543110995,2.62849394851849,0.23975599779807855,8.88750108842391
2026-02-19 05:00:00,NH4,10,6.5,4.9173683667663735,2.508506254835233,0.7908755775624154,9.043861155970331
2026-02-19 06:00:00,NH4,10,7.5,5.280508567606422,2.433591540511823,1.2772504834644725,9.28376665174837
2026-02-19 07:00:00,NH4,10,7.7,5.450887563433218,2.346776165355191,1.5904407714239288,9.311334355442508
2026-02-19 08:00:00,NH4,10,7.7,5.47256874236584,2.305692520374369,1.6797045463500027,9.265432938381677
2026-02-19 09:00:00,NH4,10,7.5,5.521962449641276,2.3023074035263953,1.7346667708403554,9.309258128442195
2026-02-19 10:00:00,NH4,10,7.6,5.612075549162469,2.266437822980119,1.8837853303601735,9.340365767964766
2026-02-19 11:00:00,NH4,10,7.3,5.585417692162687,2.224067940685167,1.9268259297355872,9.244009454589786
2026-02-19 12:00:00,NH4,10,7.2,5.559044669816723,2.205561529422657,1.930895953916452,9.187193385716995
2026-02-19 13:00:00,NH4,10,7.0,5.59476693175383,2.212958395445846,1.954450371245414,9.235083492262246
2026-02-19 14:00:00,NH4,10,6.8,5.404876459772576,2.337265548601672,1.5600746323228258,9.249678287222327
2026-02-19 15:00:00,NH4,10,6.5,5.283096408014131,2.2727182225369713,1.5444749319408135,9.02171788408745
2026-02-19 16:00:00,NH4,10,5.8,5.02464697260886,2.180721198821349,1.4373606005477408,8.611933344669978
2026-02-19 17:00:00,NH4,10,5.0,4.951925595420228,2.1744236316290237,1.374998721390484,8.528852469449973
2026-02-19 18:00:00,NH4,10,4.1,4.0152350499790055,2.108914228803317,0.5460711435975489,7.484398956360462
2026-02-19 19:00:00,NH4,10,3.3,3.788724156252661,2.094276176195228,0.3436398464115107,7.2338084660938105
2026-02-19 20:00:00,NH4,10,2.6,3.904192127654605,2.0630012211761373,0.5105551188198594,7.2978291364893515
2026-02-19 21:00:00,NH4,10,2.5,4.2816704933970815,2.0905816680814087,0.8426636494031641,7.720677337390999
2026-02-19 22:00:00,NH4,10,1.7,3.7808972573059676,2.073721993375637,0.36962457820304495,7.19216993640889
2026-02-19 23:00:00,NH4,10,1.7,3.248552233547467,2.09429488130108,-0.19656284619281017,6.693667313287744
2026-02-20 00:00:00,NH4,10,2.1,3.2890033185411855,2.115356486273253,-0.19075810137831573,6.768764738460687
2026-02-20 01:00:00,NH4,10,3.0,3.951314123848848,2.1071228199738146,0.48509708499192294,7.417531162705773
2026-02-20 02:00:00,NH4,10,4.7,4.420286360205386,2.1686028810504268,0.8529346208774342,7.9876380995333385
2026-02-20 03:00:00,NH4,10,5.8,4.311372548366144,2.368489766714728,0.41520688212041623,8.207538214611873
2026-02-20 04:00:00,NH4,10,6.4,4.592790436243168,2.35127802599643,0.72493808347904,8.460642789007295
2026-02-20 05:00:00,NH4,10,6.7,4.894545004903668,2.253455911982818,1.1876100296919323,8.601479980115403
2026-02-20 06:00:00,NH4,10,7.1,5.177737490075634,2.2758243046238533,1.4340065089693952,8.921468471181873
2026-02-20 07:00:00,NH4,10,7.4,5.078142373440501,2.366101772766418,1.1859049572397438,8.970379789641258
2026-02-20 08:00:00,NH4,10,7.1,5.373599404236465,2.293488753427543,1.6008104048481568,9.146388403624773
2026-02-20 09:00:00,NH4,10,6.9,5.832879953824969,2.0842166029091596,2.404343642039402,9.261416265610537
2026-02-20 10:00:00,NH4,10,7.1,6.106997022464709,1.9496225282407986,2.899867963508595,9.314126081420824
2026-02-20 11:00:00,NH4,10,7.7,6.285088201569739,1.8756415777690292,3.199657806139686,9.37051859699979
2026-02-20 12:00:00,NH4,10,8.3,6.563717947204461,1.8434382355702408,3.531262049691415,9.596173844717507
2026-02-20 13:00:00,NH4,10,8.3,6.765207592504254,1.8187494024678295,3.7733648254446743,9.757050359563834
2026-02-20 14:00:00,NH4,10,8.1,7.029375283319995,1.7648543788307047,4.126189830143486,9.932560736496505
2026-02-20 15:00:00,NH4,10,7.8,6.95429249818185,1.7643950931150276,4.05186257000763,9.85672242635607
2026-02-20 16:00:00,NH4,10,7.1,6.209526459131235,1.7416521486525713,3.344508674597755,9.074544243664715
2026-02-20 17:00:00,NH4,10,6.4,5.817974023244429,1.768358546662077,2.909024213985312,8.726923832503546
2026-02-20 18:00:00,NH4,10,6.0,4.454728120872483,1.7604291946399235,1.5588220956898087,7.350634146055157
2026-02-20 19:00:00,NH4,10,6.0,3.9415018020421444,1.7561350821013837,1.052659591985368,6.830344012098921
2026-02-20 20:00:00,NH4,10,5.4,3.4103217649143436,1.731445954590026,0.5620931696137506,6.258550360214937
2026-02-20 21:00:00,NH4,10,5.2,3.228633989488427,1.751068660813636,0.3481260424499957,6.109141936526859
2026-02-20 22:00:00,NH4,10,2.6,2.927028477724339,1.8166085855280463,-0.061292645469297025,5.915349600917976
2026-02-20 23:00:00,NH4,10,1.1,2.645996462097095,1.8822059222836773,-0.4502322800595544,5.742225204253744
2026-02-21 00:00:00,NH4,10,0.8,2.374824762852177,1.8850215657641098,-0.7260357128297841,5.475685238534138
2026-02-21 01:00:00,NH4,10,0.7,2.708402484639725,1.881741095996084,-0.3870616182738331,5.8038665875532836
2026-02-21 02:00:00,NH4,10,1.4,3.9808073842372753,1.85248812004745,0.9334644267592203,7.02815034171533
2026-02-21 03:00:00,NH4,10,2.6,4.869330129466592,1.8122267027109566,1.8882172035070681,7.8504430554261155
2026-02-21 04:00:00,NH4,10,4.3,4.962959240225549,1.8038480134833175,1.9956292580454922,7.930289222405607
2026-02-21 05:00:00,NH4,10,6.1,5.557831644200457,1.7648119606774024,2.6547159688861295,8.460947319514784
2026-02-21 06:00:00,NH4,10,6.9,6.384307939613433,1.7271084398725052,3.543214556023162,9.225401323203704
2026-02-21 07:00:00,NH4,10,7.6,6.448640746168545,1.7224032296890208,3.6152874333301055,9.281994059006983
2026-02-21 08:00:00,NH4,10,8.0,6.0458889597489085,1.7607351925991082,3.1494795679233754,8.942298351574442
2026-02-21 09:00:00,NH4,10,8.1,5.6525612551731745,1.771371820461636,2.7386546105137834,8.566467899832565
2026-02-21 10:00:00,NH4,10,7.8,5.374727747008031,1.7818247892567827,2.443625968680623,8.305829525335438
2026-02-21 11:00:00,NH4,10,7.6,5.369417443235672,1.8001692391639224,2.408139044811019,8.330695841660324
2026-02-21 12:00:00,NH4,10,7.4,5.555148657360657,1.8036744515048382,2.5881041846351986,8.522193130086116
2026-02-21 13:00:00,NH4,10,7.2,5.714766630681492,1.825187789596375,2.712332716795455,8.717200544567529
2026-02-21 14:00:00,NH4,10,6.8,5.780608884436789,1.8881674854707842,2.6745733708373485,8.886644398036228
2026-02-21 15:00:00,NH4,10,6.1,5.694631397951251,1.9601984125388927,2.4701050093247723,8.91915778657773
2026-02-21 16:00:00,NH4,10,5.3,5.3506194241657425,1.9694411531618752,2.1108887272144576,8.590350121117027
2026-02-21 17:00:00,NH4,10,4.8,5.028062180947098,2.038355313273092,1.6749676906128612,8.381156671281333
2026-02-21 18:00:00,NH4,10,4.5,3.1038613422830563,2.1741662901364296,-0.47264220499137055,6.680364889557483
2026-02-21 19:00:00,NH4,10,3.7,2.879096665187384,2.0393459490295998,-0.47562742096630783,6.233820751341076
2026-02-21 20:00:00,NH4,10,2.7,2.8268880172463366,2.0403614977492768,-0.5295066465512237,6.183282681043897
2026-02-21 21:00:00,NH4,10,2.6,2.583279109985101,2.0448968838170765,-0.7805762638939897,5.9471344838641915
2026-02-21 22:00:00,NH4,10,3.4,2.8612451820280898,2.0507925601838557,-0.5123085794743529,6.234798943530532
2026-02-21 23:00:00,NH4,10,5.0,2.8083143847738024,2.1209847058611477,-0.6807054563677859,6.297334225915391
2026-02-22 00:00:00,NH4,10,6.0,2.435854873575344,2.113418741148964,-1.040718955614702,5.91242870276539
2026-02-22 01:00:00,NH4,10,4.8,2.377479164620235,2.120587557633811,-1.1108873676873845,5.865845696927854
2026-02-22 02:00:00,NH4,10,3.6,2.4877389716278753,2.0971567483226288,-0.962083879362849,5.9375618226185995
2026-02-22 03:00:00,NH4,10,3.4,3.193947325355699,2.062522858470186,-0.19890277682775714,6.586797427539155
2026-02-22 04:00:00,NH4,10,4.5,3.787880314815985,2.0123708342005635,0.4775302925560583,7.098230337075912
2026-02-22 05:00:00,NH4,10,6.9,4.442674817167793,1.995553437827999,1.1599894119407348,7.725360222394851
2026-02-22 06:00:00,NH4,10,9.6,5.186307637608086,1.9755946638480555,1.9364544155780345,8.436160859638136
2026-02-22 07:00:00,NH4,10,10.9,6.279282592347151,1.9639065182869244,3.0486563697651605,9.509908814929142
2026-02-22 08:00:00,NH4,10,12.6,6.575971133132795,1.9768859324130874,3.3239937743132657,9.827948491952323
2026-02-22 09:00:00,NH4,10,13.7,6.611394715027925,1.9730810373849386,3.365676408529701,9.857113021526148
2026-02-22 10:00:00,NH4,10,11.7,6.399202734571344,1.9660725460009352,3.1650133963998055,9.633392072742883
2026-02-22 11:00:00,NH4,10,9.7,6.368275747404706,1.9733584463594969,3.1221011031433332,9.614450391666079
2026-02-22 12:00:00,NH4,10,8.4,6.438938393267013,1.9459841358523384,3.2377944897899162,9.64008229674411
2026-02-22 13:00:00,NH4,10,7.4,6.414663107750574,1.9251632061758643,3.247769633591277,9.58155658190987
2026-02-22 14:00:00,NH4,10,6.6,6.220749927129262,1.9337634516519449,3.0397090491618126,9.401790805096711
2026-02-22 15:00:00,NH4,10,6.1,5.3310007297673,1.9568986714764263,2.1119024151885792,8.550099044346021
2026-02-22 16:00:00,NH4,10,5.3,4.672101306451981,1.957922289429959,1.4513191403396979,7.892883472564264
2026-02-22 17:00:00,NH4,10,4.8,4.578790569955846,2.0497673427056746,1.206923291205011,7.950657848706681
2026-02-22 18:00:00,NH4,10,4.5,4.687933792382733,2.136624311201688,1.1731868004559565,8.202680784309509
2026-02-22 19:00:00,NH4,10,4.4,4.051642545043829,2.285011463310849,0.292798687897482,7.810486402190175
2026-02-22 20:00:00,NH4,10,3.6,3.4102328807261375,2.342276746934085,-0.4428123679804319,7.263278129432707
2026-02-22 21:00:00,NH4,10,3.4,1.9761664026354941,2.391428170434888,-1.9577329377298966,5.910065743000885
2026-02-22 22:00:00,NH4,10,3.3,1.997119505905882,2.3478392662863774,-1.8650760871352088,5.859315098946973
2026-02-22 23:00:00,NH4,10,3.6,2.8191875644645106,2.292747947401719,-0.9523828090113176,6.590757937940339
2026-02-23 00:00:00,NH4,10,3.6,4.022976345691576,2.3142800030881197,0.21598574061161901,7.829966950771532
2026-02-23 01:00:00,NH4,10,3.7,4.29054503155584,2.4359531776854983,0.2834020542631954,8.297688008848485
2026-02-23 02:00:00,NH4,10,4.1,4.082339518203457,2.5726987939045216,-0.14974999776948117,8.314429034176396
2026-02-23 03:00:00,NH4,10,4.8,4.0872912915981505,2.5114330371145797,-0.04401605445533274,8.218598637651635
2026-02-23 04:00:00,NH4,10,5.7,4.074250257496632,2.6278395678930773,-0.2485458316874798,8.397046346680744
2026-02-23 05:00:00,NH4,10,6.2,4.643072407958031,2.67877463443975,0.23648813430464255,9.04965668161142
2026-02-23 06:00:00,NH4,10,6.2,4.84285375551818,2.7230187305265545,0.36348794380199845,9.322219567234363
2026-02-23 07:00:00,NH4,10,6.3,5.53081671857567,2.6375369265828392,1.1920684743468994,9.86956496280444
2026-02-23 08:00:00,NH4,10,7.1,6.914209951684974,2.524128751092304,2.762018156138134,11.066401747231815
2026-02-23 09:00:00,NH4,10,7.5,7.318961336857026,2.466331314162016,3.2618463250605094,11.376076348653541
2026-02-23 10:00:00,NH4,10,7.8,7.277005457747556,2.4241621503184323,3.289258720473735,11.264752195021376
2026-02-23 11:00:00,NH4,10,7.2,7.523698965106096,2.45687140451346,3.482145504681454,11.565252425530737
2026-02-23 12:00:00,NH4,10,6.1,7.419957794142315,2.367432729828986,3.5255309535736323,11.314384634710997
2026-02-23 13:00:00,NH4,10,5.0,7.228558806614775,2.279817408001648,3.4782591704520636,10.978858442777486
2026-02-23 14:00:00,NH4,10,4.0,6.851476143132528,2.2580026437340064,3.1370617941900876,10.565890492074969
2026-02-23 15:00:00,NH4,10,3.5,6.565065157250247,2.2643447331484374,2.8402180712210674,10.289912243279428
2026-02-23 16:00:00,NH4,10,3.8,5.98150820268075,2.2075189877618153,2.3501394678125638,9.612876937548936
2026-02-23 17:00:00,NH4,10,3.8,5.601555549417304,2.2631407441910936,1.878689025222955,9.324422073611654
2026-02-23 18:00:00,NH4,10,3.4,4.918884607214002,2.2584599852147753,1.2037179315356967,8.634051282892308
2026-02-23 19:00:00,NH4,10,2.9,4.3136537404078314,2.266176951973388,0.5857926544116085,8.041514826404054
2026-02-23 20:00:00,NH4,10,2.7,3.57294525963677,2.2978176533133747,-0.20696478006373153,7.352855299337271
2026-02-23 21:00:00,NH4,10,2.5,3.277851893419719,2.2990928305822904,-0.5041558128881487,7.059859599727587
2026-02-23 22:00:00,NH4,10,1.8,3.1025601495815147,2.3066318646171937,-0.6918492677137689,6.896969566876798
2026-02-23 23:00:00,NH4,10,1.6,2.907912105071271,2.3394512202794715,-0.9404851522884599,6.7563093624310016
2026-02-24 00:00:00,NH4,10,1.9,3.2670481154558417,2.3018350065430164,-0.5194704703074202,7.053566701219104
2026-02-24 01:00:00,NH4,10,2.8,3.4566761250756244,2.29018660829334,-0.3106808455669201,7.224033095718169
2026-02-24 02:00:00,NH4,10,3.9,3.682274910474506,2.3136962216376467,-0.12375537411942261,7.488305195068435
2026-02-24 03:00:00,NH4,10,3.9,4.261714941001668,2.3141271243890533,0.45497582138167525,8.068454060621661
2026-02-24 04:00:00,NH4,10,4.6,5.046379449442538,2.3977859607597676,1.1020215439927203,8.990737354892357
2026-02-24 05:00:00,NH4,10,5.9,5.3393248007622836,2.43914656498096,1.3269287013686046,9.351720900155962
2026-02-24 06:00:00,NH4,10,6.2,6.167536750294291,2.2964902805955036,2.3898102387146873,9.945263261873894
2026-02-24 07:00:00,NH4,10,6.4,6.292346958235319,2.156396435553569,2.7450748217496974,9.839619094720941
2026-02-24 08:00:00,NH4,10,6.0,6.300482077304132,2.0523110691949875,2.9244303684783772,9.676533786129886
2026-02-24 09:00:00,NH4,10,5.5,6.054743153040315,1.9872293504637868,2.7857508715273855,9.323735434553244
2026-02-24 10:00:00,NH4,10,4.8,6.52963128450844,1.9755153449814702,3.2799085420139216,9.77935402700296
2026-02-24 11:00:00,NH4,10,4.2,6.257928109790053,1.993817843133371,2.9780977578356578,9.537758461744449
2026-02-24 12:00:00,NH4,10,4.1,6.182383920849878,2.092348061340277,2.740471359945122,9.624296481754634
2026-02-24 13:00:00,NH4,10,4.8,5.997477695752112,2.046376566451695,2.6311882439390737,9.36376714756515
2026-02-24 14:00:00,NH4,10,4.9,5.729328946683333,2.02567637342708,2.397091312395786,9.06156658097088
2026-02-24 15:00:00,NH4,10,4.5,5.383840879550666,2.035366724731908,2.0356626173666776,8.732019141734655
2026-02-24 16:00:00,NH4,10,4.0,5.0619405126587305,2.024160206567919,1.7321969728545037,8.391684052462956
2026-02-24 17:00:00,NH4,10,3.6,4.315103945401593,2.005904257756888,1.0153914413915124,7.6148164494116735
2026-02-24 18:00:00,NH4,10,3.6,3.283424996873483,1.9716399746990332,0.040077238493573475,6.5267727552533925
2026-02-24 19:00:00,NH4,10,3.7,2.6593182057387,1.9658330521345513,-0.5744771650226368,5.893113576500037
2026-02-24 20:00:00,NH4,10,3.6,2.0911750406811525,2.0061678945248635,-1.208971145812248,5.3913212271745525
2026-02-24 21:00:00,NH4,10,3.1,2.0686753501028865,2.0256222715298864,-1.2634732865637766,5.40082398676955
2026-02-24 22:00:00,NH4,10,1.3,1.9628230853300341,2.026624848554168,-1.370974790541572,5.29662096120164
2026-02-24 23:00:00,NH4,10,1.1,1.3809001781360724,2.2488599402070726,-2.3184744235045622,5.0802747797767065
2026-02-25 00:00:00,NH4,10,1.4,1.8472099859585653,2.2165373546408325,-1.798993962425604,5.493413934342735
2026-02-25 01:00:00,NH4,10,2.2,2.796314035367561,2.1725170685823962,-0.7774765424504806,6.370104613185603
2026-02-25 02:00:00,NH4,10,3.4,2.8841033600222294,2.227632068958482,-0.7803513934144735,6.548558113458933
2026-02-25 03:00:00,NH4,10,4.4,3.272201135674817,2.362416118358538,-0.6139733790249782,7.158375650374612
2026-02-25 04:00:00,NH4,10,5.0,4.130700765084425,2.2373336109466435,0.4502869750771965,7.811114555091654
2026-02-25 05:00:00,NH4,10,6.4,5.133212875078141,2.0270157533406885,1.7987719608327084,8.467653789323574
2026-02-25 06:00:00,NH4,10,6.5,5.8619624711731415,1.8792656786145816,2.770570429852155,8.953354512494128
2026-02-25 07:00:00,NH4,10,6.3,6.565318974191836,1.827952743618487,3.558336710939425,9.572301237444247
2026-02-25 08:00:00,NH4,10,6.4,7.015532185387925,1.8163453512551035,4.027644082573279,10.00342028820257
2026-02-25 09:00:00,NH4,10,6.5,7.259345509819443,1.915086407241988,4.1090283699063725,10.409662649732514
2026-02-25 10:00:00,NH4,10,6.3,7.565915093723136,1.8116210879867025,4.585798403985011,10.546031783461261
2026-02-25 11:00:00,NH4,10,5.7,7.611732548271611,1.7737912171510566,4.693845996058123,10.5296191004851
2026-02-25 12:00:00,NH4,10,5.7,7.55694510295905,1.742405231037761,4.690688497901933,10.423201708016167
2026-02-25 13:00:00,NH4,10,5.8,7.540561592947967,1.723156732820808,4.705968767457737,10.375154418438196
2026-02-25 14:00:00,NH4,10,5.7,7.376728012533857,1.7631048990151303,4.476420453653967,10.277035571413746
2026-02-25 15:00:00,NH4,10,5.5,7.096587719743216,1.7661119298399885,4.1913335951564346,10.001841844329997
2026-02-25 16:00:00,NH4,10,5.0,6.688751886218991,1.7293845700780415,3.843914268440613,9.53358950399737
2026-02-25 17:00:00,NH4,10,4.5,5.900547215253207,1.7185519161305869,3.0735293132183914,8.727565117288023
2026-02-25 18:00:00,NH4,10,3.6,4.005129714204099,1.8878603249338617,0.8995994796878963,7.110659948720301
2026-02-25 19:00:00,NH4,10,2.2,3.612978464778081,1.7357822954601476,0.7576165887461381,6.468340340810023
2026-02-25 20:00:00,NH4,10,1.4,2.6934042798623947,1.7771650032645738,-0.23003215050782932,5.616840710232619
2026-02-25 21:00:00,NH4,10,1.3,1.9867603540293208,1.8645269332454006,-1.080386451159363,5.053907159218005
2026-02-25 22:00:00,NH4,10,1.1,1.4369417099705308,1.9790960747759596,-1.8186713330359225,4.692554752976984
2026-02-25 23:00:00,NH4,10,1.2,1.3364688818057504,2.0692422873099416,-2.0674346808191038,4.740372444430604
2026-02-26 00:00:00,NH4,10,1.5,1.441118132140785,2.0557140553107947,-1.9405314888454723,4.822767753127042
2026-02-26 01:00:00,NH4,10,2.5,2.522913696330282,2.005251548585462,-0.775725101092803,5.821552493753367
2026-02-26 02:00:00,NH4,10,2.9,3.1842904619970316,2.0235068678279085,-0.14437833557987778,6.512959259573941
2026-02-26 03:00:00,NH4,10,2.9,4.183600736887721,1.9678968636526326,0.9464103961791404,7.420791077596301
2026-02-26 04:00:00,NH4,10,4.2,5.68720449652071,1.8063064708896113,2.7158303519072997,8.65857864113412
2026-02-26 05:00:00,NH4,10,5.1,6.960107368996766,1.838003694006119,3.9365912923567006,9.983623445636832
2026-02-26 06:00:00,NH4,10,5.7,7.613615665049478,1.7791275295597286,4.686950878923724,10.540280451175231
2026-02-26 07:00:00,NH4,10,5.5,8.301421007299613,1.7218246031870816,5.469019535056864,11.133822479542362
2026-02-26 08:00:00,NH4,10,5.6,8.812185673715142,1.6513683610054484,6.095684719861179,11.528686627569105
2026-02-26 09:00:00,NH4,10,5.4,8.643132422067339,1.592117075632476,6.024099832651916,11.262165011482761
2026-02-26 10:00:00,NH4,10,5.0,8.442805521042102,1.564100076024353,5.8698608959820415,11.015750146102162
2026-02-26 11:00:00,NH4,10,4.5,8.266212883206492,1.6021792285218668,5.630628052288021,10.901797714124964
2026-02-26 12:00:00,NH4,10,4.4,8.284278410886138,1.6414963336610566,5.5840169420137,10.984539879758575
2026-02-26 13:00:00,NH4,10,5.0,8.106669328768971,1.6849305641036108,5.3349585508185315,10.878380106719412
2026-02-26 14:00:00,NH4,10,5.0,7.475561689182845,1.705378612940112,4.670213870896361,10.280909507469328
2026-02-26 15:00:00,NH4,10,4.2,6.208673160113767,1.7693229602310359,3.298136890533713,9.119209429693822
2026-02-26 16:00:00,NH4,10,3.9,5.510075242038328,1.7683834353175099,2.601084490941024,8.419065993135632
2026-02-26 17:00:00,NH4,10,4.1,4.760767592963174,1.7523242482624661,1.8781942045714173,7.643340981354931
2026-02-26 18:00:00,NH4,10,3.5,3.879406118809278,1.6862470102201428,1.1055297869971428,6.653282450621413
2026-02-26 19:00:00,NH4,10,1.8,3.1118770191952803,1.7355956612393149,0.25682215645660733,5.966931881933953
2026-02-26 20:00:00,NH4,10,1.2,2.432015847983866,1.8261807426865113,-0.5720514737354452,5.436083169703178
2026-02-26 21:00:00,NH4,10,1.1,1.9163498086688446,1.9226092367753427,-1.246342385826594,5.079042003164283
2026-02-26 22:00:00,NH4,10,0.9,1.408019317642468,2.033775194625835,-1.9375408775170306,4.7535795128019664
2026-02-26 23:00:00,NH4,10,1.0,1.336563820742876,2.1185599584779458,-2.148467310953345,4.821594952439097
2026-02-27 00:00:00,NH4,10,1.4,1.8511563566057754,2.0616396739147063,-1.5402409069839165,5.2425536201954674
2026-02-27 01:00:00,NH4,10,2.2,2.308085508899215,2.1082389283629386,-1.1599675282578192,5.776138546056249
2026-02-27 02:00:00,NH4,10,3.9,2.793388016605706,2.0948845738047273,-0.6526971073030703,6.239473140514482
2026-02-27 03:00:00,NH4,10,4.6,3.527473371707792,2.068791416624067,0.12431149136120201,6.930635252054382
2026-02-27 04:00:00,NH4,10,4.9,4.875504668810875,1.92843990689114,1.70322102197495,8.047788315646802
2026-02-27 05:00:00,NH4,10,5.5,5.582207213143644,1.9413697252506616,2.388654015106306,8.775760411180983
2026-02-27 06:00:00,NH4,10,6.6,6.333832431910685,1.9303700637783696,3.158373676995267,9.509291186826104
2026-02-27 07:00:00,NH4,10,7.4,6.779300457596035,1.8776420611568574,3.6905792669930046,9.868021648199065
2026-02-27 08:00:00,NH4,10,7.4,7.16228972440806,1.8322704581783669,4.148204820704647,10.176374628111473
2026-02-27 09:00:00,NH4,10,7.3,7.24277276292257,1.8533656613216656,4.193986250048431,10.29155927579671
2026-02-27 10:00:00,NH4,10,7.0,7.1743553262111295,1.8124859402329467,4.192815954527932,10.155894697894327
2026-02-27 11:00:00,NH4,10,6.8,6.858995053468329,1.8672505811773037,3.787367847431664,9.930622259504993
2026-02-27 12:00:00,NH4,10,6.7,7.415805043379489,1.841481181434353,4.386568499919978,10.445041586839
2026-02-27 13:00:00,NH4,10,6.4,7.652270625304128,1.8780370381827405,4.5628996974935205,10.741641553114736
2026-02-27 14:00:00,NH4,10,5.9,7.48322435720244,1.8443607469273966,4.449250928506872,10.517197785898007
2026-02-27 15:00:00,NH4,10,5.4,5.910343603857792,1.9364812164681506,2.7248320027676844,9.0958552049479
2026-02-27 16:00:00,NH4,10,4.9,5.7534866783075795,1.843824882607397,2.7203947464184113,8.786578610196749
2026-02-27 17:00:00,NH4,10,4.6,4.751170550303292,1.8087043641607707,1.775851871258824,7.726489229347759
2026-02-27 18:00:00,NH4,10,3.9,3.759206130036229,1.7724529687736623,0.8435209964035546,6.674891263668904
2026-02-27 19:00:00,NH4,10,2.7,2.9078124369189338,1.8238167754419445,-0.09236615868306508,5.907991032520933
2026-02-27 20:00:00,NH4,10,2.0,2.3020259423927882,1.91568217741098,-0.849271239448274,5.453323124233851
2026-02-27 21:00:00,NH4,10,1.8,1.6343401731147493,1.975284451553768,-1.6150027496911992,4.883683095920698
2026-02-27 22:00:00,NH4,10,1.4,1.4063759980588166,2.0687666340095405,-1.9967451148868776,4.809497111004511
2026-02-27 23:00:00,NH4,10,1.3,1.318842309336507,2.143746777842191,-2.207621140213897,4.845305758886911
2026-02-28 00:00:00,NH4,10,1.4,1.667320975300558,2.2004784445804706,-1.9524660660343163,5.2871080166354325
2026-02-28 01:00:00,NH4,10,1.8,2.4709071376647556,2.1552230520011886,-1.0744347828771996,6.016249058206711
2026-02-28 02:00:00,NH4,10,2.5,3.470961206918738,2.1674981311120547,-0.09457321876059188,7.0364956325980685
2026-02-28 03:00:00,NH4,10,4.0,4.232837189337122,2.1380496338185826,0.7157455417055534,7.7499288369686905
2026-02-28 04:00:00,NH4,10,5.8,5.34995925676727,2.092949845769586,1.907056760476301,8.792861753058238
2026-02-28 05:00:00,NH4,10,6.6,6.308411694386029,2.0805830835091785,2.8858525220134306,9.730970866758629
2026-02-28 06:00:00,NH4,10,7.0,6.875496455875134,2.0823029148201413,3.4501081609960016,10.300884750754268
2026-02-28 07:00:00,NH4,10,7.4,7.208376594230929,2.0955091714326906,3.761264007224153,10.655489181237705
2026-02-28 08:00:00,NH4,10,7.7,7.283381962944311,2.0825273091904863,3.857624539325961,10.709139386562661
2026-02-28 09:00:00,NH4,10,7.6,7.371344179316441,2.0298478962298856,4.032244390018279,10.710443968614603
2026-02-28 10:00:00,NH4,10,7.2,7.225459997254038,1.9789476977123919,3.9700910345171536,10.480828959990923
2026-02-28 11:00:00,NH4,10,6.7,7.1294326664715255,1.9884277107188504,3.8584690823390164,10.400396250604034
2026-02-28 12:00:00,NH4,10,6.4,7.219496988155626,1.9375815112885155,4.032175402086018,10.406818574225234
2026-02-28 13:00:00,NH4,10,6.1,7.373594695830267,1.8923015811033148,4.260758594915314,10.48643079674522
2026-02-28 14:00:00,NH4,10,5.5,7.188691652191672,1.8833900338462084,4.090515046514659,10.286868257868685
2026-02-28 15:00:00,NH4,10,4.7,6.451713320418686,1.9431791290338953,3.2551836531579283,9.648242987679444
2026-02-28 16:00:00,NH4,10,4.1,5.919262425320905,1.9402584836255234,2.727537219756919,9.110987630884892
2026-02-28 17:00:00,NH4,10,3.8,4.924996680942563,1.9941432913230785,1.6446309667160985,8.205362395169027
2026-02-28 18:00:00,NH4,10,3.7,4.485024020618411,1.9226435466254208,1.322275386419594,7.647772654817228
2026-02-28 19:00:00,NH4,10,3.6,3.9369580541888483,1.9892503526757026,0.6646412240373176,7.209274884340379
2026-02-28 20:00:00,NH4,10,3.4,3.2724786273599134,2.0775176953133796,-0.1450379814305962,6.689995236150423
2026-02-28 21:00:00,NH4,10,3.3,2.7537039439959368,2.133379985356955,-0.7557061319162539,6.263114019908127
2026-02-28 22:00:00,NH4,10,2.6,2.252197983955191,2.1864804293121916,-1.3445623222633643,5.848958290173746
2026-02-28 23:00:00,NH4,10,2.1,2.1407320319593612,2.2329569142964147,-1.532482092058241,5.813946155976963
2026-03-01 00:00:00,NH4,10,1.9,2.1808401373851956,2.2164097415673827,-1.4651538874931491,5.82683416226354
2026-03-01 01:00:00,NH4,10,2.0,2.394293338732768,2.171983651210056,-1.1786197675077745,5.967206444973311
2026-03-01 02:00:00,NH4,10,2.6,3.0207758419454875,2.159343234922846,-0.5313437795025941,6.57289546339357
2026-03-01 03:00:00,NH4,10,3.9,3.9144123891093408,2.1849770908564077,0.3201250746505502,7.508699703568132
2026-03-01 04:00:00,NH4,10,6.0,4.965275033441449,2.1588479565253818,1.413970144957196,8.516579921925702
2026-03-01 05:00:00,NH4,10,7.3,5.829568347964421,2.1459295324761762,2.299514267041111,9.35962242888773
2026-03-01 06:00:00,NH4,10,8.0,6.675390910555252,2.1487185355476908,3.1407489195793006,10.210032901531203
2026-03-01 07:00:00,NH4,10,8.7,7.249515686936464,2.1079376243503183,3.7819582948801904,10.717073078992737
2026-03-01 08:00:00,NH4,10,9.2,7.620278414940001,2.035393544065849,4.27205603495168,10.968500794928323
2026-03-01 09:00:00,NH4,10,9.2,7.559302993069547,1.9781299016940146,4.305279304782893,10.813326681356202
2026-03-01 10:00:00,NH4,10,8.8,7.388093257445668,1.9348725350596294,4.205227937272578,10.570958577618757
2026-03-01 11:00:00,NH4,10,8.3,7.133860402645732,1.951098194284585,3.92430387304759,10.343416932243874
2026-03-01 12:00:00,NH4,10,8.2,7.293916228333275,1.8928439907045318,4.180187863624321,10.40764459304223
2026-03-01 13:00:00,NH4,10,8.1,7.272706948688686,1.8788180401227086,4.182051272686831,10.363362624690541
2026-03-01 14:00:00,NH4,10,7.8,7.234061032742609,1.8895217308596899,4.125797785478419,10.3423242800068
2026-03-01 15:00:00,NH4,10,7.2,7.2508855880923555,1.8865865823614072,4.1474506601078405,10.354320516076871
2026-03-01 16:00:00,NH4,10,6.5,6.956442248346876,1.884089710847289,3.857114674003086,10.055769822690667
2026-03-01 17:00:00,NH4,10,6.0,6.374956551315909,1.9424333470783282,3.1796536953720596,9.570259407259758
2026-03-01 18:00:00,NH4,10,5.1,5.067508658986415,1.9431565358660807,1.8710161574867121,8.264001160486117
2026-03-01 19:00:00,NH4,10,3.8,3.909907655758466,2.0000088082337277,0.6198931662139842,7.199922145302948
2026-03-01 20:00:00,NH4,10,2.2,2.933418854283535,2.080674602603551,-0.4892908669993066,6.356128575566377
2026-03-01 21:00:00,NH4,10,1.9,2.578833014194188,2.087653817977574,-0.8553575163789215,6.0130235447672975
2026-03-01 22:00:00,NH4,10,1.6,2.431851891883504,2.0855266958777805,-0.998839522835445,5.862543306602452
2026-03-01 23:00:00,NH4,10,1.4,2.4527304646352985,2.117942133547669,-1.0312843450506173,5.936745274321215
2026-03-02 00:00:00,NH4,10,1.9,2.533111954372073,2.1506472137697386,-1.0047027122791472,6.070926621023293
2026-03-02 01:00:00,NH4,10,3.0,2.5080535275742926,2.1475825091281204,-1.0247196999414654,6.04082675509005
2026-03-02 02:00:00,NH4,10,4.9,2.613413828527774,2.194971606263378,-0.9973144637754827,6.224142120831031
2026-03-02 03:00:00,NH4,10,6.7,3.2657356960478174,2.2459212399713113,-0.42880474370498955,6.960276135800624
2026-03-02 04:00:00,NH4,10,7.2,4.153232769544111,2.31368064390068,0.34722811032749235,7.95923742876073
2026-03-02 05:00:00,NH4,10,7.6,4.697280250565796,2.3887040477233095,0.7678620920609518,8.62669840907064
2026-03-02 06:00:00,NH4,10,7.9,6.291780644460731,2.2444217088599436,2.599706933386124,9.983854355535339
2026-03-02 07:00:00,NH4,10,7.7,7.801179581240985,2.0912716592295566,4.361037701808365,11.241321460673607
2026-03-02 08:00:00,NH4,10,7.3,8.86297837498301,1.959912447057137,5.638922399574019,12.087034350392
2026-03-02 09:00:00,NH4,10,6.9,9.183918101935278,1.8589089267188024,6.126012917482848,12.241823286387708
2026-03-02 10:00:00,NH4,10,6.6,9.074191326531125,1.8355492264529543,6.054712849016015,12.093669804046234
2026-03-02 11:00:00,NH4,10,6.3,8.762672933599163,1.8654605419452641,5.6939903420992035,11.831355525099122
2026-03-02 12:00:00,NH4,10,5.8,8.487584055035175,1.8210523783765897,5.491952892605685,11.483215217464664
2026-03-02 13:00:00,NH4,10,5.6,8.215714984334932,1.7891087153357226,5.272631147607669,11.158798821062195
2026-03-02 14:00:00,NH4,10,5.4,7.484330704805217,1.7561150473067124,4.595521451985675,10.373139957624758
2026-03-02 15:00:00,NH4,10,4.8,6.343586917980682,1.7308426893074846,3.4963506940698696,9.190823141891494
2026-03-02 16:00:00,NH4,10,4.2,4.967960562510015,1.7463654282244248,2.0951894330808365,7.840731691939194
2026-03-02 17:00:00,NH4,10,3.7,4.884686880914851,1.7316260630147897,2.0361620072555215,7.73321175457418
2026-03-02 18:00:00,NH4,10,3.4,3.858507473085817,1.6873242127171413,1.0828591431661199,6.634155803005514
2026-03-02 19:00:00,NH4,10,2.8,2.8318876442789334,1.7695645352800722,-0.0790460162567852,5.742821304814652
2026-03-02 20:00:00,NH4,10,2.2,2.215406466543768,1.8985435423043504,-0.9076976605468885,5.338510593634425
2026-03-02 21:00:00,NH4,10,1.9,1.9693905985286684,1.9948296261350942,-1.3121041364635617,5.250885333520898
2026-03-02 22:00:00,NH4,10,1.1,2.054068386629087,2.059589500223823,-1.333956341239102,5.4420931144972755
2026-03-02 23:00:00,NH4,10,1.1,2.2141696691819495,2.0999699206069975,-1.2402808502165614,5.66862018858046
2026-03-03 00:00:00,NH4,10,1.7,1.9509360189242297,2.156571673117573,-1.5966243833541776,5.498496421202637
2026-03-03 01:00:00,NH4,10,2.8,2.4593755857159056,2.1737449930017396,-1.116434927771956,6.035186099203767
2026-03-03 02:00:00,NH4,10,4.2,3.282924876078638,2.2097931021954063,-0.3521847770328055,6.9180345291900815
2026-03-03 03:00:00,NH4,10,4.7,4.270041877126597,2.16995803375187,0.7004609116047709,7.839622842648423
2026-03-03 04:00:00,NH4,10,5.9,5.102807349095275,2.0816759984860544,1.678450331585715,8.527164366604834
2026-03-03 05:00:00,NH4,10,6.8,5.965496455268284,2.039655626035571,2.6102629504397696,9.320729960096799
2026-03-03 06:00:00,NH4,10,7.3,6.177895777575195,1.9515151809640137,2.9676533048893923,9.388138250260997
2026-03-03 07:00:00,NH4,10,7.5,6.389351257429718,1.8520306422917037,3.3427608508598654,9.435941663999571
2026-03-03 08:00:00,NH4,10,7.5,6.2800499837807,1.8025558151588423,3.314845667844404,9.245254299716995
2026-03-03 09:00:00,NH4,10,7.4,6.3270396626820755,1.7878923509644842,3.385956745345499,9.268122580018652
2026-03-03 10:00:00,NH4,10,6.8,6.056473762298622,1.8104220931847212,3.0783294190097554,9.034618105587489
2026-03-03 11:00:00,NH4,10,6.2,5.794496327884297,1.8001466331391531,2.83325511637039,8.755737539398204
2026-03-03 12:00:00,NH4,10,5.9,5.624731715637791,1.7692402300551828,2.714331537197016,8.535131894078567
2026-03-03 13:00:00,NH4,10,5.6,5.725938781258198,1.7304956493406294,2.8792734380928624,8.572604124423533
2026-03-03 14:00:00,NH4,10,5.5,5.877481393299146,1.7203936209818766,3.0474338867839585,8.707528899814333
2026-03-03 15:00:00,NH4,10,5.2,5.515929097824762,1.7082563447835324,2.7058474106558514,8.326010784993674
2026-03-03 16:00:00,NH4,10,4.5,5.076628599333017,1.7096922124142937,2.264184909911504,7.88907228875453
2026-03-03 17:00:00,NH4,10,3.6,4.471271011096925,1.6978656934693228,1.6782819453398887,7.264260076853962
2026-03-03 18:00:00,NH4,10,3.0,3.3907915798681993,1.7096012821460551,0.5784974707379384,6.20308568899846
2026-03-03 19:00:00,NH4,10,2.5,2.8217142447907215,1.7656391223995413,-0.08276211155652424,5.726190601137967
2026-03-03 20:00:00,NH4,10,2.0,2.2991827161752534,1.9046574511562164,-0.8339787909767229,5.432344223327229
2026-03-03 21:00:00,NH4,10,1.6,2.0435294345640633,2.0401902281454993,-1.3125834907352831,5.39964235986341
2026-03-03 22:00:00,NH4,10,0.9,1.9303194054942279,2.101080471152055,-1.5259579695509031,5.386596780539358
2026-03-03 23:00:00,NH4,10,0.9,1.963543975280134,2.2257888263594667,-1.6978786440811886,5.624966594641457
2026-03-04 00:00:00,NH4,10,1.3,2.4413950570412726,2.2190417490815815,-1.2089286201979288,6.091718734280474
2026-03-04 01:00:00,NH4,10,2.6,2.729638866792382,2.1956889867039955,-0.8822695163356906,6.341547249920454
2026-03-04 02:00:00,NH4,10,3.2,3.3495038698332804,2.150138417927886,-0.1874738276580925,6.886481567324653
2026-03-04 03:00:00,NH4,10,3.6,4.040201770534668,2.1005740734429508,0.5847574197210137,7.495646121348322
2026-03-04 04:00:00,NH4,10,5.4,4.916831806804519,2.0414904639324014,1.558579993635719,8.27508361997332
2026-03-04 05:00:00,NH4,10,6.6,5.899565023808252,1.963805038430467,2.6691057355901338,9.130024312026372
2026-03-04 06:00:00,NH4,10,7.6,6.569767519193602,1.9406694217700424,3.377366320381882,9.762168718005322
2026-03-04 07:00:00,NH4,10,8.4,6.988667249500796,1.880164218254161,3.8957971104727016,10.081537388528892
2026-03-04 08:00:00,NH4,10,7.7,7.530132604128212,1.7814009068569898,4.599728112348464,10.460537095907961
2026-03-04 09:00:00,NH4,10,7.3,7.416628114878918,1.7115435839117488,4.601138919344091,10.232117310413745
2026-03-04 10:00:00,NH4,10,7.1,7.382262659118123,1.7003536181765981,4.585180957217618,10.179344361018627
2026-03-04 11:00:00,NH4,10,6.9,7.356753682857034,1.6695984062324816,4.610264304604602,10.103243061109467
2026-03-04 12:00:00,NH4,10,6.7,7.2289385487544084,1.6733766629134947,4.47623393826171,9.981643159247106
2026-03-04 13:00:00,NH4,10,6.7,7.101972641237651,1.653050000689029,4.382705390104199,9.821239892371104
2026-03-04 14:00:00,NH4,10,6.5,7.036800690385123,1.6331195693196392,4.350318998854316,9.72328238191593
2026-03-04 15:00:00,NH4,10,6.5,6.445207617828839,1.6405786770396653,3.7464556940985894,9.143959541559088
2026-03-04 16:00:00,NH4,10,6.0,5.644895832399441,1.6075738375948803,3.000436869555863,8.28935479524302
2026-03-04 17:00:00,NH4,10,5.3,4.826711476172667,1.5740039381781707,2.237474997869576,7.415947954475758
2026-03-04 18:00:00,NH4,10,4.6,3.918226452631301,1.603900973154544,1.279809351792076,6.556643553470526
2026-03-04 19:00:00,NH4,10,3.2,3.188496881314436,1.6460208827334744,0.4807925292178705,5.896201233411001
2026-03-04 20:00:00,NH4,10,2.1,2.5230381378579825,1.7854995325911514,-0.4141085932544617,5.460184868970426
2026-03-04 21:00:00,NH4,10,1.8,2.1471217895697716,1.9093580940065487,-0.993772275071001,5.288015854210544
2026-03-04 22:00:00,NH4,10,1.1,1.815930827261646,2.0346346632211327,-1.5310431937371176,5.16290484826041
2026-03-04 23:00:00,NH4,10,1.2,1.7348611914677394,2.097737370860818,-1.7159167835983062,5.185639166533785
2026-03-05 00:00:00,NH4,10,1.9,2.226576037930354,2.0515108205136325,-1.1481592618145715,5.60131133767528
2026-03-05 01:00:00,NH4,10,2.6,2.6963098344758305,1.9839911432897548,-0.5673555962358163,5.959975265187477
2026-03-05 02:00:00,NH4,10,2.4,3.3454294474866915,1.9907300894564817,0.07067845033077891,6.620180444642604
2026-03-05 03:00:00,NH4,10,3.9,4.303877142470638,2.0193948096059535,0.9819726806688442,7.625781604272431
2026-03-05 04:00:00,NH4,10,5.3,4.968369126557222,1.9707845889473419,1.7264284777388443,8.210309775375599
2026-03-05 05:00:00,NH4,10,5.4,5.920850354116066,1.9273080577245214,2.7504285991592283,9.091272109072904
2026-03-05 06:00:00,NH4,10,6.0,7.161155899352494,1.9102896716588795,4.018729389473637,10.30358240923135
2026-03-05 07:00:00,NH4,10,6.9,7.993558858744356,1.8898172034620906,4.884809559049216,11.102308158439495
2026-03-05 08:00:00,NH4,10,7.6,8.214996208093904,1.7828591717858526,5.282192870506176,11.147799545681632
2026-03-05 09:00:00,NH4,10,7.1,8.292127798229357,1.7346827022018738,5.438574753107275,11.145680843351439
2026-03-05 10:00:00,NH4,10,6.7,7.798477997705335,1.6895107770974958,5.019232769379955,10.577723226030717
2026-03-05 11:00:00,NH4,10,6.6,7.446006608343092,1.6901038862517987,4.665785715458883,10.226227501227301
2026-03-05 12:00:00,NH4,10,6.8,7.442532021719201,1.6070268826172034,4.798972799813901,10.0860912436245
2026-03-05 13:00:00,NH4,10,6.9,7.45858285330767,1.5774335495990859,4.863704664217174,10.053461042398165
2026-03-05 14:00:00,NH4,10,7.1,7.433885642682732,1.5693490858785035,4.852306396412594,10.01546488895287
2026-03-05 15:00:00,NH4,10,6.5,6.369036875509009,1.634867670136419,3.679679558134599,9.05839419288342
2026-03-05 16:00:00,NH4,10,6.0,5.75977392609812,1.5802226348465627,3.1603076917755244,8.359240160420715
2026-03-05 17:00:00,NH4,10,5.5,5.30434128159392,1.5111989907202559,2.8184189418590986,7.790263621328741
2026-03-05 18:00:00,NH4,10,4.6,3.9688825426751286,1.5190486962840286,1.4700474372879015,6.467717648062356
2026-03-05 19:00:00,NH4,10,3.3,3.3269722302175446,1.598453380218014,0.6975164197589114,5.956428040676178
2026-03-05 20:00:00,NH4,10,2.4,2.6610934517982727,1.764876166766862,-0.24212784253321518,5.56431474612976
2026-03-05 21:00:00,NH4,10,2.2,2.162565926843711,1.874901028468344,-0.9216462649867152,5.246778118674137
2026-03-05 22:00:00,NH4,10,1.7,1.6034632167315288,2.0584992548144014,-1.7827680574381617,4.989694490901219
2026-03-05 23:00:00,NH4,10,1.8,2.026473928540126,2.043577100270978,-1.3352104014056332,5.388158258485885
2026-03-06 00:00:00,NH4,10,2.2,2.140993371346858,2.0877519051392888,-1.2933585126072722,5.575345255300988
2026-03-06 01:00:00,NH4,10,2.5,2.04498384550042,2.122578281522197,-1.446657427603594,5.536625118604434
2026-03-06 02:00:00,NH4,10,2.1,2.8709629606697025,2.0329383891858646,-0.4732206895410447,6.215146610880449
2026-03-06 03:00:00,NH4,10,3.6,4.194326330271608,2.0217345271114806,0.868573033173222,7.520079627369993
2026-03-06 04:00:00,NH4,10,5.3,4.984792984241252,1.9027417607349266,1.8547827878322973,8.114803180650206
2026-03-06 05:00:00,NH4,10,5.5,5.240532056727999,1.8944120889577578,2.1242241703924876,8.35683994306351
2026-03-06 06:00:00,NH4,10,5.8,6.043919172973686,1.8768527638247354,2.9564963764819963,9.131341969465375
2026-03-06 07:00:00,NH4,10,5.5,6.727854002592958,1.8340983859305025,3.710762157737281,9.744945847448633
2026-03-06 08:00:00,NH4,10,5.1,7.206435181675033,1.8033677180740224,4.239895285443266,10.1729750779068
2026-03-06 09:00:00,NH4,10,5.0,7.165193585571254,1.7496589681130366,4.287004583025309,10.043382588117199
2026-03-06 10:00:00,NH4,10,5.0,7.078714450697509,1.7615991062984495,4.18088392083656,9.976544980558458
2026-03-06 11:00:00,NH4,10,4.9,6.731239248935379,1.760259624770438,3.835612166188009,9.62686633168275
2026-03-06 12:00:00,NH4,10,4.8,6.559079207449837,1.7158676827664927,3.736476869298957,9.381681545600717
2026-03-06 13:00:00,NH4,10,4.7,6.802723864287684,1.6405455557016801,4.104026425158421,9.501421303416947
2026-03-06 14:00:00,NH4,10,4.3,6.795289716779046,1.6309393001626522,4.112394568011483,9.47818486554661
2026-03-06 15:00:00,NH4,10,3.6,6.161880767041496,1.674323116455448,3.4076192404722843,8.916142293610708
2026-03-06 16:00:00,NH4,10,3.7,5.752100953673037,1.6442140873310271,3.0473687800134974,8.456833127332576
2026-03-06 17:00:00,NH4,10,4.0,5.294143597239409,1.5799840988618477,2.6950697546116698,7.893217439867149
2026-03-06 18:00:00,NH4,10,3.0,4.247036855184645,1.5624865442258722,1.6767464899330857,6.817327220436205
2026-03-06 19:00:00,NH4,10,2.6,3.8471259224847563,1.6654536752147744,1.1074546267564522,6.586797218213061
2026-03-06 20:00:00,NH4,10,2.2,3.3101383197005396,1.8469481559070355,0.2719086032334661,6.348368036167614
2026-03-06 21:00:00,NH4,10,2.0,2.674096715399634,1.9975962262704974,-0.6119490768153346,5.960142507614602
2026-03-06 22:00:00,NH4,10,1.4,1.7646067864674078,2.177459664418246,-1.8173143615006069,5.346527934435422
2026-03-06 23:00:00,NH4,10,1.1,2.188018564728211,2.1792075986167063,-1.3967779349962712,5.772815064452693
2026-03-07 00:00:00,NH4,10,1.1,2.3716989065510923,2.200542931602149,-1.248194215934443,5.991592029036628
2026-03-07 01:00:00,NH4,10,1.5,2.2376074171280487,2.211452934157239,-1.4002326595606096,5.875447493816707
2026-03-07 02:00:00,NH4,10,2.4,2.723924986184649,2.194377308402723,-0.8858256861378306,6.333675658507128
2026-03-07 03:00:00,NH4,10,4.0,3.428899303937433,2.173914084999705,-0.14718936588708198,7.004987973761947
2026-03-07 04:00:00,NH4,10,5.8,4.274099845780679,2.0409083557631686,0.9168056005502665,7.631394091011091
2026-03-07 05:00:00,NH4,10,7.2,5.267294628981022,1.967272072413076,2.0311320698615116,8.503457188100532
2026-03-07 06:00:00,NH4,10,8.0,6.143825565828347,1.929735455701835,2.969410741198829,9.318240390457866
2026-03-07 07:00:00,NH4,10,8.6,6.4297761613802,1.856478966459434,3.375868261554431,9.48368406120597
2026-03-07 08:00:00,NH4,10,8.7,6.600273699617857,1.800801707941165,3.6379548900546403,9.562592509181073
2026-03-07 09:00:00,NH4,10,8.5,6.80094835699934,1.76559688847004,3.8965414754661247,9.705355238532556
2026-03-07 10:00:00,NH4,10,8.0,6.783460763625174,1.7540652673669652,3.8980233988065156,9.668898128443832
2026-03-07 11:00:00,NH4,10,7.3,6.884594295278099,1.719362175434177,4.056243516688878,9.71294507386732
2026-03-07 12:00:00,NH4,10,6.7,7.3623152302690205,1.703538479671071,4.559994431210109,10.164636029327932
2026-03-07 13:00:00,NH4,10,6.3,7.492238206265917,1.6917948941674534,4.709235605360456,10.275240807171379
2026-03-07 14:00:00,NH4,10,5.9,6.816680395310504,1.6327479769421303,4.1308099732407,9.502550817380309
2026-03-07 15:00:00,NH4,10,5.1,6.8787935001786495,1.5951615984227376,4.254752670773247,9.502834329584052
2026-03-07 16:00:00,NH4,10,3.9,6.201327103922156,1.5473535240823721,3.6559305568066542,8.746723651037659
2026-03-07 17:00:00,NH4,10,3.7,5.517394471986272,1.4998163760438203,3.050196533394187,7.984592410578356
2026-03-07 18:00:00,NH4,10,4.0,4.367879209670829,1.4973866141692989,1.9046782293623328,6.8310801899793265
2026-03-07 19:00:00,NH4,10,3.7,3.553376654786807,1.5942248195139794,0.930876826686311,6.175876482887303
2026-03-07 20:00:00,NH4,10,2.7,2.7607271898217487,1.7703018231903769,-0.15141930932642111,5.6728736889699185
2026-03-07 21:00:00,NH4,10,2.5,2.1939523125500893,1.9343442686928107,-0.9880440094495846,5.375948634549763
2026-03-07 22:00:00,NH4,10,2.0,1.8151795449499029,2.0575268805463445,-1.5694521735488338,5.199811263448639
2026-03-07 23:00:00,NH4,10,1.5,1.7594309763802052,2.1626696737895257,-1.7981606370035648,5.317022589763975
2026-03-08 00:00:00,NH4,10,1.3,1.9495855861216431,2.198139323896045,-1.666353601687351,5.565524773930637
2026-03-08 01:00:00,NH4,10,1.7,2.330104992662526,2.200004859375438,-1.2889030010100702,5.9491129863351215
2026-03-08 02:00:00,NH4,10,2.7,2.991793512219906,2.178886725195288,-0.5924751507263433,6.576062175166156
2026-03-08 03:00:00,NH4,10,4.3,3.7539843193725715,2.2095590385369155,0.11925970097934568,7.388708937765797
2026-03-08 04:00:00,NH4,10,6.5,4.898773011545488,2.1256454117964982,1.4020863091402487,8.395459713950729
2026-03-08 05:00:00,NH4,10,8.0,6.181379481664187,2.127514496545901,2.6816181348461803,9.681140828482194
2026-03-08 06:00:00,NH4,10,8.8,7.51078921823915,2.071541655486461,4.103103194963921,10.918475241514379
2026-03-08 07:00:00,NH4,10,9.6,8.589429992184538,1.9737326521393674,5.342639779415279,11.836220204953797
2026-03-08 08:00:00,NH4,10,10.1,9.124187056936787,1.870043966095187,6.047964732710204,12.20040938116337
2026-03-08 09:00:00,NH4,10,10.0,9.127730408037309,1.8123292530302206,6.146448786802596,12.109012029272021
2026-03-08 10:00:00,NH4,10,9.5,8.834838602454626,1.7747384683260292,5.9153938220583075,11.754283382850945
2026-03-08 11:00:00,NH4,10,9.2,8.366951632107908,1.7266627546474325,5.526591400712881,11.207311863502934
2026-03-08 12:00:00,NH4,10,8.8,7.739719123958208,1.7003320801058925,4.942672852184015,10.536765395732402
2026-03-08 13:00:00,NH4,10,8.6,7.8891541879689076,1.6742327816724514,5.135041262117725,10.643267113820091
2026-03-08 14:00:00,NH4,10,8.2,7.630699647232374,1.7225324649784217,4.79713374234287,10.464265552121878
2026-03-08 15:00:00,NH4,10,7.6,7.365532176054826,1.6416556721090958,4.6650085954353635,10.066055756674288
2026-03-08 16:00:00,NH4,10,6.9,6.415379898584661,1.6326702550034482,3.7296373291039884,9.101122468065332
2026-03-08 17:00:00,NH4,10,6.2,6.077537765186462,1.6037032365866684,3.439445941001393,8.715629589371531
2026-03-08 18:00:00,NH4,10,5.2,4.884645420736515,1.6306729557861157,2.2021884084683543,7.567102433004676
2026-03-08 19:00:00,NH4,10,3.4,3.8961633118847367,1.787732764927349,0.9553429135792477,6.836983710190226
2026-03-08 20:00:00,NH4,10,2.3,3.1501625801466093,1.9295628853471134,-0.023968366249392137,6.324293526542611
2026-03-08 21:00:00,NH4,10,1.9,2.654174994072397,2.0571084050871917,-0.7297683322960333,6.0381183204408275
2026-03-08 22:00:00,NH4,10,1.0,2.2316824112828524,2.1404024576278715,-1.2892796315149964,5.752644454080701
2026-03-08 23:00:00,NH4,10,1.0,2.0754523411624515,2.2017418573233747,-1.5464130141345,5.697317696459403
2026-03-09 00:00:00,NH4,10,1.4,2.2022134817636427,2.2717229906661185,-1.5347708378821223,5.939197801409408
2026-03-09 01:00:00,NH4,10,2.4,2.495551388837667,2.3039270196561916,-1.2944085584967686,6.285511336172102
2026-03-09 02:00:00,NH4,10,4.2,2.925145867069199,2.333469915693687,-0.9134121442469163,6.763703878385314
2026-03-09 03:00:00,NH4,10,6.3,3.733582169044529,2.3766855405229266,-0.17606554511568495,7.643229883204743
2026-03-09 04:00:00,NH4,10,7.2,4.7706143229639295,2.348456818560666,0.9074028564316339,8.633825789496225
2026-03-09 05:00:00,NH4,10,7.8,6.05741618113353,2.3293594328915543,2.2256199140269235,9.889212448240137
2026-03-09 06:00:00,NH4,10,8.1,7.512371558775799,2.2658926291243793,3.784978183866195,11.239764933685404
2026-03-09 07:00:00,NH4,10,8.1,8.939452736592791,2.1344512179575683,5.428280483052591,12.450624990132992
2026-03-09 08:00:00,NH4,10,7.6,9.367787437953398,2.026155029107997,6.034762415070743,12.700812460836053
2026-03-09 09:00:00,NH4,10,7.1,9.476404803359495,1.960701413704797,6.251050977815105,12.701758628903885
2026-03-09 10:00:00,NH4,10,6.7,9.229587820854741,1.9252638866230816,6.062528727359772,12.39664691434971
2026-03-09 11:00:00,NH4,10,6.6,9.109982157401886,1.9058804608764677,5.974808799260096,12.245155515543676
2026-03-09 12:00:00,NH4,10,6.3,8.716406837728625,1.8849420616272767,5.615677146351755,11.817136529105495
2026-03-09 13:00:00,NH4,10,6.0,8.376284401241529,1.8637308759352447,5.3104471103280515,11.442121692155006
2026-03-09 14:00:00,NH4,10,5.9,7.862268946088443,1.8197632260113015,4.868758439299853,10.855779452877034
2026-03-09 15:00:00,NH4,10,5.4,6.301135835472869,1.8548181215226431,3.249960025568121,9.352311645377617
2026-03-09 16:00:00,NH4,10,4.9,5.9260012646752935,1.8146612145781171,2.940883566694291,8.911118962656296
2026-03-09 17:00:00,NH4,10,4.3,5.26768197093279,1.7400438047798703,2.405309912069903,8.130054029795676
2026-03-09 18:00:00,NH4,10,3.5,3.7677122982782887,1.7626643126021162,0.8681295040478076,6.66729509250877
2026-03-09 19:00:00,NH4,10,2.8,3.2408959842986103,1.8331310390917517,0.22539542499267862,6.2563965436045414
2026-03-09 20:00:00,NH4,10,2.2,2.4784639938129125,1.994394609651621,-0.802315139064004,5.759243126689829
2026-03-09 21:00:00,NH4,10,1.9,2.066274167300039,2.1255109533125367,-1.4301913508990838,5.562739685499162
2026-03-09 22:00:00,NH4,10,1.2,1.9645543115049529,2.212818500489688,-1.6755321218005836,5.60464074481049
2026-03-09 23:00:00,NH4,10,1.1,2.2108168258726977,2.3135536692070997,-1.5949789599729813,6.016612611718377
2026-03-10 00:00:00,NH4,10,0.8,2.1613637543265334,2.3573342134131456,-1.716451026738091,6.039178535391158
2026-03-10 01:00:00,NH4,10,2.0,2.53564993831009,2.383686645471165,-1.3855145934899764,6.456814470110157
2026-03-10 02:00:00,NH4,10,2.1,3.207994549175228,2.4000275512644826,-0.740050772654846,7.156039871005302
2026-03-10 03:00:00,NH4,10,3.8,3.977077078221199,2.4056435893905634,0.019793373673722137,7.9343607827686755
2026-03-10 04:00:00,NH4,10,5.3,4.875843610937415,2.301596999499915,1.0897165467600551,8.661970675114775
2026-03-10 05:00:00,NH4,10,5.4,5.858869513591971,2.2293006490510536,2.1916699459029876,9.526069081280955
2026-03-10 06:00:00,NH4,10,4.5,6.316757415280977,2.1677974809736704,2.750730559079289,9.882784271482665
2026-03-10 07:00:00,NH4,10,3.6,6.733724327874059,2.075355037009335,3.3197652919937024,10.147683363754416
2026-03-10 08:00:00,NH4,10,4.3,6.647264554982672,1.9950131132296118,3.365467983719961,9.929061126245383
2026-03-10 09:00:00,NH4,10,5.6,6.403388155484807,1.9524970201674672,3.1915305573093233,9.61524575366029
2026-03-10 10:00:00,NH4,10,5.0,6.218494503552773,1.9153685487675658,3.067713240830127,9.369275766275418
2026-03-10 11:00:00,NH4,10,3.7,5.935201327026258,1.871793011799045,2.856101822616829,9.014300831435687
2026-03-10 12:00:00,NH4,10,2.6,6.028021940267931,1.781454412483012,3.097529431733376,8.958514448802486
2026-03-10 13:00:00,NH4,10,1.8,5.99806549942117,1.717090014833627,3.1734524250198533,8.822678573822486
2026-03-10 14:00:00,NH4,10,2.3,5.811079131015708,1.6689455504117907,3.065663700588312,8.556494561443104
2026-03-10 15:00:00,NH4,10,3.0,5.7035061493714725,1.6433796123124564,3.0001466871174816,8.406865611625463
2026-03-10 16:00:00,NH4,10,2.4,5.096468654380667,1.622625760146403,2.427249278939834,7.765688029821499
2026-03-10 17:00:00,NH4,10,2.4,4.413269398542324,1.5819513824761728,1.8109593743690198,7.0155794227156285
2026-03-10 18:00:00,NH4,10,1.3,3.311332104590767,1.689743054605214,0.5317047797651901,6.090959429416344
2026-03-10 19:00:00,NH4,10,0.7,2.7095547463722887,1.820566845432004,-0.285277714363358,5.704387207107935
2026-03-10 20:00:00,NH4,10,0.3,1.987772339961331,2.017351451636378,-1.330770797980511,5.306315477903173
2026-03-10 21:00:00,NH4,10,0.3,1.9476741163264575,2.146481872709472,-1.5832885642806236,5.4786367969335386
2026-03-10 22:00:00,NH4,10,0.3,1.32536723605984,2.285965025930225,-2.4350452315953803,5.08577970371506
2026-03-10 23:00:00,NH4,10,0.5,1.9180321169074546,2.3380532165604357,-1.9280654243344624,5.764129658149372
2026-03-11 00:00:00,NH4,10,1.2,2.0346271354508128,2.346412512401323,-1.8252214474493638,5.894475718350989
2026-03-11 01:00:00,NH4,10,1.4,2.032833767744722,2.3849260708296014,-1.8903696187699723,5.956037154259416
2026-03-11 02:00:00,NH4,10,1.1,2.14081197038531,2.44242234655383,-1.8769727896957402,6.1585967304663605
2026-03-11 03:00:00,NH4,10,3.1,2.634194375834,2.407493915480052,-1.3261331151306854,6.594521866798685
2026-03-11 04:00:00,NH4,10,4.7,3.9037562729725064,2.222165685893152,0.24829371967827152,7.559218826266742
2026-03-11 05:00:00,NH4,10,5.9,4.87870096587739,2.119833739419987,1.3915744645315113,8.36582746722327
2026-03-11 06:00:00,NH4,10,5.2,4.893806937634946,2.041758815908349,1.5351136854657121,8.25250018980418
2026-03-11 07:00:00,NH4,10,4.4,4.860046584280536,2.0383282473661466,1.5069966173632245,8.213096551197847
2026-03-11 08:00:00,NH4,10,3.8,5.193975171575416,1.9446192963539835,1.9950764290731131,8.392873914077718
2026-03-11 09:00:00,NH4,10,4.6,5.059659275741858,1.953280897344484,1.8465121996101814,8.272806351873534
2026-03-11 10:00:00,NH4,10,5.2,5.361560413831349,1.9999871566972107,2.071581541064437,8.651539286598261
2026-03-11 11:00:00,NH4,10,5.6,5.192872991604677,2.0591258309524823,1.8056109996878438,8.58013498352151
2026-03-11 12:00:00,NH4,10,4.9,4.927673649601862,1.970841405789815,1.6856395370776158,8.169707762126107
2026-03-11 13:00:00,NH4,10,4.4,5.485984018509707,1.9278716063193053,2.3146352261144494,8.657332810904965
2026-03-11 14:00:00,NH4,10,4.0,4.920633194121898,1.936669935001892,1.7348111510437851,8.10645523720001
2026-03-11 15:00:00,NH4,10,2.6,4.664042342322853,1.8706487201696462,1.586825197643785,7.741259487001921
2026-03-11 16:00:00,NH4,10,1.2,3.8287515467166235,1.7885675814496722,0.8865578752319125,6.7709452182013345
2026-03-11 17:00:00,NH4,10,0.4,3.155173123220528,1.7457145098768176,0.2834727544731628,6.026873491967893
2026-03-11 18:00:00,NH4,10,1.1,2.428337970266159,1.7995158753035942,-0.5318656446082537,5.388541585140572
2026-03-11 19:00:00,NH4,10,0.9,1.8922668536086595,1.8891145661690179,-1.215326607739375,4.999860314956694
2026-03-11 20:00:00,NH4,10,0.4,1.5892057868176794,1.9697640157696836,-1.6510560191234502,4.829467592758809
2026-03-11 21:00:00,NH4,10,0.3,1.1625016634996652,2.0545050136326797,-2.217159083926093,4.542162410925423
2026-03-11 22:00:00,NH4,10,0.3,0.9956484174256341,2.164843505274296,-2.565519148750583,4.556815983601851
2026-03-11 23:00:00,NH4,10,0.7,1.3101404584924388,2.226338355092809,-2.352186135635232,4.972467052620109
2026-03-12 00:00:00,NH4,10,1.2,1.5326394961132743,2.192305679763003,-2.073703347096866,5.138982339323414
2026-02-12 19:00:00,NH4,16,5.5,3.06144563393473,2.3168520622105797,-0.7497760084016738,6.872667276271134
2026-02-12 20:00:00,NH4,16,6.6,3.380820717290828,2.415551174996413,-0.5927609655782717,7.354402400159928
2026-02-12 21:00:00,NH4,16,8.0,2.719818363356201,2.1080905692280805,-0.7479906230239912,6.187627349736394
2026-02-12 22:00:00,NH4,16,8.4,3.0002475957121613,2.5422843142254394,-1.1818101011886863,7.182305292613009
2026-02-12 23:00:00,NH4,16,9.2,3.5271054915088076,2.25092341866491,-0.17566353219496955,7.229874515212584
2026-02-13 00:00:00,NH4,16,9.4,4.9650062125338525,2.4190217321426917,0.9857154631591247,8.94429696190858
2026-02-13 01:00:00,NH4,16,9.1,5.5185817077022,2.0768075862809683,2.1022332282700074,8.934930187134393
2026-02-13 02:00:00,NH4,16,8.7,6.330699907921156,1.8747991036465523,3.2466553824225777,9.414744433419735
2026-02-13 03:00:00,NH4,16,8.2,6.972484384632898,1.8417359929493644,3.9428286762311933,10.002140093034601
2026-02-13 04:00:00,NH4,16,7.4,7.486011610139282,1.7567764514474482,4.596114347508229,10.375908872770335
2026-02-13 05:00:00,NH4,16,6.8,7.412276153705124,1.780128230563853,4.483965214427585,10.340587092982663
2026-02-13 06:00:00,NH4,16,6.3,7.4570013708713905,1.8522492106291066,4.410051419386511,10.50395132235627
2026-02-13 07:00:00,NH4,16,5.8,6.312527162914751,2.0832120887319054,2.8856432769507667,9.739411048878736
2026-02-13 08:00:00,NH4,16,6.2,5.262458232174342,2.4262691081001044,1.2712455493496697,9.253670914999013
2026-02-13 09:00:00,NH4,16,6.8,4.695038030595796,2.342954121106219,0.840878501376066,8.549197559815527
2026-02-13 10:00:00,NH4,16,6.6,2.433467419366214,2.228440712019622,-1.232317551906064,6.099252390638492
2026-02-13 11:00:00,NH4,16,5.8,1.993065106076589,2.440458580962625,-2.0214892596069296,6.0076194717601075
2026-02-13 12:00:00,NH4,16,4.8,3.231892642598526,2.6272976680269897,-1.090012021305872,7.553797306502924
2026-02-13 13:00:00,NH4,16,3.9,2.975506795275004,2.4723934364271916,-1.0915804076477262,7.042593998197734
2026-02-13 14:00:00,NH4,16,3.2,2.058705359729757,2.258002602447492,-1.6557089212963678,5.773119640755882
2026-02-13 15:00:00,NH4,16,3.0,1.0444278649385192,2.6735121528725707,-3.3534996265368595,5.4423553564138984
2026-02-13 16:00:00,NH4,16,2.3,0.8934462851264295,2.3767151207645103,-3.01625008853119,4.803142658784049
2026-02-13 17:00:00,NH4,16,1.8,2.6118007620956076,2.3071840637287737,-1.1835170227382252,6.407118546929441
2026-02-13 18:00:00,NH4,16,1.5,2.3829637794606775,2.1578660506694556,-1.1667258738905768,5.932653432811932
2026-02-13 19:00:00,NH4,16,1.4,1.9527162059007772,1.894366685367613,-1.1635169915289463,5.0689494033305005
2026-02-13 20:00:00,NH4,16,1.7,2.445809184464589,1.8737737204419098,-0.6365485856623527,5.528166954591531
2026-02-13 21:00:00,NH4,16,2.6,3.476260082400719,1.980678133307849,0.2180445531093076,6.7344756116921305
2026-02-13 22:00:00,NH4,16,4.2,4.166465788764066,1.9841885731332394,0.9024755859598872,7.430455991568245
2026-02-13 23:00:00,NH4,16,6.3,4.753931900332855,1.9735580874995673,1.507428846396067,8.000434954269643
2026-02-14 00:00:00,NH4,16,8.2,5.771497352575617,2.1170326180245294,2.288978695925266,9.254016009225968
2026-02-14 01:00:00,NH4,16,8.7,6.476700163413424,2.0944641697028556,3.0313066042522268,9.922093722574623
2026-02-14 02:00:00,NH4,16,8.9,6.890454785724888,2.057762703227975,3.5054351389148692,10.275474432534907
2026-02-14 03:00:00,NH4,16,9.2,6.567028321865602,2.0000918833181753,3.276877173807204,9.857179469924
2026-02-14 04:00:00,NH4,16,9.2,6.6499553404868905,1.9161863442337728,3.497828804222334,9.802081876751448
2026-02-14 05:00:00,NH4,16,8.5,6.378408954689101,1.9077578244527043,3.240147333464403,9.5166705759138
2026-02-14 06:00:00,NH4,16,7.9,6.628640895486956,1.7588887439817624,3.735268911636956,9.522012879336955
2026-02-14 07:00:00,NH4,16,7.5,6.186172247860561,1.7599047210987318,3.2911289816531477,9.081215514067974
2026-02-14 08:00:00,NH4,16,7.3,5.610442415639197,1.765782894931804,2.7057295534763792,8.515155277802014
2026-02-14 09:00:00,NH4,16,6.6,4.8622112645586855,1.7434246285023618,1.9942777506723002,7.730144778445071
2026-02-14 10:00:00,NH4,16,5.9,4.293584339435009,1.7276946473006383,1.451526644625459,7.135642034244559
2026-02-14 11:00:00,NH4,16,6.3,3.8957400718462543,1.7351450102323827,1.0414265300139847,6.750053613678524
2026-02-14 12:00:00,NH4,16,6.9,3.4594248261323837,1.7484261932101404,0.5832637383017025,6.335585913963065
2026-02-14 13:00:00,NH4,16,7.0,3.0223057006577605,1.7113155191717662,0.20719167162020513,5.837419729695316
2026-02-14 14:00:00,NH4,16,5.9,2.5701012947855757,1.6801993871017893,-0.19382669699686783,5.334029286568019
2026-02-14 15:00:00,NH4,16,5.1,2.1582208195902535,1.6702731825120471,-0.5893785656420643,4.905820204822572
2026-02-14 16:00:00,NH4,16,2.7,2.560331281065073,1.775125563413316,-0.3597502707498319,5.480412832879978
2026-02-14 17:00:00,NH4,16,1.8,2.4704447166453556,1.7783252887490946,-0.4549003833469052,5.395789816637617
2026-02-14 18:00:00,NH4,16,1.8,1.8205471942991143,1.7351077148321603,-1.0337049965997893,4.674799385198018
2026-02-14 19:00:00,NH4,16,2.0,2.775185063582781,1.8453295988881353,-0.2603821265882016,5.810752253753764
2026-02-14 20:00:00,NH4,16,2.1,3.07392606721363,1.8157076484313357,0.08708698554408256,6.060765148883178
2026-02-14 21:00:00,NH4,16,3.1,3.2875412287617514,1.7286617798054538,0.44389260098177985,6.131189856541723
2026-02-14 22:00:00,NH4,16,5.0,4.06984612096905,1.7195271955513514,1.241223884287077,6.898468357651023
2026-02-14 23:00:00,NH4,16,7.5,4.6948625525957,1.736288847802656,1.8386673979603314,7.551057707231069
2026-02-15 00:00:00,NH4,16,9.6,7.237644516338834,1.7381979996379653,4.378308806934381,10.096980225743287
2026-02-15 01:00:00,NH4,16,9.9,7.690547833272779,1.7287749924569953,4.846712970681022,10.534382695864537
2026-02-15 02:00:00,NH4,16,10.1,7.8494186701809685,1.7245542733957868,5.012526890444899,10.686310449917038
2026-02-15 03:00:00,NH4,16,10.1,7.934024183287727,1.714758951812114,5.1132457075568,10.754802659018655
2026-02-15 04:00:00,NH4,16,9.9,7.958085704593762,1.7070549825856882,5.149980258240305,10.766191150947218
2026-02-15 05:00:00,NH4,16,9.6,7.857235711035357,1.7053535200437724,5.051929170563351,10.662542251507363
2026-02-15 06:00:00,NH4,16,9.2,7.748088348433321,1.715032401333248,4.926860048240128,10.569316648626515
2026-02-15 07:00:00,NH4,16,9.1,7.6115707679549,1.7264050814992598,4.771634408888618,10.451507127021182
2026-02-15 08:00:00,NH4,16,9.2,7.271496132386559,1.7060909074067079,4.464976589702524,10.078015675070592
2026-02-15 09:00:00,NH4,16,8.9,5.952691664006295,1.6746122958838918,3.197954437277293,8.707428890735297
2026-02-15 10:00:00,NH4,16,8.1,4.745615525635299,1.6712669231354806,1.9963814370774329,7.494849614193164
2026-02-15 11:00:00,NH4,16,7.3,3.997182403585377,1.6817088655406045,1.2307713197710828,6.763593487399671
2026-02-15 12:00:00,NH4,16,6.3,3.4327884369476305,1.6801371674533678,0.6689627964868405,6.19661407740842
2026-02-15 13:00:00,NH4,16,5.6,2.600764574437167,1.68772733664206,-0.1755468943390217,5.377076043213355
2026-02-15 14:00:00,NH4,16,5.5,2.2884726364475343,1.6764760970044341,-0.4693305431247601,5.046275816019829
2026-02-15 15:00:00,NH4,16,5.4,2.1272215885468233,1.6685973393871614,-0.6176210347450573,4.872064211838704
2026-02-15 16:00:00,NH4,16,4.7,1.9602567155123507,1.6702970180618744,-0.7873818791994325,4.707895310224134
2026-02-15 17:00:00,NH4,16,3.9,1.4944562236315269,1.6670014439521146,-1.2477611516697016,4.2366735989327555
2026-02-15 18:00:00,NH4,16,3.7,1.5372179664861363,1.6769808895912999,-1.2214155968915519,4.295851529863825
2026-02-15 19:00:00,NH4,16,3.7,2.565522227400166,1.793663706081654,-0.38505456910415514,5.516099023904487
2026-02-15 20:00:00,NH4,16,4.1,3.1407578145080963,1.811379728849361,0.16103816055089748,6.120477468465295
2026-02-15 21:00:00,NH4,16,6.5,3.71704766628562,1.7556313609654848,0.8290340774973974,6.605061255073842
2026-02-15 22:00:00,NH4,16,7.6,4.155210627210435,1.8609277315562438,1.093984508800414,7.216436745620456
2026-02-15 23:00:00,NH4,16,8.3,4.524047254840063,1.834124365534518,1.5069126735357807,7.541181836144346
2026-02-16 00:00:00,NH4,16,8.6,6.095610232148362,1.96632990956208,2.86099753091874,9.330222933377984
2026-02-16 01:00:00,NH4,16,8.9,6.917064610492158,1.7962164285658169,3.962288585501389,9.871840635482927
2026-02-16 02:00:00,NH4,16,8.9,7.150482192751156,1.8124445790857757,4.169010860155055,10.131953525347257
2026-02-16 03:00:00,NH4,16,8.7,7.606303339988648,1.7906538310538684,4.660677787905035,10.551928892072262
2026-02-16 04:00:00,NH4,16,8.1,8.318485638772277,1.7522333071958134,5.4360618484351635,11.200909429109391
2026-02-16 05:00:00,NH4,16,8.4,8.09198025420301,1.7482032428163572,5.216185919770103,10.967774588635917
2026-02-16 06:00:00,NH4,16,8.3,7.949021502046577,1.7294990155568133,5.103995621455619,10.794047382637535
2026-02-16 07:00:00,NH4,16,7.9,7.5600877854860355,1.7843184399645329,4.624883951744379,10.495291619227693
2026-02-16 08:00:00,NH4,16,7.8,6.975407930701865,1.7501746578841724,4.096370618482402,9.854445242921328
2026-02-16 09:00:00,NH4,16,7.5,5.365488421106916,1.731821595456127,2.5166418965815867,8.214334945632245
2026-02-16 10:00:00,NH4,16,6.8,4.362583843431548,1.735574969464231,1.5075630186628874,7.217604668200208
2026-02-16 11:00:00,NH4,16,6.5,3.5856571542052578,1.7731123574332053,0.6688873262276349,6.502426982182881
2026-02-16 12:00:00,NH4,16,5.8,3.8340041032741947,1.7687884517428933,0.9243471001571351,6.743661106391254
2026-02-16 13:00:00,NH4,16,5.1,3.142602407938334,1.738643265132324,0.2825342367956609,6.002670579081007
2026-02-16 14:00:00,NH4,16,4.9,2.6779394454905,1.7277393721851009,-0.16419182175399127,5.5200707127349915
2026-02-16 15:00:00,NH4,16,4.9,2.3628349909645174,1.7255314382065445,-0.4756642248852483,5.201334206814283
2026-02-16 16:00:00,NH4,16,4.7,2.1313148756350264,1.7370205494385174,-0.7260839281913345,4.988713679461387
2026-02-16 17:00:00,NH4,16,4.9,1.6781737839564648,1.717915969046379,-1.1477979851248286,4.504145553037758
2026-02-16 18:00:00,NH4,16,5.9,1.600661011606811,1.727508011602461,-1.2410896674792375,4.442411690692859
2026-02-16 19:00:00,NH4,16,5.9,2.0929358853914395,1.7672327962568786,-0.8141620644511258,5.000033835234005
2026-02-16 20:00:00,NH4,16,6.9,2.7691496253791685,1.8184659955469835,-0.22222693729561938,5.760526188053957
2026-02-16 21:00:00,NH4,16,9.7,3.6517441315771886,1.833453082339757,0.6357138111282881,6.667774452026089
2026-02-16 22:00:00,NH4,16,10.8,4.328762897885397,1.8924294664275503,1.2157164256120772,7.441809370158717
2026-02-16 23:00:00,NH4,16,11.1,4.849194308597659,1.8983012964425798,1.7264886759496152,7.971899941245703
2026-02-17 00:00:00,NH4,16,12.3,6.711585594850261,1.8724240695936192,3.6314480003687573,9.791723189331766
2026-02-17 01:00:00,NH4,16,14.5,6.99326356679372,1.9010561944939324,3.8660261268512013,10.120501006736239
2026-02-17 02:00:00,NH4,16,13.9,6.974460091591111,1.8709661887097204,3.896720711163621,10.052199472018602
2026-02-17 03:00:00,NH4,16,12.0,7.3843035667008206,1.8155897065677329,4.397658499396901,10.37094863400474
2026-02-17 04:00:00,NH4,16,10.8,7.420933971927894,1.8121230490940354,4.439991556168206,10.401876387687583
2026-02-17 05:00:00,NH4,16,9.8,7.006111653688283,1.9165461692018053,3.853393205351313,10.158830102025252
2026-02-17 06:00:00,NH4,16,9.4,7.158366034490942,1.7655405066787202,4.254051901004447,10.062680167977437
2026-02-17 07:00:00,NH4,16,9.1,7.05969060853776,1.7513961527947985,4.178643937190317,9.940737279885205
2026-02-17 08:00:00,NH4,16,8.6,6.1677761165841485,1.7577518052019356,3.2762743970269645,9.059277836141332
2026-02-17 09:00:00,NH4,16,7.9,5.696902022053986,1.763667809011237,2.795668476230501,8.59813556787747
2026-02-17 10:00:00,NH4,16,7.1,4.913892774952585,1.762685584135765,2.014274989049252,7.813510560855919
2026-02-17 11:00:00,NH4,16,6.3,4.437395039540531,1.8082593533779492,1.462808403233805,7.411981675847258
2026-02-17 12:00:00,NH4,16,5.9,3.639661577821003,1.7763144098584092,0.7176243736039196,6.561698782038086
2026-02-17 13:00:00,NH4,16,5.7,3.5286736346206276,1.7703646376177216,0.6164238057394757,6.440923463501779
2026-02-17 14:00:00,NH4,16,5.2,3.129084983886133,1.7380852842446413,0.2699346913036984,5.9882352764685685
2026-02-17 15:00:00,NH4,16,4.9,2.023127137081966,1.7215915478267703,-0.8088909590930711,4.855145233257003
2026-02-17 16:00:00,NH4,16,4.1,1.8093602553147972,1.7291823345311914,-1.035144684989013,4.653865195618607
2026-02-17 17:00:00,NH4,16,3.9,1.9113987037360958,1.8094667517151029,-1.0651741028352486,4.88797151030744
2026-02-17 18:00:00,NH4,16,4.0,1.7669079972463462,1.7749497703440493,-1.1528843749696152,4.686700369462308
2026-02-17 19:00:00,NH4,16,4.7,2.057209351972663,1.7942481371456287,-0.8943288336318962,5.0087475375772215
2026-02-17 20:00:00,NH4,16,6.2,2.394183305997138,1.8258834089229647,-0.6093949016811391,5.397761513675414
2026-02-17 21:00:00,NH4,16,7.9,3.387556210086363,1.7946422492119978,0.4353697101326266,6.339742710040099
2026-02-17 22:00:00,NH4,16,8.4,4.329783233015245,1.8680305932976886,1.2568729070405475,7.402693558989943
2026-02-17 23:00:00,NH4,16,8.4,4.654997133462504,1.820527358170988,1.6602296292712286,7.64976463765378
2026-02-18 00:00:00,NH4,16,8.6,6.950571049018724,1.832302439322231,3.9364335363336544,9.964708561703794
2026-02-18 01:00:00,NH4,16,8.5,7.123608417603842,1.8859120801796387,4.021283045708336,10.225933789499347
2026-02-18 02:00:00,NH4,16,7.8,7.289961016159255,1.85038555297879,4.246076781509146,10.333845250809365
2026-02-18 03:00:00,NH4,16,7.0,6.869833045974511,1.962407550186332,3.641672625917995,10.097993466031028
2026-02-18 04:00:00,NH4,16,6.5,7.480998975167421,1.86144861725671,4.418915999780133,10.54308195055471
2026-02-18 05:00:00,NH4,16,6.1,6.836556863712029,2.0745252848129168,3.423962770194781,10.249150957229277
2026-02-18 06:00:00,NH4,16,5.7,6.820164794538828,2.0273332375462156,3.485201618775303,10.155127970302352
2026-02-18 07:00:00,NH4,16,5.6,6.113518810125626,1.9431542188889752,2.917030120053262,9.31000750019799
2026-02-18 08:00:00,NH4,16,5.3,4.873804979448307,2.476402557209392,0.8001227728388569,8.947487186057757
2026-02-18 09:00:00,NH4,16,4.9,4.581880417938851,2.4303821747078667,0.5839017405444098,8.57985909533329
2026-02-18 10:00:00,NH4,16,4.3,2.593795015217999,2.228212608988887,-1.0716147265687201,6.259204757004718
2026-02-18 11:00:00,NH4,16,4.1,1.6326483576510347,2.6258642240304595,-2.6868982908790713,5.952195006181141
2026-02-18 12:00:00,NH4,16,4.7,1.5972824389802542,2.491514316829278,-2.5012586122039084,5.6958234901644165
2026-02-18 13:00:00,NH4,16,4.4,4.095981769354625,2.2595335813108974,0.37904902809819907,7.812914510611051
2026-02-18 14:00:00,NH4,16,3.4,3.7431742467180986,2.159673330288639,0.19051161839328756,7.29583687504291
2026-02-18 15:00:00,NH4,16,3.1,2.538131686526137,2.0031013917673577,-0.7569701029311662,5.833233475983441
2026-02-18 16:00:00,NH4,16,2.4,2.0645959200086397,1.9691252407954052,-1.174615101099802,5.303806941117081
2026-02-18 17:00:00,NH4,16,2.2,2.281622814148392,2.032021631538565,-1.0610527697325476,5.624298398029332
2026-02-18 18:00:00,NH4,16,2.5,2.4498821643182267,2.049281648437397,-0.9211861473612912,5.820950475997744
2026-02-18 19:00:00,NH4,16,3.6,2.566912789260085,2.0292410886441097,-0.7711888015594752,5.9050143800796455
2026-02-18 20:00:00,NH4,16,4.4,3.415483074167114,2.092277526135069,-0.026313456325074647,6.857279604659302
2026-02-18 21:00:00,NH4,16,4.8,4.402704595670263,2.199452561201718,0.7846051324934371,8.020804058847089
2026-02-18 22:00:00,NH4,16,5.5,4.575546350543839,2.089971020542636,1.1375440217512036,8.013548679336475
2026-02-18 23:00:00,NH4,16,6.5,5.078232956072675,2.0612614148295667,1.6874579286780378,8.469007983467312
2026-02-19 00:00:00,NH4,16,7.5,6.563046006629412,2.0838532493386013,3.1351074114674127,9.99098460179141
2026-02-19 01:00:00,NH4,16,7.7,6.896384689115517,1.9661067733034183,3.6621390470313937,10.13063033119964
2026-02-19 02:00:00,NH4,16,7.7,6.894322178797479,1.9654392900823774,3.661174546611968,10.12746981098299
2026-02-19 03:00:00,NH4,16,7.5,7.044774772534639,1.9639414454010025,3.81409109484999,10.275458450219288
2026-02-19 04:00:00,NH4,16,7.6,7.042048271936318,1.979909859946878,3.785096552323704,10.298999991548932
2026-02-19 05:00:00,NH4,16,7.3,6.934306399283938,1.9704520714443923,3.6929127417579126,10.175700056809962
2026-02-19 06:00:00,NH4,16,7.2,6.576808827338432,1.9063422499130356,3.4408758262314887,9.712741828445376
2026-02-19 07:00:00,NH4,16,7.0,6.137045477713228,1.8867033594874723,3.033418451356336,9.240672504070119
2026-02-19 08:00:00,NH4,16,6.8,5.5691884867471355,1.902197319037626,2.4400738969302407,8.69830307656403
2026-02-19 09:00:00,NH4,16,6.5,5.227097901878602,1.8981619115034354,2.1046215574554505,8.349574246301753
2026-02-19 10:00:00,NH4,16,5.8,4.252668772677623,1.899493110672018,1.1280026056221533,7.3773349397330925
2026-02-19 11:00:00,NH4,16,5.0,3.8040921735208917,1.8868230720541947,0.7002682199917412,6.907916127050042
2026-02-19 12:00:00,NH4,16,4.1,3.5208352051007923,1.854647348708568,0.46994031647519785,6.571730093726387
2026-02-19 13:00:00,NH4,16,3.3,3.124423906717258,1.8298318163206102,0.11435056886985429,6.1344972445646615
2026-02-19 14:00:00,NH4,16,2.6,2.697803378614681,1.8043979543377229,-0.2704312562708733,5.666038013500235
2026-02-19 15:00:00,NH4,16,2.5,2.4126333227702634,1.7930185377148495,-0.5368821717706642,5.362148817311191
2026-02-19 16:00:00,NH4,16,1.7,2.1664432997935124,1.8066614462210733,-0.8055147792401534,5.138401378827178
2026-02-19 17:00:00,NH4,16,1.7,2.147634763340987,1.83599876213649,-0.8725832003735392,5.167852727055513
2026-02-19 18:00:00,NH4,16,2.1,2.241774289467337,1.8479976731710182,-0.7981818828989877,5.2817304618336625
2026-02-19 19:00:00,NH4,16,3.0,2.834840659834263,1.8401349764514718,-0.19218137642840816,5.861862696096934
2026-02-19 20:00:00,NH4,16,4.7,3.648877828089692,1.8903561102099549,0.5392420267943163,6.758513629385067
2026-02-19 21:00:00,NH4,16,5.8,3.4975872766021343,1.8478062483437268,0.45794599807670355,6.537228555127565
2026-02-19 22:00:00,NH4,16,6.4,4.745228433154723,1.8598558599445096,1.6857655435460042,7.804691322763441
2026-02-19 23:00:00,NH4,16,6.7,5.22559775243734,1.8790664359277112,2.1345334653362547,8.316662039538425
2026-02-20 00:00:00,NH4,16,7.1,6.8953421313034955,1.8745669044535624,3.8116795734773854,9.979004689129606
2026-02-20 01:00:00,NH4,16,7.4,7.4928245631673365,1.8409868899126418,4.464401129261041,10.521247997073633
2026-02-20 02:00:00,NH4,16,7.1,7.696172995884928,1.821745665048112,4.699401376880784,10.692944614889072
2026-02-20 03:00:00,NH4,16,6.9,7.898635331271572,1.809297676060209,4.922340654152528,10.874930008390615
2026-02-20 04:00:00,NH4,16,7.1,7.81148892793458,1.839077120218185,4.786207065175665,10.836770790693494
2026-02-20 05:00:00,NH4,16,7.7,8.236070688728997,1.7946684160299342,5.283841144359755,11.18830023309824
2026-02-20 06:00:00,NH4,16,8.3,7.954672896485084,1.8091052592367787,4.978694745040583,10.930651047929585
2026-02-20 07:00:00,NH4,16,8.3,5.781811471921177,1.9236164960505224,2.6174623359180678,8.946160607924286
2026-02-20 08:00:00,NH4,16,8.1,5.650689143386274,1.8198278956240115,2.6570722550847754,8.644306031687773
2026-02-20 09:00:00,NH4,16,7.8,4.671044654369579,1.8159704699014034,1.6837732313817706,7.658316077357387
2026-02-20 10:00:00,NH4,16,7.1,4.117841327808375,1.7931918574823704,1.1680407222498759,7.067641933366875
2026-02-20 11:00:00,NH4,16,6.4,3.328227369256311,1.8012999592906251,0.36508893622323235,6.2913658022893895
2026-02-20 12:00:00,NH4,16,6.0,2.9948673712265386,1.801293146905801,0.03174014456649621,5.9579945978865805
2026-02-20 13:00:00,NH4,16,6.0,2.2861509041755945,1.7989630391223415,-0.6731432951806573,5.245445103531846
2026-02-20 14:00:00,NH4,16,5.4,2.0090818509589052,1.7854392868716484,-0.9279657759449567,4.946129477862767
2026-02-20 15:00:00,NH4,16,5.2,1.6646620018141123,1.7779818804918763,-1.2601181915950241,4.589442195223249
2026-02-20 16:00:00,NH4,16,2.6,1.4955452926593558,1.7818203982425218,-1.4355492624495927,4.426639847768304
2026-02-20 17:00:00,NH4,16,1.1,1.4444352294601412,1.7786326221123927,-1.481415433914745,4.370285892835027
2026-02-20 18:00:00,NH4,16,0.8,1.6165338170566008,1.7763195703412844,-1.3055118761548121,4.538579510268014
2026-02-20 19:00:00,NH4,16,0.7,2.0854414951169447,1.7731845573202853,-0.8314471016749247,5.002330091908814
2026-02-20 20:00:00,NH4,16,1.4,2.6867389821603256,1.776046301541596,-0.23485718387559995,5.608335148196251
2026-02-20 21:00:00,NH4,16,2.6,3.579322775647058,1.7590551238751104,0.6856770968725012,6.472968454421615
2026-02-20 22:00:00,NH4,16,4.3,4.275598133247796,1.7878323596372692,1.3346139016444885,7.216582364851105
2026-02-20 23:00:00,NH4,16,6.1,4.761397093908522,1.8376173417606403,1.7385165667122693,7.784277621104776
2026-02-21 00:00:00,NH4,16,6.9,7.61665447423755,1.8756977800300854,4.53113162608806,10.70217732238704
2026-02-21 01:00:00,NH4,16,7.6,7.781305181845371,1.8210748070991263,4.785637124167309,10.776973239523434
2026-02-21 02:00:00,NH4,16,8.0,7.768994964138668,1.7964920503470672,4.813765541317743,10.724224386959593
2026-02-21 03:00:00,NH4,16,8.1,7.628489283360069,1.791920960743542,4.680779302936942,10.576199263783195
2026-02-21 04:00:00,NH4,16,7.8,7.348997039132459,1.7999747121085206,4.388038637713942,10.309955440550976
2026-02-21 05:00:00,NH4,16,7.6,7.174200511215794,1.7872679218376077,4.2341447797929295,10.114256242638659
2026-02-21 06:00:00,NH4,16,7.4,7.2551010204894295,1.700614815582024,4.457589648857001,10.052612392121858
2026-02-21 07:00:00,NH4,16,7.2,6.498489263315936,1.6998304998387566,3.702268091081182,9.29471043555069
2026-02-21 08:00:00,NH4,16,6.8,5.479807443323596,1.7634560329285682,2.578922269156101,8.380692617491091
2026-02-21 09:00:00,NH4,16,6.1,5.037209513849369,1.7283571462525122,2.1940620082639866,7.880357019434752
2026-02-21 10:00:00,NH4,16,5.3,4.063023704988759,1.737398919105437,1.2050024830603152,6.921044926917203
2026-02-21 11:00:00,NH4,16,4.8,3.4258656478305904,1.7384425103786327,0.5661277182577398,6.285603577403441
2026-02-21 12:00:00,NH4,16,4.5,3.066591815072283,1.7455315255314376,0.19519245557306775,5.937991174571498
2026-02-21 13:00:00,NH4,16,3.7,2.7109703257055284,1.7477765381046626,-0.1641220794766416,5.586062730887699
2026-02-21 14:00:00,NH4,16,2.7,2.0972418001221707,1.7411426622822934,-0.7669378793322021,4.9614214795765434
2026-02-21 15:00:00,NH4,16,2.6,1.3215969234597216,1.7173654140100714,-1.503469182586846,4.146663029506289
2026-02-21 16:00:00,NH4,16,3.4,1.1241494685626496,1.7346535470613338,-1.7293556163532444,3.9776545534785437
2026-02-21 17:00:00,NH4,16,5.0,1.213488094856076,1.761309196649098,-1.6838655336316901,4.110841723343842
2026-02-21 18:00:00,NH4,16,6.0,1.3877400880957058,1.7698832125008535,-1.523717796468198,4.299197972659609
2026-02-21 19:00:00,NH4,16,4.8,1.7589753162425916,1.7781301288719966,-1.166048745751843,4.683999378237026
2026-02-21 20:00:00,NH4,16,3.6,2.275166851459874,1.789502606185019,-0.6685649357144823,5.218898638634231
2026-02-21 21:00:00,NH4,16,3.4,2.7928293220491143,1.8888036385337863,-0.3142526633389644,5.899911307437193
2026-02-21 22:00:00,NH4,16,4.5,3.5548304279968934,1.7825238360311495,0.6225787177256525,6.487082138268134
2026-02-21 23:00:00,NH4,16,6.9,4.190437455423302,1.8089441678327425,1.2147242993384406,7.166150611508163
2026-02-22 00:00:00,NH4,16,9.6,5.8581787410885235,2.0983234072806822,2.406436736111801,9.309920746065245
2026-02-22 01:00:00,NH4,16,10.9,6.809275971785739,1.866833352296224,3.738335107258451,9.880216836313028
2026-02-22 02:00:00,NH4,16,12.6,6.986531912431677,1.81795970880984,3.99598819143949,9.977075633423864
2026-02-22 03:00:00,NH4,16,13.7,7.501970235238646,1.8029091548483405,4.536184675513127,10.467755794964166
2026-02-22 04:00:00,NH4,16,11.7,7.650534580150863,1.7793879745927814,4.723441361945738,10.577627798355987
2026-02-22 05:00:00,NH4,16,9.7,7.619253008375785,1.7865023395595387,4.680456659800344,10.558049356951226
2026-02-22 06:00:00,NH4,16,8.4,6.691645589445118,1.8462006818977181,3.6546454677233715,9.728645711166864
2026-02-22 07:00:00,NH4,16,7.4,6.672006984394878,1.8372620082551405,3.649710980815172,9.694302987974584
2026-02-22 08:00:00,NH4,16,6.6,6.017651956337219,1.8194841405299125,3.024600545165513,9.010703367508924
2026-02-22 09:00:00,NH4,16,6.1,5.153481336366086,1.8174155116416915,2.1638328197155037,8.143129853016669
2026-02-22 10:00:00,NH4,16,5.3,3.9719124360337905,1.8136356085390146,0.9884818599871115,6.955343012080469
2026-02-22 11:00:00,NH4,16,4.8,3.1183375973172667,1.822998006804991,0.11950587612305652,6.117169318511477
2026-02-22 12:00:00,NH4,16,4.5,2.4212507309164257,1.800522435205518,-0.5406086749966517,5.383110136829503
2026-02-22 13:00:00,NH4,16,4.4,2.064168495699789,1.8006744957886704,-0.8979410498725735,5.0262780412721515
2026-02-22 14:00:00,NH4,16,3.6,1.6868361773718796,1.8053552662868206,-1.2829732356699404,4.656645590413699
2026-02-22 15:00:00,NH4,16,3.4,1.3248458020765075,1.8040057273971573,-1.6427436194918161,4.292435223644831
2026-02-22 16:00:00,NH4,16,3.3,0.9806127187846712,1.790805036592004,-1.9652615664091755,3.926487003978518
2026-02-22 17:00:00,NH4,16,3.6,0.8399702101332966,1.7883053360288181,-2.101792067634109,3.7817324879007024
2026-02-22 18:00:00,NH4,16,3.6,1.066605538464783,1.8004670876812623,-1.8951628207708935,4.02837389770046
2026-02-22 19:00:00,NH4,16,3.7,1.656103883010599,1.8127686868027628,-1.325900606779946,4.638108372801144
2026-02-22 20:00:00,NH4,16,4.1,2.2521336369549236,1.8173344088846863,-0.7373814656603854,5.241648739570232
2026-02-22 21:00:00,NH4,16,4.8,2.9220021059488728,1.8165008314885587,-0.06614176184980636,5.910145973747552
2026-02-22 22:00:00,NH4,16,5.7,3.5520021347065116,1.8323216276009888,0.5378330573028851,6.566171212110138
2026-02-22 23:00:00,NH4,16,6.2,4.337711042433544,1.8455682495190704,1.3017512719746733,7.373670812892415
2026-02-23 00:00:00,NH4,16,6.2,6.133915348429764,1.9044332631219303,3.001122630594189,9.26670806626534
2026-02-23 01:00:00,NH4,16,6.3,6.292022704237235,1.9814969316144453,3.0324602517314725,9.551585156742998
2026-02-23 02:00:00,NH4,16,7.1,7.48837506561991,1.892926762678125,4.374510541014395,10.602239590225425
2026-02-23 03:00:00,NH4,16,7.5,7.453523542207347,1.956883146714225,4.234450765862447,10.672596318552248
2026-02-23 04:00:00,NH4,16,7.8,6.85746704808731,1.9396557745935343,3.666733298880946,10.048200797293674
2026-02-23 05:00:00,NH4,16,7.2,6.330561496652991,1.8909751992714745,3.2199072938514153,9.441215699454567
2026-02-23 06:00:00,NH4,16,6.1,6.086614775010979,1.9123517995516093,2.940796064748582,9.232433485273376
2026-02-23 07:00:00,NH4,16,5.0,6.069145292205851,1.990780829640577,2.7943108274471022,9.3439797569646
2026-02-23 08:00:00,NH4,16,4.0,6.152843005392432,2.041158810647969,2.795136761876523,9.51054924890834
2026-02-23 09:00:00,NH4,16,3.5,4.990109180943767,2.077201910350777,1.5731120384167387,8.407106323470796
2026-02-23 10:00:00,NH4,16,3.8,4.334504801371357,2.5379212589302114,0.15962433043115887,8.509385272311555
2026-02-23 11:00:00,NH4,16,3.8,2.9268819709668885,2.1006658840438597,-0.5287134082852605,6.3824773502190375
2026-02-23 12:00:00,NH4,16,3.4,1.4026637249302383,2.392285565369385,-2.5326460301024003,5.337973479962876
2026-02-23 13:00:00,NH4,16,2.9,1.4017264894485613,2.6482922322517384,-2.9547142326055487,5.758167211502672
2026-02-23 14:00:00,NH4,16,2.7,1.310147376636703,2.2488181986766382,-2.3891585601863667,5.009453313459773
2026-02-23 15:00:00,NH4,16,2.5,2.452726601703977,2.2186443717297935,-1.1969433897915334,6.1023965931994875
2026-02-23 16:00:00,NH4,16,1.8,1.5340449317007603,2.0046557181562767,-1.7636137246663148,4.831703588067835
2026-02-23 17:00:00,NH4,16,1.6,1.2234256516349955,1.9250789408355782,-1.9433292060395306,4.390180509309522
2026-02-23 18:00:00,NH4,16,1.9,1.068508183942301,1.893292137191152,-2.045957381737144,4.1829737496217465
2026-02-23 19:00:00,NH4,16,2.8,1.6291968434754212,1.9121431224736918,-1.516278592993802,4.774672279944644
2026-02-23 20:00:00,NH4,16,3.9,2.928226079659341,2.0283060478963018,-0.40833736913007534,6.264789528448757
2026-02-23 21:00:00,NH4,16,3.9,3.2338061923118184,1.9531734398084124,0.020835883826979984,6.446776500796657
2026-02-23 22:00:00,NH4,16,4.6,4.290935701913645,2.0241894204482684,0.9611441052762433,7.620727298551046
2026-02-23 23:00:00,NH4,16,5.9,5.326477050206943,2.199293434680758,1.7086393501570964,8.94431475025679
2026-02-24 00:00:00,NH4,16,6.2,6.548847719610856,2.0568365213035404,3.1653516420665317,9.93234379715518
2026-02-24 01:00:00,NH4,16,6.4,6.586656336429786,2.0338330520880974,3.2410009657448655,9.932311707114707
2026-02-24 02:00:00,NH4,16,6.0,7.182716591466865,1.989337443092406,3.910256497579857,10.455176685353873
2026-02-24 03:00:00,NH4,16,5.5,7.079239372771897,1.9766550621081127,3.827641795604052,10.330836949939743
2026-02-24 04:00:00,NH4,16,4.8,6.807806408404629,1.95978957649745,3.583952555066323,10.031660261742934
2026-02-24 05:00:00,NH4,16,4.2,6.512966404547232,1.9486481942916747,3.307440124937427,9.718492684157036
2026-02-24 06:00:00,NH4,16,4.1,6.318149737859695,1.9100741355232596,3.1760777849239332,9.460221690795457
2026-02-24 07:00:00,NH4,16,4.8,5.89426520700141,1.8772337116163713,2.806215751392479,8.98231466261034
2026-02-24 08:00:00,NH4,16,4.9,5.160002255041549,1.8453536485112685,2.1243955032405126,8.195609006842586
2026-02-24 09:00:00,NH4,16,4.5,4.487787100087879,1.8108585250741083,1.5089248263409711,7.466649373834787
2026-02-24 10:00:00,NH4,16,4.0,4.295868015094271,1.800645517515288,1.3338061387816222,7.257929891406921
2026-02-24 11:00:00,NH4,16,3.6,3.2510920797719853,1.7881111578663575,0.30964922508182724,6.192534934462143
2026-02-24 12:00:00,NH4,16,3.6,2.532282103832171,1.7835578553240858,-0.4016705681759505,5.466234775840292
2026-02-24 13:00:00,NH4,16,3.7,1.6151520913426383,1.787705361668827,-1.3256232286025822,4.5559274112878585
2026-02-24 14:00:00,NH4,16,3.6,1.2354565152683896,1.8027293070052215,-1.7300331947552,4.200946225291979
2026-02-24 15:00:00,NH4,16,3.1,0.978548779881204,1.798985903866171,-1.9807830319786475,3.9378805917410555
2026-02-24 16:00:00,NH4,16,1.3,0.9635485992456481,1.7903014305513478,-1.9814972540113192,3.9085944525026153
2026-02-24 17:00:00,NH4,16,1.1,0.9858002735381426,1.803497406041218,-1.9809529593996613,3.9525535064759465
2026-02-24 18:00:00,NH4,16,1.4,1.3927192259115206,1.7970811854754665,-1.5634793241956215,4.348917776018663
2026-02-24 19:00:00,NH4,16,2.2,1.9231303880301167,1.8056129952685191,-1.0471029891865975,4.893363765246831
2026-02-24 20:00:00,NH4,16,3.4,2.8866616898108024,1.8149502572161935,-0.09893148330983603,5.872254862931441
2026-02-24 21:00:00,NH4,16,4.4,3.6235331352342257,1.8474974802202693,0.5843997802718826,6.662666490196569
2026-02-24 22:00:00,NH4,16,5.0,4.49350028715047,1.8988470260762742,1.3698969292549985,7.61710364504594
2026-02-24 23:00:00,NH4,16,6.4,5.045203010657724,1.9300877989505636,1.870208581384047,8.220197439931402
2026-02-25 00:00:00,NH4,16,6.5,7.3462031328768065,1.9286917255764024,4.173505244303625,10.518901021449988
2026-02-25 01:00:00,NH4,16,6.3,7.479628539367749,1.9004265197434556,4.353426914389765,10.605830164345733
2026-02-25 02:00:00,NH4,16,6.4,7.4694286544767445,1.8770594047076095,4.381665933732727,10.557191375220762
2026-02-25 03:00:00,NH4,16,6.5,7.396270369185618,1.8635632937413533,4.330708750981092,10.461831987390145
2026-02-25 04:00:00,NH4,16,6.3,7.530537219915039,1.804085409596513,4.562816721128774,10.498257718701304
2026-02-25 05:00:00,NH4,16,5.7,7.0846017946277335,1.9069534336494625,3.947663396274368,10.221540192981099
2026-02-25 06:00:00,NH4,16,5.7,7.1367902024849865,1.7495196552232226,4.258830369642785,10.014750035327188
2026-02-25 07:00:00,NH4,16,5.8,5.965041023332658,1.7790621816866434,3.0384837344581292,8.891598312207186
2026-02-25 08:00:00,NH4,16,5.7,4.1824502082282855,1.931979909662313,1.004343256833781,7.36055715962279
2026-02-25 09:00:00,NH4,16,5.5,4.475941191336061,1.7738378231750604,1.557977972213087,7.393904410459036
2026-02-25 10:00:00,NH4,16,5.0,3.2504187915528444,1.8160618768362018,0.2629970041572922,6.237840578948397
2026-02-25 11:00:00,NH4,16,4.5,2.496980067793774,1.7659803558261329,-0.40805761754021486,5.402017753127763
2026-02-25 12:00:00,NH4,16,3.6,1.9857360555786374,1.78017457539428,-0.9426511209449533,4.914123232102228
2026-02-25 13:00:00,NH4,16,2.2,1.5722568651185858,1.744395927731976,-1.2972744360005148,4.441788166237687
2026-02-25 14:00:00,NH4,16,1.4,1.153586928506866,1.6999340346152523,-1.642804558435224,3.949978415448956
2026-02-25 15:00:00,NH4,16,1.3,0.9054895475293456,1.753388194165558,-1.9788340318729976,3.789813126931689
2026-02-25 16:00:00,NH4,16,1.1,0.7482639805033644,1.7258288874759402,-2.0907245393945573,3.587252500401286
2026-02-25 17:00:00,NH4,16,1.2,1.0663343494786526,1.7359312050217515,-1.7892724827821285,3.9219411817394336
2026-02-25 18:00:00,NH4,16,1.5,1.1518872676768794,1.7381510101533204,-1.7073711440253325,4.011145679379092
2026-02-25 19:00:00,NH4,16,2.5,2.1298677614380566,1.7735274438169282,-0.7875848836407902,5.047320406516903
2026-02-25 20:00:00,NH4,16,2.9,2.764474513683112,1.800944603130617,-0.19807935846675306,5.727028385832977
2026-02-25 21:00:00,NH4,16,2.9,3.4429931121640633,1.8060243820092885,0.47208300375878354,6.413903220569344
2026-02-25 22:00:00,NH4,16,4.2,4.486064625942607,1.7982712089423571,1.5279084872324296,7.444220764652784
2026-02-25 23:00:00,NH4,16,5.1,4.748200349812106,1.8122166346835085,1.7671039857577346,7.729296713866478
2026-02-26 00:00:00,NH4,16,5.7,7.105434764686549,1.8974303068983813,3.984161909838712,10.226707619534388
2026-02-26 01:00:00,NH4,16,5.5,7.13362398405775,1.7975489176120123,4.17665601458599,10.090591953529511
2026-02-26 02:00:00,NH4,16,5.6,6.629044737554953,1.8241137628670046,3.62837759763873,9.629711877471175
2026-02-26 03:00:00,NH4,16,5.4,7.049886116092182,1.7996167751834318,4.089516520915437,10.010255711268927
2026-02-26 04:00:00,NH4,16,5.0,7.360501528974764,1.7522949821706137,4.477976283304104,10.243026774645424
2026-02-26 05:00:00,NH4,16,4.5,7.437684550920479,1.786155201243633,4.499459244874703,10.375909856966256
2026-02-26 06:00:00,NH4,16,4.4,6.9194164790068715,1.7374477186266226,4.061314981866078,9.777517976147665
2026-02-26 07:00:00,NH4,16,5.0,6.105182144121139,1.7841605485609948,3.1702380417383025,9.040126246503975
2026-02-26 08:00:00,NH4,16,5.0,4.532141110919816,1.8710419533392444,1.4542770976767585,7.610005124162873
2026-02-26 09:00:00,NH4,16,4.2,4.054884509652503,1.8076992311981863,1.0812192743314863,7.028549744973519
2026-02-26 10:00:00,NH4,16,3.9,3.258635455036916,1.82442369490545,0.25745847691745105,6.259812433156381
2026-02-26 11:00:00,NH4,16,4.1,2.363638271489788,1.854614265512015,-0.687202195277477,5.414478738257053
2026-02-26 12:00:00,NH4,16,3.5,1.7509740266321905,1.8306224919883913,-1.2603999726887132,4.762348025953094
2026-02-26 13:00:00,NH4,16,1.8,1.2407441286253613,1.8187465670089569,-1.7510939741043727,4.232582231355096
2026-02-26 14:00:00,NH4,16,1.2,1.0222761127718183,1.7696824881041993,-1.8888515801595895,3.933403805703226
2026-02-26 15:00:00,NH4,16,1.1,0.766961501914591,1.7946424328873016,-2.1852253001850204,3.7191483040142024
2026-02-26 16:00:00,NH4,16,0.9,0.5554840244046026,1.8057227368701472,-2.4149298777467894,3.5258979265559947
2026-02-26 17:00:00,NH4,16,1.0,0.84920884227552,1.7964036234512273,-2.105875118301749,3.804292802852789
2026-02-26 18:00:00,NH4,16,1.4,1.1816112521246769,1.8022840183355653,-1.783145958037328,4.146368462286682
2026-02-26 19:00:00,NH4,16,2.2,1.8383576009375557,1.8176073849060226,-1.1516065472328514,4.828321749107963
2026-02-26 20:00:00,NH4,16,3.9,2.4564612217525683,1.823373459751697,-0.5429881195389732,5.45591056304411
2026-02-26 21:00:00,NH4,16,4.6,3.4068405204667176,1.8765835936720485,0.3198605088761979,6.493820532057237
2026-02-26 22:00:00,NH4,16,4.9,4.574856290754171,1.7927142047900588,1.6258414238745247,7.523871157633819
2026-02-26 23:00:00,NH4,16,5.5,5.079728339395983,1.8215141510247537,2.083337560960263,8.076119117831702
2026-02-27 00:00:00,NH4,16,6.6,6.574385804866148,1.923870693557385,3.40961851396425,9.739153095768046
2026-02-27 01:00:00,NH4,16,7.4,7.851404755673154,1.8091176757300014,4.875406179097302,10.827403332249006
2026-02-27 02:00:00,NH4,16,7.4,7.888867728899302,1.779238692802095,4.962020079239856,10.815715378558748
2026-02-27 03:00:00,NH4,16,7.3,7.655530357097001,1.7572641656895107,4.764830804537755,10.546229909656246
2026-02-27 04:00:00,NH4,16,7.0,7.836095850567947,1.8228500491021937,4.837507519794839,10.834684181341055
2026-02-27 05:00:00,NH4,16,6.8,7.985359009216297,1.7371923775250424,5.127677548187602,10.843040470244992
2026-02-27 06:00:00,NH4,16,6.7,6.8619578472672975,1.7593928390736187,3.9677566269911946,9.7561590675434
2026-02-27 07:00:00,NH4,16,6.4,4.962545173202661,1.9421316178525279,1.7677386618352524,8.157351684570068
2026-02-27 08:00:00,NH4,16,5.9,5.882746685196019,1.8313440155837275,2.8701857795607872,8.895307590831251
2026-02-27 09:00:00,NH4,16,5.4,4.942268807370548,1.7860990990458774,2.0041357894400793,7.880401825301016
2026-02-27 10:00:00,NH4,16,4.9,4.059923584878895,1.7762261580475383,1.1380315548906945,6.981815614867095
2026-02-27 11:00:00,NH4,16,4.6,2.8449331058339347,1.8154681991313648,-0.14151208173716068,5.83137829340503
2026-02-27 12:00:00,NH4,16,3.9,2.2350960844821066,1.7774266043882119,-0.6887706797365021,5.158962848700716
2026-02-27 13:00:00,NH4,16,2.7,1.5936832573605912,1.7701105852024979,-1.3181486552975177,4.5055151700187
2026-02-27 14:00:00,NH4,16,2.0,1.295347713488021,1.752455776552848,-1.5874420389414141,4.178137465917456
2026-02-27 15:00:00,NH4,16,1.8,1.4125262327207746,1.8174944605543317,-1.5772521548911012,4.40230462033265
2026-02-27 16:00:00,NH4,16,1.4,1.3868467524095882,1.8006610393650642,-1.5752406573459425,4.3489341621651185
2026-02-27 17:00:00,NH4,16,1.3,1.1169695357655114,1.7715244583289764,-1.797188198185655,4.031127269716678
2026-02-27 18:00:00,NH4,16,1.4,1.9195935320526314,1.8187233820523496,-1.0722064314234838,4.911393495528746
2026-02-27 19:00:00,NH4,16,1.8,1.7134936849925018,1.8466758603665034,-1.3242881053103963,4.7512754752954
2026-02-27 20:00:00,NH4,16,2.5,2.662116611790671,1.9646251809202666,-0.5696918108231674,5.89392503440451
2026-02-27 21:00:00,NH4,16,4.0,3.708651051754317,1.8457922605973112,0.6723227830717402,6.744979320436894
2026-02-27 22:00:00,NH4,16,5.8,4.6417904848848375,1.8153926648391523,1.655469551224432,7.628111418545243
2026-02-27 23:00:00,NH4,16,6.6,3.0154028795680734,1.9532954368068458,-0.1977681139791878,6.228573873115335
2026-02-28 00:00:00,NH4,16,7.0,6.554396623894316,1.8764397161483763,3.467653290830237,9.641139956958396
2026-02-28 01:00:00,NH4,16,7.4,7.517600380629762,1.832977371807406,4.502352604006579,10.532848157252946
2026-02-28 02:00:00,NH4,16,7.7,7.5454664202840425,1.8191606240364422,4.552947193744095,10.53798564682399
2026-02-28 03:00:00,NH4,16,7.6,7.543182438189012,1.8200171932736122,4.549254155253919,10.537110721124105
2026-02-28 04:00:00,NH4,16,7.2,7.233426133169765,1.8318543774166463,4.220025682319381,10.246826584020148
2026-02-28 05:00:00,NH4,16,6.7,7.632970832935486,1.8753722594541369,4.547983466133431,10.717958199737541
2026-02-28 06:00:00,NH4,16,6.4,7.006371226291669,1.7643603242491372,4.103998492901837,9.9087439596815
2026-02-28 07:00:00,NH4,16,6.1,6.133122080670135,1.7865442225720332,3.19425683453914,9.071987326801128
2026-02-28 08:00:00,NH4,16,5.5,4.146492490604754,1.9795177889952582,0.8901857277075544,7.4027992535019544
2026-02-28 09:00:00,NH4,16,4.7,4.444780495852082,1.8876590619773093,1.339581338899408,7.549979652804756
2026-02-28 10:00:00,NH4,16,4.1,3.268365638805031,1.8787649484477087,0.17779729860854987,6.358933979001511
2026-02-28 11:00:00,NH4,16,3.8,2.5914091673793767,1.91429650629139,-0.5576085854699597,5.740426920228713
2026-02-28 12:00:00,NH4,16,3.7,1.793202170202532,1.8968817261672064,-1.3271682693425224,4.913572609747586
2026-02-28 13:00:00,NH4,16,3.6,1.3999724639382445,1.8877267214491846,-1.7053379928456642,4.505282920722153
2026-02-28 14:00:00,NH4,16,3.4,1.1186883047292255,1.8648966641925155,-1.9490667078674626,4.186443317325914
2026-02-28 15:00:00,NH4,16,3.3,0.7654581778923859,1.8520310039751606,-2.2811328236467534,3.812049179431525
2026-02-28 16:00:00,NH4,16,2.6,0.8403937489253384,1.8561147767754504,-2.2129150588702777,3.8937025567209544
2026-02-28 17:00:00,NH4,16,2.1,1.1318778974233583,1.8698038326371524,-1.9439494072647576,4.207705202111474
2026-02-28 18:00:00,NH4,16,1.9,1.4798315630504124,1.8659205204046476,-1.5896076930152327,4.549270819116058
2026-02-28 19:00:00,NH4,16,2.0,1.8217177996736869,1.8608222642058634,-1.2393348249449585,4.882770424292332
2026-02-28 20:00:00,NH4,16,2.6,2.466525148465668,1.8663203546380505,-0.6035718349139252,5.536622131845261
2026-02-28 21:00:00,NH4,16,3.9,3.3186415295514085,1.9002926965862632,0.19266004366700562,6.444623015435811
2026-02-28 22:00:00,NH4,16,6.0,4.09589079215477,1.9011185163718713,0.9685508327230417,7.223230751586499
2026-02-28 23:00:00,NH4,16,7.3,4.709950049632359,1.9047182306265462,1.5766885602516902,7.843211539013027
2026-03-01 00:00:00,NH4,16,8.0,7.043527582903067,1.931307109376386,3.866527387978912,10.220527777827222
2026-03-01 01:00:00,NH4,16,8.7,7.580779807866698,1.9152817965797495,4.43014125249301,10.731418363240385
2026-03-01 02:00:00,NH4,16,9.2,7.684084923263852,1.8958861848821842,4.565352149132659,10.802817697395046
2026-03-01 03:00:00,NH4,16,9.2,7.538570375315835,1.8965529770018856,4.418740728147734,10.658400022483937
2026-03-01 04:00:00,NH4,16,8.8,7.330500937682867,1.8860486822466849,4.22795085538707,10.433051019978663
2026-03-01 05:00:00,NH4,16,8.3,6.966396908674051,1.9125801760869579,3.8202025190110054,10.112591298337097
2026-03-01 06:00:00,NH4,16,8.2,6.695028583089286,1.9085297449343621,3.55549715267226,9.834560013506312
2026-03-01 07:00:00,NH4,16,8.1,6.495577663623521,1.8666150776079484,3.4249958609584463,9.566159466288596
2026-03-01 08:00:00,NH4,16,7.8,5.481570639308892,1.8285205057479965,2.4736544073534374,8.489486871264345
2026-03-01 09:00:00,NH4,16,7.2,4.4403389403289015,1.8379093072543757,1.4169781298954534,7.46369975076235
2026-03-01 10:00:00,NH4,16,6.5,3.3782895149136,1.8546916176641337,0.3273218038560999,6.429257225971099
2026-03-01 11:00:00,NH4,16,6.0,2.637753736926509,1.844780329020966,-0.39690990431297957,5.6724173781659974
2026-03-01 12:00:00,NH4,16,5.1,1.925858830350909,1.8369493178629404,-1.095922797533628,4.947640458235446
2026-03-01 13:00:00,NH4,16,3.8,1.4404371689443507,1.8313272312557014,-1.572096126471278,4.4529704643599795
2026-03-01 14:00:00,NH4,16,2.2,1.138001305980735,1.8200641286189378,-1.8560041855974179,4.132006797558888
2026-03-01 15:00:00,NH4,16,1.9,0.8402724955913365,1.8059100585211985,-2.130449550676035,3.810994541858708
2026-03-01 16:00:00,NH4,16,1.6,0.6109177192551187,1.7973968251438044,-2.3458000581064393,3.567635496616677
2026-03-01 17:00:00,NH4,16,1.4,0.7557900510531348,1.7924180780557561,-2.192737687348584,3.7043177894548536
2026-03-01 18:00:00,NH4,16,1.9,1.360131418861129,1.7830398904126044,-1.572969200867605,4.2932320385898635
2026-03-01 19:00:00,NH4,16,3.0,2.11590227637526,1.804923575740572,-0.8531970057179805,5.085001558468501
2026-03-01 20:00:00,NH4,16,4.9,2.8224725888624818,1.842198017984308,-0.2079431507217051,5.852888328446669
2026-03-01 21:00:00,NH4,16,6.7,3.6323179075008336,1.8657660781501673,0.5631327089438085,6.701503106057858
2026-03-01 22:00:00,NH4,16,7.2,4.889779428142494,1.8801167545896407,1.7969873668425347,7.982571489442453
2026-03-01 23:00:00,NH4,16,7.6,5.554017390962514,1.8996991108372168,2.4290123536352923,8.679022428289736
2026-03-02 00:00:00,NH4,16,7.9,7.6171072321549245,1.9011798810949578,4.489666327753719,10.74454813655613
2026-03-02 01:00:00,NH4,16,7.7,7.839203609352094,1.8653976862761668,4.7706244154277995,10.907782803276387
2026-03-02 02:00:00,NH4,16,7.3,7.8976274353633285,1.8288983215971628,4.889089696335995,10.906165174390662
2026-03-02 03:00:00,NH4,16,6.9,7.853854028293227,1.8023741218669884,4.888948597822031,10.818759458764424
2026-03-02 04:00:00,NH4,16,6.6,7.585438556255789,1.7910467415864104,4.639166666346144,10.531710446165434
2026-03-02 05:00:00,NH4,16,6.3,7.233369981062675,1.8063837438244692,4.261868722471423,10.204871239653928
2026-03-02 06:00:00,NH4,16,5.8,6.900985912939253,1.8195043193724265,3.9079013075716107,9.894070518306894
2026-03-02 07:00:00,NH4,16,5.6,6.633467027131035,1.7607050767602894,3.7371071758603587,9.52982687840171
2026-03-02 08:00:00,NH4,16,5.4,5.802515644764977,1.7319931508530684,2.9533869116116795,8.651644377918274
2026-03-02 09:00:00,NH4,16,4.8,4.790161323087235,1.730989304647022,1.9426839169428836,7.637638729231586
2026-03-02 10:00:00,NH4,16,4.2,3.7997431689146905,1.739247064927749,0.9386817471085434,6.660804590720838
2026-03-02 11:00:00,NH4,16,3.7,2.8979008935604074,1.7392066989212762,0.036905873834907954,5.758895913285906
2026-03-02 12:00:00,NH4,16,3.4,2.20545969776043,1.7413534163449758,-0.659066672127055,5.069986067647916
2026-03-02 13:00:00,NH4,16,2.8,1.762273713870332,1.732926620053851,-1.0883905761182529,4.6129380038589165
2026-03-02 14:00:00,NH4,16,2.2,1.6036811767484644,1.7125801006416501,-1.2135130888070502,4.420875442303979
2026-03-02 15:00:00,NH4,16,1.9,1.1796515010584547,1.7183942334962545,-1.647107013042884,4.006410015159793
2026-03-02 16:00:00,NH4,16,1.1,0.8600149227455463,1.7074477157865005,-1.948736569723247,3.6687664152143395
2026-03-02 17:00:00,NH4,16,1.1,0.7565605817978853,1.7133655387498208,-2.0619257294455697,3.5750468930413404
2026-03-02 18:00:00,NH4,16,1.7,1.2378833716776287,1.7342365762133611,-1.6149357961933504,4.090702539548608
2026-03-02 19:00:00,NH4,16,2.8,1.917514300859166,1.7515282015051967,-0.9637495906168827,4.798778192335215
2026-03-02 20:00:00,NH4,16,4.2,2.6368546430762345,1.749905070546979,-0.24173919797354593,5.515448484126015
2026-03-02 21:00:00,NH4,16,4.7,3.4384307885611634,1.7506184445369575,0.5586634472978682,6.3181981298244585
2026-03-02 22:00:00,NH4,16,5.9,4.12355013020975,1.7687833744369323,1.2139014792609966,7.033198781158504
2026-03-02 23:00:00,NH4,16,6.8,5.004455135952789,1.8259096987065448,2.0008336815805223,8.008076590325055
2026-03-03 00:00:00,NH4,16,7.3,6.656929376217519,1.7877826260861782,3.716026956305756,9.597831796129283
2026-03-03 01:00:00,NH4,16,7.5,7.265608358443198,1.773894378261456,4.3475521062031035,10.183664610683293
2026-03-03 02:00:00,NH4,16,7.5,7.919362024971378,1.801862515252338,4.955298187381283,10.883425862561474
2026-03-03 03:00:00,NH4,16,7.4,7.6485356261998945,1.7902991094455243,4.703493591162006,10.593577661237783
2026-03-03 04:00:00,NH4,16,6.8,7.2337834181301774,1.803506601926899,4.267015057960428,10.200551778299927
2026-03-03 05:00:00,NH4,16,6.2,7.3711836008457965,1.7685854209934648,4.461860583311546,10.280506618380047
2026-03-03 06:00:00,NH4,16,5.9,7.13107002310317,1.7314596846158041,4.2828188419101725,9.979321204296168
2026-03-03 07:00:00,NH4,16,5.6,6.2488201176791645,1.7436168611074836,3.3805703811573538,9.117069854200976
2026-03-03 08:00:00,NH4,16,5.5,5.2808076436483,1.757229224803625,2.3901655688463372,8.171449718450264
2026-03-03 09:00:00,NH4,16,5.2,4.432360178149777,1.778848678773391,1.5061541015675486,7.358566254732005
2026-03-03 10:00:00,NH4,16,4.5,3.8182992689402697,1.7699447338984085,0.9067401816773879,6.7298583562031515
2026-03-03 11:00:00,NH4,16,3.6,3.251330494474756,1.7657071358096221,0.34674225606792763,6.1559187328815845
2026-03-03 12:00:00,NH4,16,3.0,2.7053253485872917,1.748904060166965,-0.17162183038736556,5.582272527561949
2026-03-03 13:00:00,NH4,16,2.5,2.0852853699859955,1.7251469428918902,-0.7525813510711639,4.923152091043155
2026-03-03 14:00:00,NH4,16,2.0,1.411715262156757,1.7094755955570422,-1.4003720925345775,4.223802616848092
2026-03-03 15:00:00,NH4,16,1.6,1.2064601580779022,1.7090672324568867,-1.6049554393136765,4.017875755469481
2026-03-03 16:00:00,NH4,16,0.9,1.063149772515164,1.7273666295290084,-1.778368333060055,3.904667878090383
2026-03-03 17:00:00,NH4,16,0.9,1.3889820837516427,1.7541804018216773,-1.4966446772450166,4.274608844748302
2026-03-03 18:00:00,NH4,16,1.3,1.8293938215973118,1.7553307927898698,-1.058125332542024,4.716912975736648
2026-03-03 19:00:00,NH4,16,2.6,2.408486664294481,1.7623378936315663,-0.49055917072944544,5.307532499318407
2026-03-03 20:00:00,NH4,16,3.2,3.0523797241216193,1.7996542117403862,0.09194854580868395,6.012810902434555
2026-03-03 21:00:00,NH4,16,3.6,3.8201952194213984,1.8142409081239166,0.8357689255575558,6.804621513285241
2026-03-03 22:00:00,NH4,16,5.4,4.768277862842747,1.8186972846688825,1.7765208295624353,7.7600348961230585
2026-03-03 23:00:00,NH4,16,6.6,5.611099843532669,1.8368310200495694,2.589512815551127,8.63268687151421
2026-03-04 00:00:00,NH4,16,7.6,7.715198067273495,1.8386695329350844,4.690586685595282,10.739809448951709
2026-03-04 01:00:00,NH4,16,8.4,7.735254504205059,1.7862338282376566,4.796899856754115,10.673609151656004
2026-03-04 02:00:00,NH4,16,7.7,7.664901421215437,1.7623877633965925,4.765773550428042,10.564029292002832
2026-03-04 03:00:00,NH4,16,7.3,7.640497183172603,1.7436630193774856,4.772171516296639,10.508822850048567
2026-03-04 04:00:00,NH4,16,7.1,7.876053425427761,1.7224397497900616,5.04264003702311,10.709466813832412
2026-03-04 05:00:00,NH4,16,6.9,7.909896610975022,1.7258696222008316,5.070841082454654,10.74895213949539
2026-03-04 06:00:00,NH4,16,6.7,6.944133955317826,1.7253794646743588,4.105884735928505,9.782383174707146
2026-03-04 07:00:00,NH4,16,6.7,5.558942097341081,1.7795800303386635,2.6315329474339797,8.486351247248182
2026-03-04 08:00:00,NH4,16,6.5,4.646337701624394,1.831577140150884,1.63339330607619,7.659282097172598
2026-03-04 09:00:00,NH4,16,6.5,4.231120512626823,1.8114850513573577,1.25122760314397,7.211013422109676
2026-03-04 10:00:00,NH4,16,6.0,3.316976877688423,1.7975923456178886,0.3599374691469963,6.27401628622985
2026-03-04 11:00:00,NH4,16,5.3,2.6036686746575324,1.795787157262286,-0.3504011990389282,5.557738548353993
2026-03-04 12:00:00,NH4,16,4.6,1.875300398770027,1.8047721644504342,-1.0935498117509375,4.844150609290992
2026-03-04 13:00:00,NH4,16,3.2,1.4304779369274137,1.775914642176734,-1.4909016494533138,4.351857523308141
2026-03-04 14:00:00,NH4,16,2.1,1.1716439701210328,1.7366499883477688,-1.6851452607110469,4.0284332009531125
2026-03-04 15:00:00,NH4,16,1.8,0.9178895795495339,1.7438224899717627,-1.9506984164540158,3.7864775755530835
2026-03-04 16:00:00,NH4,16,1.1,1.0683774365140097,1.7578558247799938,-1.82329539524908,3.9600502682770995
2026-03-04 17:00:00,NH4,16,1.2,1.1225729724411952,1.7661577190331403,-1.7827564753683205,4.027902420250711
2026-03-04 18:00:00,NH4,16,1.9,1.4520640062685384,1.7825994386389938,-1.4803120702926067,4.384440082829683
2026-03-04 19:00:00,NH4,16,2.6,2.125983270050709,1.8023848189456921,-0.8389397571149546,5.090906297216373
2026-03-04 20:00:00,NH4,16,2.4,3.0525137119470065,1.845923952443367,0.015968810177667603,6.089058613716345
2026-03-04 21:00:00,NH4,16,3.9,3.839949729034047,1.8470505555586065,0.8015515651401395,6.878347892927955
2026-03-04 22:00:00,NH4,16,5.3,4.6002606901000185,1.8291233727473433,1.5913527419306388,7.609168638269399
2026-03-04 23:00:00,NH4,16,5.4,5.862202017992544,1.8551798346689048,2.8104311899621957,8.913972846022894
2026-03-05 00:00:00,NH4,16,6.0,7.971727746362359,1.8406933734968252,4.943787146960082,10.999668345764636
2026-03-05 01:00:00,NH4,16,6.9,7.985727589065795,1.8041222663045406,5.017946460994826,10.953508717136764
2026-03-05 02:00:00,NH4,16,7.6,8.015339998877081,1.7734174715640743,5.098068258154179,10.932611739599984
2026-03-05 03:00:00,NH4,16,7.1,7.778633876869775,1.7430018197098254,4.9113958834471125,10.645871870292439
2026-03-05 04:00:00,NH4,16,6.7,7.812952240361701,1.8220263672245276,4.815718866277353,10.810185614446048
2026-03-05 05:00:00,NH4,16,6.6,8.254648613791343,1.6652328061224984,5.5153406477198335,10.993956579862852
2026-03-05 06:00:00,NH4,16,6.8,7.137574211623524,1.692609489720485,4.353231601033325,9.921916822213722
2026-03-05 07:00:00,NH4,16,6.9,4.51630644948721,1.9624813774095722,1.2880245836484638,7.744588315325957
2026-03-05 08:00:00,NH4,16,7.1,5.15244450494456,1.7654154190706262,2.2483361405733797,8.056552869315741
2026-03-05 09:00:00,NH4,16,6.5,4.761041863662918,1.7658894271937213,1.8561537559292463,7.665929971396589
2026-03-05 10:00:00,NH4,16,6.0,3.2419485020074257,1.773669370469269,0.324262387585478,6.159634616429374
2026-03-05 11:00:00,NH4,16,5.5,2.637277523845755,1.7754515906005195,-0.2833403426920995,5.557895390383609
2026-03-05 12:00:00,NH4,16,4.6,2.253330098470234,1.7500786658561178,-0.6255493068630802,5.132209503803548
2026-03-05 13:00:00,NH4,16,3.3,1.7228974287015333,1.7576941744318906,-1.1685094882389266,4.614304345641993
2026-03-05 14:00:00,NH4,16,2.4,1.204880591188078,1.7224465461034644,-1.6285439771521208,4.038305159528277
2026-03-05 15:00:00,NH4,16,2.2,1.0825232009347339,1.7209964502235449,-1.7485159596829973,3.913562361552465
2026-03-05 16:00:00,NH4,16,1.7,1.067673215731726,1.7228665650484143,-1.7664422837729155,3.9017887152363673
2026-03-05 17:00:00,NH4,16,1.8,1.0898729524639847,1.7283817660762575,-1.753315052731459,3.9330609576594284
2026-03-05 18:00:00,NH4,16,2.2,1.2928818658518524,1.7421416068626883,-1.5729410774372696,4.158704809140975
2026-03-05 19:00:00,NH4,16,2.5,1.8566188031896087,1.7600721332698936,-1.0386998560393663,4.751937462418583
2026-03-05 20:00:00,NH4,16,2.1,2.5494109992158642,1.7722466349651969,-0.3659347153018846,5.464756713733613
2026-03-05 21:00:00,NH4,16,3.6,3.5568413844815714,1.8046321498759104,0.5882214979356988,6.525461271027444
2026-03-05 22:00:00,NH4,16,5.3,4.493830536630281,1.7852294628267156,1.5571280702803336,7.430533002980228
2026-03-05 23:00:00,NH4,16,5.5,4.931474206029788,1.7851592976327437,1.9948871614239243,7.868061250635651
2026-03-06 00:00:00,NH4,16,5.8,7.3747465522544,1.8295367594410312,4.365158582973903,10.384334521534896
2026-03-06 01:00:00,NH4,16,5.5,7.968292050297625,1.7720985904017337,5.053189869086773,10.883394231508476
2026-03-06 02:00:00,NH4,16,5.1,7.892800801755513,1.7463433318939958,5.02006602078989,10.765535582721135
2026-03-06 03:00:00,NH4,16,5.0,8.177049504856724,1.72146297881686,5.345242904702989,11.008856105010459
2026-03-06 04:00:00,NH4,16,5.0,7.8695096351496865,1.782298093387104,4.9376292715279,10.801389998771473
2026-03-06 05:00:00,NH4,16,4.9,7.381215356685313,1.7033296506995463,4.57923808128456,10.183192632086067
2026-03-06 06:00:00,NH4,16,4.8,6.581871157592452,1.798144416734881,3.6239235920635724,9.53981872312133
2026-03-06 07:00:00,NH4,16,4.7,5.351504742874361,1.8774644398264055,2.263075739359924,8.4399337463888
2026-03-06 08:00:00,NH4,16,4.3,5.415930698953548,1.768149300190022,2.5073251001409615,8.324536297766134
2026-03-06 09:00:00,NH4,16,3.6,3.93498114811392,1.8733048518156785,0.8533946668771288,7.01656762935071
2026-03-06 10:00:00,NH4,16,3.7,3.5237277836119074,1.8804621255782228,0.4303675870357311,6.617087980188083
2026-03-06 11:00:00,NH4,16,4.0,2.772977874489691,1.8722975201784042,-0.3069515462037842,5.852907295183166
2026-03-06 12:00:00,NH4,16,3.0,1.930345797012648,1.8784139736883743,-1.1596451897047275,5.0203367837300235
2026-03-06 13:00:00,NH4,16,2.6,1.5609692049412573,1.824406776607864,-1.4401799425786788,4.5621183524611935
2026-03-06 14:00:00,NH4,16,2.2,1.3529163514880254,1.8416976805125638,-1.6766763329551422,4.382509035931193
2026-03-06 15:00:00,NH4,16,2.0,1.2097801588306254,1.7862145501268527,-1.7285427761280472,4.148103093789298
2026-03-06 16:00:00,NH4,16,1.4,1.0741785620530262,1.8074965920073398,-1.8991533317990479,4.0475104559051
2026-03-06 17:00:00,NH4,16,1.1,1.0541228829789953,1.8471629184912188,-1.9844601179390597,4.09270588389705
2026-03-06 18:00:00,NH4,16,1.1,1.987152658952799,1.825996613740058,-1.0166117706495967,4.990917088555195
2026-03-06 19:00:00,NH4,16,1.5,2.448762123475383,1.8420367104496198,-0.5813882652142417,5.478912512165008
2026-03-06 20:00:00,NH4,16,2.4,2.543819639195633,1.8692863957514945,-0.5311564818155756,5.618795760206842
2026-03-06 21:00:00,NH4,16,4.0,3.8307728982848435,1.8453891221051892,0.7951077924218071,6.86643800414788
2026-03-06 22:00:00,NH4,16,5.8,4.979136234962144,1.8333014392558094,1.9633553673863382,7.994917102537951
2026-03-06 23:00:00,NH4,16,7.2,5.515525292258771,1.8393184764563877,2.4898463984880133,8.541204186029528
2026-03-07 00:00:00,NH4,16,8.0,7.9243674876427965,1.8508340697427283,4.8797454429160085,10.968989532369584
2026-03-07 01:00:00,NH4,16,8.6,8.184840834028044,1.7957393744778845,5.230849563011924,11.138832105044164
2026-03-07 02:00:00,NH4,16,8.7,8.239222048677458,1.7708144263424728,5.326232317344091,11.152211780010827
2026-03-07 03:00:00,NH4,16,8.5,8.303118739480265,1.7919991109055988,5.355280202040555,11.250957276919975
2026-03-07 04:00:00,NH4,16,8.0,8.49029661146677,1.770489842883233,5.577840819923852,11.402752403009687
2026-03-07 05:00:00,NH4,16,7.3,7.405068508428645,1.720783395394102,4.574379823005347,10.235757193851942
2026-03-07 06:00:00,NH4,16,6.7,6.329735562040244,1.9005517845662223,3.2033278764288085,9.45614324765168
2026-03-07 07:00:00,NH4,16,6.3,6.050751514531559,1.803321355731188,3.0842878843537544,9.017215144709363
2026-03-07 08:00:00,NH4,16,5.9,5.569579540625522,1.7569146924820027,2.6794548714926276,8.459704209758417
2026-03-07 09:00:00,NH4,16,5.1,3.9582840928634675,1.8093731857827313,0.9818652022508743,6.934702983476061
2026-03-07 10:00:00,NH4,16,3.9,2.9686760028372765,1.8648697425963905,-0.09903472373378586,6.036386729408338
2026-03-07 11:00:00,NH4,16,3.7,2.5615880851308583,1.8431416295345169,-0.47037989545342196,5.593556065715139
2026-03-07 12:00:00,NH4,16,4.0,2.027324364162916,1.8477067173314354,-1.0121531858472954,5.066801914173127
2026-03-07 13:00:00,NH4,16,3.7,1.4679327220019118,1.8056528091001334,-1.5023661489678077,4.438231592971631
2026-03-07 14:00:00,NH4,16,2.7,1.2958648352696862,1.745709707831995,-1.5758276341139457,4.167557304653318
2026-03-07 15:00:00,NH4,16,2.5,1.5694760713072167,1.7576854719385024,-1.32191653003162,4.460868672646053
2026-03-07 16:00:00,NH4,16,2.0,1.2424788604285724,1.7661536276592469,-1.6628438570708888,4.147801577928034
2026-03-07 17:00:00,NH4,16,1.5,1.3839349488472419,1.7951119524171353,-1.5690242128789456,4.3368941105734296
2026-03-07 18:00:00,NH4,16,1.3,2.4046978972507236,1.8437135567906724,-0.6282109036699324,5.437606698171379
2026-03-07 19:00:00,NH4,16,1.7,2.7926708059842826,1.8720936011434401,-0.2869231678966764,5.872264779865242
2026-03-07 20:00:00,NH4,16,2.7,3.260044230689992,1.854857117038272,0.20880427316203498,6.311284188217949
2026-03-07 21:00:00,NH4,16,4.3,4.795292868111049,1.8620696787213267,1.7321882466144665,7.858397489607631
2026-03-07 22:00:00,NH4,16,6.5,4.240255044891205,1.8385518747775194,1.2158372108821855,7.264672878900225
2026-03-07 23:00:00,NH4,16,8.0,5.301819308886787,1.8230532633956027,2.302896690601021,8.300741927172554
2026-03-08 00:00:00,NH4,16,8.8,8.117844644348379,1.8256825906460985,5.114596782735546,11.121092505961212
2026-03-08 01:00:00,NH4,16,9.6,8.28164011017519,1.7912091231188136,5.335101102644741,11.228179117705638
2026-03-08 02:00:00,NH4,16,10.1,8.269006755372736,1.765333855922285,5.365032562380577,11.172980948364895
2026-03-08 03:00:00,NH4,16,10.0,8.167195186173796,1.7439906515642023,5.2983305643506835,11.036059807996908
2026-03-08 04:00:00,NH4,16,9.5,7.81057379428358,1.7255470510762563,4.972048895263138,10.649098693304023
2026-03-08 05:00:00,NH4,16,9.2,7.276434257388681,1.7252394234587634,4.438415405799015,10.114453108978347
2026-03-08 06:00:00,NH4,16,8.8,6.880282773852045,1.7618565003304878,3.9820288308083924,9.778536716895697
2026-03-08 07:00:00,NH4,16,8.6,6.398143867952158,1.7985376192794575,3.4395494842374505,9.356738251666865
2026-03-08 08:00:00,NH4,16,8.2,5.430925724401845,1.8118602882118986,2.4504155502932723,8.411435898510419
2026-03-08 09:00:00,NH4,16,7.6,4.3809967823842815,1.84160478445244,1.3515569119600177,7.410436652808546
2026-03-08 10:00:00,NH4,16,6.9,3.3015758047180928,1.863984132392988,0.23532190693162747,6.367829702504558
2026-03-08 11:00:00,NH4,16,6.2,2.5671344794546784,1.8863713140863303,-0.535946332217335,5.670215291126691
2026-03-08 12:00:00,NH4,16,5.2,1.9687747508154132,1.890075168542081,-1.1403989014363098,5.077948403067136
2026-03-08 13:00:00,NH4,16,3.4,1.476532022353323,1.8600405082990024,-1.583234613798536,4.536298658505181
2026-03-08 14:00:00,NH4,16,2.3,1.1860034742872583,1.8081888147205185,-1.7884671259279945,4.1604740745025115
2026-03-08 15:00:00,NH4,16,1.9,0.9223203304811114,1.8035693323816866,-2.044551221286763,3.8891918822489857
2026-03-08 16:00:00,NH4,16,1.0,0.775358229487527,1.8056633399170505,-2.1949579646760213,3.7456744236510753
2026-03-08 17:00:00,NH4,16,1.0,0.9332615508419471,1.8246132265247117,-2.0682272067912035,3.9347503084750977
2026-03-08 18:00:00,NH4,16,1.4,1.635463043175632,1.8438324956048566,-1.397641412094357,4.668567498445621
2026-03-08 19:00:00,NH4,16,2.4,2.544355267599535,1.8640665013583948,-0.5220341271350244,5.610744662334094
2026-03-08 20:00:00,NH4,16,4.2,3.096329397970501,1.926747673838844,-0.07317052549439751,6.265829321435399
2026-03-08 21:00:00,NH4,16,6.3,3.9668964209744226,1.8852779762725485,0.8656141500060803,7.068178691942765
2026-03-08 22:00:00,NH4,16,7.2,5.586210045854587,1.8906124127570505,2.476152626869239,8.696267464839934
2026-03-08 23:00:00,NH4,16,7.8,5.980251173773526,1.8866873321365536,2.8766505124088955,9.083851835138157
2026-03-09 00:00:00,NH4,16,8.1,7.513354010981738,1.8908057344724396,4.402978577774574,10.623729444188902
2026-03-09 01:00:00,NH4,16,8.1,8.180933834614466,1.839509264860246,5.154941093919361,11.20692657530957
2026-03-09 02:00:00,NH4,16,7.6,8.174214024512892,1.8033788618174502,5.207655796823186,11.140772252202598
2026-03-09 03:00:00,NH4,16,7.1,7.965809928305898,1.7799538108278747,5.037785909494044,10.893833947117752
2026-03-09 04:00:00,NH4,16,6.7,7.61698063305031,1.7812533794364955,4.6868188238772746,10.547142442223345
2026-03-09 05:00:00,NH4,16,6.6,7.181781886175067,1.8139226867035365,4.197879066547749,10.165684705802384
2026-03-09 06:00:00,NH4,16,6.3,6.835904144008245,1.8450773319109968,3.800751933014655,9.871056355001834
2026-03-09 07:00:00,NH4,16,6.0,6.645895478051054,1.8058636114905604,3.6752498371490825,9.616541118953027
2026-03-09 08:00:00,NH4,16,5.9,5.753236932752785,1.793203840078294,2.8034166158239913,8.703057249681578
2026-03-09 09:00:00,NH4,16,5.4,4.846605713915621,1.8362577745470274,1.825961674785761,7.867249753045481
2026-03-09 10:00:00,NH4,16,4.9,3.830764956255113,1.847406198177386,0.791781760253313,6.869748152256913
2026-03-09 11:00:00,NH4,16,4.3,2.9051508181336643,1.847668002897478,-0.13426304663268684,5.944564682900015
2026-03-09 12:00:00,NH4,16,3.5,2.224128769771836,1.855569350766084,-0.8282828122383723,5.276540351782044
2026-03-09 13:00:00,NH4,16,2.8,1.9018561642927707,1.8509481696037282,-1.142953574705362,4.946665903290904
2026-03-09 14:00:00,NH4,16,2.2,1.5242202647073215,1.835788128820029,-1.4956512072016261,4.544091736616269
2026-03-09 15:00:00,NH4,16,1.9,1.2354723988233325,1.8327764668186644,-1.7794448890933705,4.250389686740036
2026-03-09 16:00:00,NH4,16,1.2,0.8982866947438306,1.822634063795032,-2.099946340198997,3.8965197296866583
2026-03-09 17:00:00,NH4,16,1.1,0.9211698290516845,1.8340342687324522,-2.0958165430131994,3.9381562011165685
2026-03-09 18:00:00,NH4,16,0.8,1.8511855159159978,1.8604668288316994,-1.2092824175121477,4.9116534493441435
2026-03-09 19:00:00,NH4,16,2.0,2.6456671428349003,1.884460649777555,-0.45427062604917756,5.745604911718978
2026-03-09 20:00:00,NH4,16,2.1,3.1910618947642364,1.906666430687805,0.05459561628279719,6.327528173245676
2026-03-09 21:00:00,NH4,16,3.8,4.021992876868299,1.9252214739526614,0.855003552216171,7.188982201520426
2026-03-09 22:00:00,NH4,16,5.3,4.988990212202567,1.8517950527925124,1.9427873503588837,8.03519307404625
2026-03-09 23:00:00,NH4,16,5.4,5.380521994191001,1.8533786217899284,2.3317141613465693,8.429329827035433
2026-03-10 00:00:00,NH4,16,4.5,7.526635803555508,1.8756993475978474,4.441110376757049,10.612161230353967
2026-03-10 01:00:00,NH4,16,3.6,8.218730265057612,1.8105931064478302,5.240304604950931,11.197155925164292
2026-03-10 02:00:00,NH4,16,4.3,8.29471905002531,1.7978197133840452,5.337305621508556,11.252132478542066
2026-03-10 03:00:00,NH4,16,5.6,8.082612559746526,1.7978167896707107,5.125203940738206,11.040021178754845
2026-03-10 04:00:00,NH4,16,5.0,7.52898447720458,1.8034423229098218,4.562321856017924,10.495647098391236
2026-03-10 05:00:00,NH4,16,3.7,7.252988005978248,1.794731688632234,4.300654378178224,10.205321633778272
2026-03-10 06:00:00,NH4,16,2.6,7.339300812934404,1.742846581737935,4.472318185975501,10.206283439893307
2026-03-10 07:00:00,NH4,16,1.8,6.565353700321374,1.7683209394412591,3.656465754940503,9.474241645702246
2026-03-10 08:00:00,NH4,16,2.3,5.517557493248436,1.8158551933479725,2.530475700191021,8.504639286305851
2026-03-10 09:00:00,NH4,16,3.0,4.800105948359958,1.8375591699172247,1.7773211138461233,7.822890782873793
2026-03-10 10:00:00,NH4,16,2.4,4.0024219011055795,1.8713047937806357,0.9241255153364336,7.080718286874726
2026-03-10 11:00:00,NH4,16,2.4,3.5004510726710594,1.8817236817379428,0.4050156162121432,6.5958865291299755
2026-03-10 12:00:00,NH4,16,1.3,3.0661664239174784,1.8725657012956842,-0.014204154713922001,6.146537002548879
2026-03-10 13:00:00,NH4,16,0.7,2.6273394272183452,1.8364771436007665,-0.3936654740049157,5.648344328441606
2026-03-10 14:00:00,NH4,16,0.3,1.6508857831602886,1.7561543291954926,-1.2379880883662968,4.539759654686874
2026-03-10 15:00:00,NH4,16,0.3,1.1183524837763987,1.7420698664678953,-1.7473524465632893,3.9840574141160867
2026-03-10 16:00:00,NH4,16,0.3,1.0271092106182595,1.7738670068018234,-1.89090201557074,3.945120436807259
2026-03-10 17:00:00,NH4,16,0.5,1.8560567418251923,1.8151499625600962,-1.129864946586166,4.8419784302365505
2026-03-10 18:00:00,NH4,16,1.2,2.478737570727481,1.8458460716958647,-0.5576792172122165,5.5151543586671785
2026-03-10 19:00:00,NH4,16,1.4,3.052097692902121,1.8625676919397816,-0.011826160338819669,6.116021546143061
2026-03-10 20:00:00,NH4,16,1.1,3.7865407730025717,1.8740056552534878,0.7038014701105841,6.86928007589456
2026-03-10 21:00:00,NH4,16,3.1,4.501974823178411,1.9005940597463855,1.3754975948956072,7.628452051461215
2026-03-10 22:00:00,NH4,16,4.7,5.190049427918035,1.868539508553734,2.116301936347143,8.263796919488929
2026-03-10 23:00:00,NH4,16,5.9,5.939101553114503,1.8549416587942409,2.8877225243979763,8.99048058183103
2026-03-11 00:00:00,NH4,16,5.2,8.120862685122212,1.8783960178761543,5.030901235715938,11.210824134528487
2026-03-11 01:00:00,NH4,16,4.4,8.151794257426472,1.8296031052358244,5.142097149313541,11.161491365539403
2026-03-11 02:00:00,NH4,16,3.8,8.377468351250421,1.8117997859665544,5.397057703335439,11.357878999165404
2026-03-11 03:00:00,NH4,16,4.6,7.815208739683419,1.7556513703219672,4.927162235503783,10.703255243863055
2026-03-11 04:00:00,NH4,16,5.2,7.859453147034755,1.8351148702044398,4.840689185548452,10.878217108521058
2026-03-11 05:00:00,NH4,16,5.6,7.965366528057894,1.7531521039979314,5.081431316981297,10.849301739134491
2026-03-11 06:00:00,NH4,16,4.9,6.906041362958355,1.7790361913811037,3.9795268281364393,9.83255589778027
2026-03-11 07:00:00,NH4,16,4.4,5.347741708687353,1.9469996680662878,2.14492725471831,8.550556162656397
2026-03-11 08:00:00,NH4,16,4.0,5.109471639538239,1.855094473643472,2.057841230394728,8.161102048681752
2026-03-11 09:00:00,NH4,16,2.6,3.802112989042611,1.8668435978831979,0.7311552705247504,6.873070707560472
2026-03-11 10:00:00,NH4,16,1.2,3.350968187619739,1.8701601436809483,0.27455475126457873,6.427381623974899
2026-03-11 11:00:00,NH4,16,0.4,3.2377588718833166,1.907542135177836,0.09985205951577614,6.375665684250857
2026-03-11 12:00:00,NH4,16,1.1,1.9348855902928677,1.8491023820637604,-1.1068878282020183,4.976659008787753
2026-03-11 13:00:00,NH4,16,0.9,1.3058339073777079,1.907151327390864,-1.8314300261802634,4.443097840935679
2026-03-11 14:00:00,NH4,16,0.4,0.7930970271080433,1.8710551883369688,-2.2847887577062704,3.870982811922357
2026-03-11 15:00:00,NH4,16,0.3,1.3072943957126428,1.818182865860558,-1.6836164186279752,4.298205210053261
2026-03-11 16:00:00,NH4,16,0.3,2.5755737635553797,1.9868618943716512,-0.6928140526859865,5.843961579796746
2026-03-11 17:00:00,NH4,16,0.7,2.1530986701170667,1.8797162660603433,-0.9390345875521979,5.245231927786332
2026-03-11 18:00:00,NH4,16,1.2,2.285351737413093,1.8783542011801213,-0.8045409235282066,5.375244398354393
2026-02-13 04:00:00,NO,4,3.1,2.6764130291502473,1.6392497050331796,-0.020152735629332952,5.3729787939298275
2026-02-13 05:00:00,NO,4,2.3,2.7610632013756065,1.7273686590983537,-0.08045824284118552,5.602584645592398
2026-02-13 06:00:00,NO,4,2.3,3.1833240598195913,1.6484609664565821,0.47160576999851367,5.8950423496406685
2026-02-13 07:00:00,NO,4,2.4,3.7502388517242555,1.5625903983004357,1.179777646520039,6.320700056928472
2026-02-13 08:00:00,NO,4,2.6,3.8024749905571262,1.5950318835680202,1.1786475420877331,6.42630243902652
2026-02-13 09:00:00,NO,4,2.9,3.9802996092671794,1.6586190579340045,1.2518712589657417,6.708727959568617
2026-02-13 10:00:00,NO,4,3.7,3.943052323485134,1.7218473511750516,1.1106134308021742,6.775491216168094
2026-02-13 11:00:00,NO,4,3.8,3.6983045803983687,1.7527772114821845,0.8149860675101754,6.581623093286562
2026-02-13 12:00:00,NO,4,3.8,3.2119722725111437,1.8243155214814781,0.2109732396741122,6.212971305348175
2026-02-13 13:00:00,NO,4,4.3,3.357799433605473,1.8595268932391646,0.298877694227047,6.416721172983898
2026-02-13 14:00:00,NO,4,4.5,3.2069254928974797,1.8997076875047714,0.08190634695213062,6.331944638842829
2026-02-13 15:00:00,NO,4,4.7,2.8875221159909206,1.8782033474713284,-0.20212239059941473,5.977166622581256
2026-02-13 16:00:00,NO,4,5.3,3.0124406162331585,1.8177495649440585,0.022242581900182135,6.002638650566135
2026-02-13 17:00:00,NO,4,5.5,3.174492812382697,1.8041368157016968,0.2066877505534057,6.142297874211988
2026-02-13 18:00:00,NO,4,5.8,3.170081682415455,1.6948809246380514,0.3820025613858604,5.9581608034450495
2026-02-13 19:00:00,NO,4,6.0,3.1104730362670283,1.6262845660453011,0.43523492512250783,5.785711147411549
2026-02-13 20:00:00,NO,4,4.5,3.1955131639308085,1.5836327069294578,0.5904373610318503,5.800588966829767
2026-02-13 21:00:00,NO,4,2.8,3.1986618316860618,1.598452123095361,0.5692080891941931,5.8281155741779305
2026-02-13 22:00:00,NO,4,3.1,3.066647739150475,1.5417138460226127,0.5305284624432773,5.602767015857673
2026-02-13 23:00:00,NO,4,3.9,3.317809684972955,1.3221127680767775,1.1429341814866558,5.492685188459253
2026-02-14 00:00:00,NO,4,4.5,3.4014265254419835,1.22053176951186,1.3936517645949738,5.409201286288994
2026-02-14 01:00:00,NO,4,4.3,3.1877335080051963,1.2976716786425617,1.0530635966381823,5.32240341937221
2026-02-14 02:00:00,NO,4,3.6,3.1148702427045025,1.3878968893799328,0.831779859674513,5.397960625734492
2026-02-14 03:00:00,NO,4,3.1,3.146166938502964,1.4840402404364506,0.7049207429850024,5.587413134020926
2026-02-14 04:00:00,NO,4,2.4,2.876843747754412,1.4795730109376846,0.4429461447619212,5.310741350746904
2026-02-14 05:00:00,NO,4,2.0,2.7741486973107365,1.520411870848309,0.27307116976526835,5.275226224856205
2026-02-14 06:00:00,NO,4,1.8,2.9724824673516603,1.6247762045632554,0.2997256108451052,5.645239323858215
2026-02-14 07:00:00,NO,4,1.7,2.4683480657158086,1.6712680094639227,-0.2808878098523442,5.217583941283961
2026-02-14 08:00:00,NO,4,1.9,2.403353783415292,1.5883476619178813,-0.209478120439623,5.016185687270207
2026-02-14 09:00:00,NO,4,2.1,2.8725971917915354,1.647521526138515,0.16242428129367825,5.582770102289393
2026-02-14 10:00:00,NO,4,2.5,3.129463224755362,1.4824623210955108,0.6908127065532468,5.568113742957477
2026-02-14 11:00:00,NO,4,2.7,3.128400961128474,1.546122101027072,0.5850301049389408,5.671771817318008
2026-02-14 12:00:00,NO,4,2.9,2.954315706396236,1.6387138521025686,0.2586314196875108,5.649999993104961
2026-02-14 13:00:00,NO,4,3.5,3.2677158272378084,1.6750715200019268,0.5122231768346386,6.023208477640978
2026-02-14 14:00:00,NO,4,3.8,3.7364320843336674,1.72148455003713,0.9045899995225883,6.568274169144747
2026-02-14 15:00:00,NO,4,4.2,3.8502205258698106,1.692759640838588,1.065630916690333,6.634810135049288
2026-02-14 16:00:00,NO,4,4.6,4.155843958836543,1.5945896658358774,1.5327439585365243,6.77894395913656
2026-02-14 17:00:00,NO,4,4.9,4.418038450544532,1.6397054374139084,1.7207230059986522,7.115353895090411
2026-02-14 18:00:00,NO,4,5.3,4.511940583977096,1.7125638055021535,1.6947731239260535,7.329108044028139
2026-02-14 19:00:00,NO,4,5.7,4.319837283479492,1.7869651254400243,1.380279652130652,7.2593949148283325
2026-02-14 20:00:00,NO,4,5.9,4.111472258468238,1.829148641925792,1.1025227425003101,7.120421774436165
2026-02-14 21:00:00,NO,4,6.2,4.027997999727951,1.849722421097566,0.9852046170224549,7.070791382433447
2026-02-14 22:00:00,NO,4,6.3,3.9086724561071327,1.8326005962776961,0.8940444752303227,6.923300436983943
2026-02-14 23:00:00,NO,4,4.9,3.7794278389878895,1.8114922625347611,0.7995230671182072,6.759332610857571
2026-02-15 00:00:00,NO,4,3.1,3.64651692366504,1.7839010973593783,0.7119996185088628,6.581034228821217
2026-02-15 01:00:00,NO,4,2.7,3.600748859625411,1.7497833335754804,0.7223552758937459,6.479142443357077
2026-02-15 02:00:00,NO,4,3.6,3.6392206505349716,1.7043355769783566,0.835588626405575,6.442852674664368
2026-02-15 03:00:00,NO,4,4.6,3.686994574266717,1.606731549570888,1.0439211752226063,6.330067973310828
2026-02-15 04:00:00,NO,4,5.4,3.7188516275148977,1.5408223518497228,1.1841988587221035,6.253504396307692
2026-02-15 05:00:00,NO,4,5.2,4.032045453514542,1.6242247720625127,1.360195703471708,6.703895203557375
2026-02-15 06:00:00,NO,4,4.0,4.18061096508113,1.6791379151407155,1.4184290946746532,6.942792835487607
2026-02-15 07:00:00,NO,4,3.1,4.011409505760943,1.6999128902293563,1.215052801333652,6.807766210188234
2026-02-15 08:00:00,NO,4,2.9,3.4959975046140577,1.7682635179084365,0.5872040176546798,6.404790991573435
2026-02-15 09:00:00,NO,4,3.1,3.395991762587091,1.77869165735448,0.47004398623897137,6.32193953893521
2026-02-15 10:00:00,NO,4,3.3,3.27266503814605,1.7937086706667997,0.3220142748991641,6.2233158013929355
2026-02-15 11:00:00,NO,4,3.4,3.391433773178501,1.7629582741351988,0.4913674122260989,6.291500134130903
2026-02-15 12:00:00,NO,4,3.3,3.414227178988341,1.7888929161028986,0.47149833199907265,6.35695602597761
2026-02-15 13:00:00,NO,4,4.4,3.6741967526655057,1.6819253136844965,0.9074296116545089,6.440963893676503
2026-02-15 14:00:00,NO,4,4.9,4.110562922901252,1.7521220913683502,1.2283220826003163,6.992803763202188
2026-02-15 15:00:00,NO,4,5.1,3.9549292732399324,1.8556708935950326,0.9023506532761036,7.007507893203761
2026-02-15 16:00:00,NO,4,5.4,3.8249203573483332,1.8534508108882146,0.7759937734372202,6.873846941259446
2026-02-15 17:00:00,NO,4,5.6,4.039973186682656,1.8669546293299244,0.9688328214349302,7.111113551930382
2026-02-15 18:00:00,NO,4,5.7,3.955701943791142,1.8873472624163512,0.8510156971162441,7.06038819046604
2026-02-15 19:00:00,NO,4,5.7,3.861677947196074,1.8646759434341924,0.7942860202468274,6.92906987414532
2026-02-15 20:00:00,NO,4,5.9,3.896625270047478,1.8345812023322614,0.878739192210908,6.914511347884048
2026-02-15 21:00:00,NO,4,5.9,3.8986523710494687,1.8329607206371463,0.883431985601363,6.913872756497574
2026-02-15 22:00:00,NO,4,6.1,3.770319097439529,1.7829199820318717,0.8374157269970999,6.703222467881958
2026-02-15 23:00:00,NO,4,6.4,3.9552096164824384,1.7372686970589695,1.0974026098204335,6.813016623144444
2026-02-16 00:00:00,NO,4,6.8,4.3755629753513094,1.677812589223267,1.6155612660790353,7.135564684623583
2026-02-16 01:00:00,NO,4,6.4,4.434320254798173,1.5848812248941255,1.8271906398473368,7.04144986974901
2026-02-16 02:00:00,NO,4,4.8,4.525677192877248,1.5176380766436284,2.0291625567984797,7.022191828956017
2026-02-16 03:00:00,NO,4,3.5,4.395423355098152,1.4791973816862365,1.962143662224293,6.828703047972011
2026-02-16 04:00:00,NO,4,2.9,4.314643007040257,1.5248700382375726,1.8062317941394497,6.8230542199410635
2026-02-16 05:00:00,NO,4,2.7,4.296112517190107,1.5514699953575228,1.7439443748269814,6.848280659553232
2026-02-16 06:00:00,NO,4,2.5,4.1424525893965205,1.5582029292453898,1.5792087707878544,6.705696408005187
2026-02-16 07:00:00,NO,4,2.5,4.024513475893549,1.5810825642759598,1.4236326576595952,6.625394294127503
2026-02-16 08:00:00,NO,4,2.4,4.503869629444438,1.5720444021813793,1.9178565878560687,7.089882671032807
2026-02-16 09:00:00,NO,4,2.7,5.005205016329346,1.490184617189208,2.553851321053099,7.456558711605593
2026-02-16 10:00:00,NO,4,3.4,5.192615873912685,1.5453064568163344,2.650586752449815,7.734644995375556
2026-02-16 11:00:00,NO,4,4.6,4.828413720040383,1.6539933432360867,2.1075946704170203,7.549232769663746
2026-02-16 12:00:00,NO,4,5.5,3.906953018699972,1.653451534169217,1.1870252449916099,6.626880792408334
2026-02-16 13:00:00,NO,4,5.8,3.5625207952460176,1.741251823530145,0.698161545538929,6.426880044953107
2026-02-16 14:00:00,NO,4,6.1,3.7720656603298077,1.8073409494351054,0.7989897985090595,6.745141522150556
2026-02-16 15:00:00,NO,4,6.5,3.9750966156912746,1.839719006708362,0.9487588496560191,7.00143438172653
2026-02-16 16:00:00,NO,4,6.5,4.085797204723586,1.842576754470498,1.0547584436196167,7.116835965827555
2026-02-16 17:00:00,NO,4,6.1,4.089128396589148,1.8531842557702398,1.0406402958471035,7.137616497331193
2026-02-16 18:00:00,NO,4,5.6,3.9338451590788805,1.8818472235750454,0.8382064762979309,7.029483841859831
2026-02-16 19:00:00,NO,4,5.3,3.8497939786754856,1.9151480553060922,0.6993754276969639,7.000212529654007
2026-02-16 20:00:00,NO,4,5.3,4.066005159918423,1.9036541482281655,0.9344940860830908,7.197516233753755
2026-02-16 21:00:00,NO,4,5.8,4.572604044100438,1.796146428156652,1.6179431697827455,7.527264918418131
2026-02-16 22:00:00,NO,4,5.6,4.7251118410434065,1.685383757940024,1.9526555592320674,7.497568122854746
2026-02-16 23:00:00,NO,4,5.4,4.549590279711362,1.6611719871482706,1.8169623608524565,7.282218198570267
2026-02-17 00:00:00,NO,4,5.5,4.52729205859051,1.6266718133889657,1.8514169255656618,7.203167191615359
2026-02-17 01:00:00,NO,4,5.3,4.384132403831764,1.5725123544492525,1.7973495807627433,6.970915226900784
2026-02-17 02:00:00,NO,4,3.6,3.98456532943033,1.589700434294168,1.3695081150164237,6.599622543844236
2026-02-17 03:00:00,NO,4,3.1,3.5231147984019473,1.6189078715526863,0.8600113496977784,6.186218247106116
2026-02-17 04:00:00,NO,4,3.0,2.944050953350029,1.6972135653194715,0.15213463839949837,5.735967268300559
2026-02-17 05:00:00,NO,4,3.1,3.15272982653175,1.7286519301606185,0.3090974014175325,5.996362251645968
2026-02-17 06:00:00,NO,4,3.3,3.2301508109681176,1.710646375814237,0.41613752275369764,6.044164099182538
2026-02-17 07:00:00,NO,4,5.0,3.366156668773541,1.6609275735588729,0.6339308102691952,6.098382527277887
2026-02-17 08:00:00,NO,4,4.5,3.570194742762438,1.6357828717177714,0.8793319187867041,6.261057566738172
2026-02-17 09:00:00,NO,4,3.7,3.8386932609805116,1.555781678259801,1.279432400243139,6.397954121717884
2026-02-17 10:00:00,NO,4,4.7,3.8216687365462105,1.5732284223342679,1.2337079818063397,6.409629491286081
2026-02-17 11:00:00,NO,4,5.2,3.9114065308675645,1.59879484149158,1.2813890166139155,6.541424045121214
2026-02-17 12:00:00,NO,4,3.8,3.2131390603419576,1.632456422633306,0.5277482451101694,5.898529875573746
2026-02-17 13:00:00,NO,4,3.7,2.680375812711251,1.5723872358596866,0.09379880972206633,5.266952815700435
2026-02-17 14:00:00,NO,4,4.3,2.4166419958525553,1.4209095944068348,0.07924571305331218,4.754038278651798
2026-02-17 15:00:00,NO,4,5.6,2.8309597842732583,1.6026731591758832,0.1945624374289303,5.467357131117586
2026-02-17 16:00:00,NO,4,6.0,3.096973834375974,1.6800838911271752,0.3332358334717709,5.860711835280177
2026-02-17 17:00:00,NO,4,6.0,3.356931076197867,1.5777062441886134,0.761604304507598,5.952257847888136
2026-02-17 18:00:00,NO,4,6.4,3.5915106822669807,1.6859048313823322,0.8181972346430442,6.364824129890917
2026-02-17 19:00:00,NO,4,6.3,3.655567269494863,1.8265386958394236,0.650911114839011,6.660223424150715
2026-02-17 20:00:00,NO,4,6.4,3.5313899826482356,1.8881292037060262,0.42541744255182223,6.637362522744649
2026-02-17 21:00:00,NO,4,6.5,3.674868861710597,1.6651773863769546,0.935652061120507,6.414085662300687
2026-02-17 22:00:00,NO,4,6.4,3.1483179443018057,1.6102759757260987,0.49941396423237316,5.797221924371238
2026-02-17 23:00:00,NO,4,6.4,3.488532130187319,1.690700734314784,0.7073294222394995,6.269734838135138
2026-02-18 00:00:00,NO,4,5.2,3.800381202347406,1.6413608570805411,1.1003425924499162,6.500419812244896
2026-02-18 01:00:00,NO,4,3.4,3.660921879974738,1.6099213205711325,1.012601307635225,6.309242452314251
2026-02-18 02:00:00,NO,4,3.2,3.618369940515783,1.5695249179059585,1.0365014505604813,6.200238430471085
2026-02-18 03:00:00,NO,4,3.0,3.4902382498002,1.5573612075912502,0.928379063312593,6.052097436287807
2026-02-18 04:00:00,NO,4,2.9,3.596993596136663,1.4987173038433526,1.131603631314348,6.062383560958978
2026-02-18 05:00:00,NO,4,2.8,3.766639190236558,1.4315326228173568,1.4117680257020062,6.12151035477111
2026-02-18 06:00:00,NO,4,2.7,3.8451116647246977,1.4895590392045586,1.394787045233199,6.295436284216196
2026-02-18 07:00:00,NO,4,2.9,3.826648898136858,1.6204110609124984,1.161072702935798,6.492225093337918
2026-02-18 08:00:00,NO,4,3.1,3.317309174446752,1.666678077237365,0.5756237373912865,6.058994611502218
2026-02-18 09:00:00,NO,4,3.1,2.8231879821076933,1.6163377328246127,0.16431241161120536,5.482063552604181
2026-02-18 10:00:00,NO,4,3.7,2.9366944036368996,1.6307894424449338,0.2540457708149835,5.619343036458815
2026-02-18 11:00:00,NO,4,4.2,2.964537807994231,1.6723411055071993,0.21353668943488824,5.715538926553574
2026-02-18 12:00:00,NO,4,4.7,2.7264313300715504,1.5484600114520237,0.17921461123297133,5.273648048910129
2026-02-18 13:00:00,NO,4,4.9,2.883077975920732,1.5691533343745403,0.30182074087461297,5.464335210966851
2026-02-18 14:00:00,NO,4,5.0,3.439475732957386,1.7170230534324402,0.6149728100610221,6.26397865585375
2026-02-18 15:00:00,NO,4,5.4,3.749531907995493,1.801395070932095,0.7862370163121968,6.71282679967879
2026-02-18 16:00:00,NO,4,5.4,3.8478281520952713,1.8388233356281818,0.8229637649869121,6.87269253920363
2026-02-18 17:00:00,NO,4,5.3,3.9725996003959096,1.8648454521708608,0.9049288315748436,7.040270369216976
2026-02-18 18:00:00,NO,4,5.2,4.211130500892108,1.8645739600234164,1.143906336653588,7.278354665130628
2026-02-18 19:00:00,NO,4,4.9,4.483128590938973,1.7835791962810716,1.54914081305661,7.417116368821336
2026-02-18 20:00:00,NO,4,4.8,4.957526737581074,1.6366505688106872,2.2652365518874937,7.6498169232746545
2026-02-18 21:00:00,NO,4,4.5,4.907638446026628,1.6006338861209244,2.274595703357707,7.540681188695548
2026-02-18 22:00:00,NO,4,4.5,4.714675032369253,1.5617295515157579,2.145629920125831,7.2837201446126745
2026-02-18 23:00:00,NO,4,4.2,4.6807412435831495,1.5297955024827612,2.164227641999007,7.197254845167292
2026-02-19 00:00:00,NO,4,2.9,4.655379899934432,1.4740047776415213,2.2306420407141294,7.080117759154734
2026-02-19 01:00:00,NO,4,3.0,4.353981637880382,1.418986198720705,2.0197493409848226,6.688213934775942
2026-02-19 02:00:00,NO,4,2.9,3.9259372375268637,1.3945487201631666,1.6319045928584548,6.219969882195272
2026-02-19 03:00:00,NO,4,2.3,3.5401396697913463,1.3936900267310544,1.247519575818762,5.832759763763931
2026-02-19 04:00:00,NO,4,2.2,3.435136257833098,1.425662736059976,1.089921057014437,5.780351458651759
2026-02-19 05:00:00,NO,4,2.1,3.0201375623484297,1.4267074710260863,0.6732037725105178,5.367071352186342
2026-02-19 06:00:00,NO,4,2.2,3.0478882750136607,1.4117281326040332,0.7255954968800262,5.370181053147295
2026-02-19 07:00:00,NO,4,2.5,3.131378981831446,1.34798062401509,0.9139508553266231,5.348807108336269
2026-02-19 08:00:00,NO,4,3.5,3.0573914862455056,1.330370300994678,0.8689323411092604,5.245850631381751
2026-02-19 09:00:00,NO,4,4.9,3.7687496393924813,1.3295781023889857,1.5815936609626,5.955905617822363
2026-02-19 10:00:00,NO,4,5.0,4.027182557592336,1.379309199741842,1.7582189240170054,6.296146191167666
2026-02-19 11:00:00,NO,4,1.0,4.7057936381273135,1.4716015934380362,2.285009016921744,7.126578259332883
2026-02-19 12:00:00,NO,4,1.3,5.225644901859525,1.5243061049210835,2.7181613592643425,7.733128444454707
2026-02-19 13:00:00,NO,4,1.4,5.348535767416634,1.5442035882646008,2.8083208647213658,7.888750670111903
2026-02-19 14:00:00,NO,4,1.4,5.333415630553958,1.623373469866587,2.6629662726234224,8.003864988484494
2026-02-19 15:00:00,NO,4,1.2,5.472462029716987,1.574077691364056,2.8831042274231153,8.061819832010858
2026-02-19 16:00:00,NO,4,1.0,5.732779808658024,1.6490783650013687,3.0200458982307725,8.445513719085275
2026-02-19 17:00:00,NO,4,0.8,5.297871760883046,1.7221330023928425,2.4649629719468202,8.130780549819272
2026-02-19 18:00:00,NO,4,0.8,5.45850139802547,1.5792479137932778,2.8606385798355283,8.056364216215412
2026-02-19 19:00:00,NO,4,0.7,4.464357236514681,1.870518809571895,1.3873537947689139,7.541360678260449
2026-02-19 20:00:00,NO,4,0.6,4.094776324833081,1.8462189666070778,1.0577461247644377,7.131806524901724
2026-02-19 21:00:00,NO,4,0.6,3.472766455538826,1.6846366574693503,0.7015391540017446,6.243993757075907
2026-02-19 22:00:00,NO,4,0.7,3.8106667686105746,1.7343302640970109,0.9576934841709916,6.663640053050157
2026-02-19 23:00:00,NO,4,1.0,3.7720773485160812,1.494752545376025,1.3132094113725201,6.230945285659642
2026-02-20 00:00:00,NO,4,1.4,3.5733985580003864,1.4645423353835645,1.1642264162944227,5.982570699706351
2026-02-20 01:00:00,NO,4,1.6,4.310049906727315,1.5067244278409164,1.8314882229290075,6.788611590525623
2026-02-20 02:00:00,NO,4,0.8,4.125517308527952,1.461487055018462,1.721371103022582,6.529663514033322
2026-02-20 03:00:00,NO,4,0.4,4.1651591895512325,1.428029611908565,1.8160504779616433,6.514267901140822
2026-02-20 04:00:00,NO,4,0.3,3.84270010798038,1.4416292856759036,1.4712199330435185,6.2141802829172414
2026-02-20 05:00:00,NO,4,0.3,3.5643286654253643,1.6039753498078844,0.9257892149913944,6.202868115859334
2026-02-20 06:00:00,NO,4,0.3,3.679434752937295,1.6637302212624612,0.9425985389605462,6.416270966914043
2026-02-20 07:00:00,NO,4,0.3,5.270975060949269,1.2916645328273741,3.1461869044482382,7.395763217450299
2026-02-20 08:00:00,NO,4,0.4,5.263931768315165,1.3318108252432905,3.0731029607899516,7.454760575840378
2026-02-20 09:00:00,NO,4,1.3,5.187516654150293,1.377847537326796,2.9209574552477133,7.454075853052872
2026-02-20 10:00:00,NO,4,2.3,4.915401397841121,1.4836894469642194,2.47473225758498,7.356070538097262
2026-02-20 11:00:00,NO,4,2.5,4.739392367382191,1.6119818457577033,2.087682231110769,7.391102503653613
2026-02-20 12:00:00,NO,4,2.6,4.641506040470224,1.7047087248568784,1.8372601880806592,7.445751892859789
2026-02-20 13:00:00,NO,4,2.6,4.549690159638466,1.7404906160562614,1.6865830962259158,7.412797223051016
2026-02-20 14:00:00,NO,4,2.7,4.302832362792788,1.7647002357654664,1.3999004749585962,7.205764250626981
2026-02-20 15:00:00,NO,4,2.7,4.001049661496903,1.8498800911254807,0.9579969115954867,7.044102411398319
2026-02-20 16:00:00,NO,4,2.4,3.822990131902789,1.8298089721053041,0.8129543727895636,6.833025891016014
2026-02-20 17:00:00,NO,4,1.9,3.8431435779347445,1.7879305867078166,0.9019977628003861,6.784289393069103
2026-02-20 18:00:00,NO,4,1.6,3.636396382224886,1.8136819827435122,0.6528895206118084,6.619903243837964
2026-02-20 19:00:00,NO,4,1.4,3.1860752598975903,1.8339143058731269,0.16928622673629645,6.202864293058884
2026-02-20 20:00:00,NO,4,1.3,2.8483134768085723,1.8111251128762889,-0.13098733387292283,5.827614287490068
2026-02-20 21:00:00,NO,4,1.5,2.7594787987198695,1.7724811349079417,-0.15625266820369443,5.675210265643433
2026-02-20 22:00:00,NO,4,1.6,2.666992023576674,1.7658748283674492,-0.23787206908778025,5.571856116241128
2026-02-20 23:00:00,NO,4,1.7,2.480138293806917,1.7467919128665654,-0.3933344028585828,5.353610990472417
2026-02-21 00:00:00,NO,4,1.6,2.348914116652722,1.7282448606048273,-0.49404867904221916,5.191876912347663
2026-02-21 01:00:00,NO,4,1.9,2.2309026466240267,1.6937941613651342,-0.5553887488216191,5.017194042069672
2026-02-21 02:00:00,NO,4,2.5,2.0809012009989947,1.6671009071004321,-0.661479791181216,4.823282193179205
2026-02-21 03:00:00,NO,4,2.9,1.8896631663919923,1.6355122609383619,-0.8007545028516132,4.580080835635598
2026-02-21 04:00:00,NO,4,3.7,1.8181955179166616,1.583834688616376,-0.7872125448572771,4.4236035806906004
2026-02-21 05:00:00,NO,4,4.3,1.7633727490600608,1.5371737811319472,-0.7652781209019925,4.292023619022114
2026-02-21 06:00:00,NO,4,3.6,1.854320920129699,1.553262653215358,-0.7007961444095647,4.409437984668963
2026-02-21 07:00:00,NO,4,3.9,1.9451216413135295,1.5612592532181773,-0.623149830230372,4.513393112857431
2026-02-21 08:00:00,NO,4,3.3,2.010463910438988,1.5754450271292384,-0.5811431591886094,4.6020709800665855
2026-02-21 09:00:00,NO,4,2.3,2.292158185857171,1.572610398073453,-0.294785918973659,4.879102290688001
2026-02-21 10:00:00,NO,4,1.3,2.8828262054853697,1.6098128073816493,0.23468413734255655,5.530968273628183
2026-02-21 11:00:00,NO,4,0.6,3.1562396986067522,1.65587130240895,0.43233140614402954,5.8801479910694745
2026-02-21 12:00:00,NO,4,1.1,3.494138634198286,1.6299431895009704,0.8128820874691893,6.175395180927382
2026-02-21 13:00:00,NO,4,1.7,3.418212489117484,1.543970659761581,0.8783807538096831,5.958044224425285
2026-02-21 14:00:00,NO,4,2.0,2.9664325085393894,1.49620477127344,0.5051756597945807,5.427689357284198
2026-02-21 15:00:00,NO,4,2.3,3.1955598251253443,1.5195381839820685,0.6959195124748416,5.695200137775847
2026-02-21 16:00:00,NO,4,2.5,3.2578398458711395,1.5602212367404615,0.6912759114330802,5.824403780309199
2026-02-21 17:00:00,NO,4,2.7,2.815133820009256,1.6325298540005848,0.12962221017829378,5.500645429840218
2026-02-21 18:00:00,NO,4,2.8,2.4793116352776647,1.7370536004658206,-0.37814153748861035,5.33676480804394
2026-02-21 19:00:00,NO,4,2.8,2.066277211945595,1.7866875802869697,-0.8728238576264702,5.005378281517661
2026-02-21 20:00:00,NO,4,2.9,2.1119431783797706,1.7294138799766714,-0.732942654181854,4.956829010941395
2026-02-21 21:00:00,NO,4,3.0,2.5908477445445874,1.7436000713164455,-0.2773743727709652,5.45906986186014
2026-02-21 22:00:00,NO,4,3.2,3.0948502061364604,1.7161901572743912,0.2717173974200868,5.917983014852834
2026-02-21 23:00:00,NO,4,3.4,3.3814947816132883,1.659949463500088,0.6508779141556436,6.112111649070933
2026-02-22 00:00:00,NO,4,3.6,3.4800823091662805,1.5930328521103783,0.8595432674447081,6.100621350887852
2026-02-22 01:00:00,NO,4,4.0,3.4706343679940175,1.636086296331537,0.7792724105286393,6.161996325459396
2026-02-22 02:00:00,NO,4,4.4,3.5149012592901157,1.5075495777026604,1.0349822039692391,5.994820314610992
2026-02-22 03:00:00,NO,4,3.6,3.720055243645443,1.4777909566544896,1.2890891199488075,6.151021367342079
2026-02-22 04:00:00,NO,4,2.2,3.9205671357778953,1.4134640082880767,1.5954188421440092,6.245715429411781
2026-02-22 05:00:00,NO,4,0.8,3.9016608086901052,1.3797809469242408,1.631921150999729,6.171400466380481
2026-02-22 06:00:00,NO,4,0.7,3.711615065627643,1.4005269274515717,1.4077482699698076,6.015481861285478
2026-02-22 07:00:00,NO,4,1.6,3.529592502731468,1.4499082685368547,1.1444934009883418,5.914691604474594
2026-02-22 08:00:00,NO,4,2.7,3.723170498267835,1.4234172343573475,1.3816491477499984,6.064691848785672
2026-02-22 09:00:00,NO,4,2.9,4.036361643875335,1.4023134667209771,1.7295559911193275,6.343167296631342
2026-02-22 10:00:00,NO,4,2.2,4.227957248362042,1.4166652926768128,1.897542841908685,6.558371654815399
2026-02-22 11:00:00,NO,4,1.2,3.5449012576697645,1.4606469857088327,1.1421369661787346,5.947665549160794
2026-02-22 12:00:00,NO,4,1.0,3.1285752851904256,1.5617569495652994,0.5594851031555081,5.6976654672253435
2026-02-22 13:00:00,NO,4,0.8,2.8204389611135747,1.6623120891412804,0.08593557447616851,5.5549423477509805
2026-02-22 14:00:00,NO,4,0.5,2.5554286921199636,1.6560196951817774,-0.1687237064540601,5.279581090693988
2026-02-22 15:00:00,NO,4,0.6,2.754796758858943,1.6383568967115039,0.059699663768518985,5.4498938539493675
2026-02-22 16:00:00,NO,4,2.0,3.0032735590182944,1.7243547463927202,0.16671000120226953,5.839837116834319
2026-02-22 17:00:00,NO,4,3.6,3.050794428588855,1.7798918626803928,0.12287231447960867,5.978716542698101
2026-02-22 18:00:00,NO,4,4.5,2.9829598038738867,1.7654454682637881,0.07880200857995501,5.887117599167818
2026-02-22 19:00:00,NO,4,5.2,2.8097555808319656,1.7868217518004557,-0.129566200879784,5.749077362543716
2026-02-22 20:00:00,NO,4,5.5,3.066354735298421,1.8587876474445377,0.008649055252156312,6.124060415344685
2026-02-22 21:00:00,NO,4,5.7,3.112387968999153,1.9526729046452007,-0.09975895914220212,6.3245348971405075
2026-02-22 22:00:00,NO,4,5.8,3.067029887945301,1.9726913374281463,-0.17804736212399952,6.312107138014602
2026-02-22 23:00:00,NO,4,5.1,2.9995867930824702,1.9049280358260017,-0.13401982585130234,6.133193412016243
2026-02-23 00:00:00,NO,4,3.7,3.460933955352252,1.8235342066213658,0.461220185460105,6.460647725244399
2026-02-23 01:00:00,NO,4,2.2,3.7301674599207137,1.8595053599384994,0.6712811428218823,6.789053777019545
2026-02-23 02:00:00,NO,4,2.5,3.2634975164364803,1.9143983051030518,0.11431230454196006,6.412682728331001
2026-02-23 03:00:00,NO,4,2.3,3.0974103902113965,1.8675830867840137,0.02523621245169405,6.169584567971099
2026-02-23 04:00:00,NO,4,1.2,3.2256567357977874,1.805054936829229,0.25634136471370583,6.194972106881869
2026-02-23 05:00:00,NO,4,0.4,3.351193995585078,1.8138298479328923,0.36744389573547,6.334944095434686
2026-02-23 06:00:00,NO,4,0.4,3.3797809478123915,1.7796807486856858,0.4522061162244384,6.3073557794003445
2026-02-23 07:00:00,NO,4,0.4,3.3780378487888134,1.8435152392927365,0.3454552801522617,6.410620417425365
2026-02-23 08:00:00,NO,4,0.4,3.170667613974392,1.798776601787708,0.21168010403361226,6.129655123915172
2026-02-23 09:00:00,NO,4,0.4,2.88282065762579,1.8482034628326938,-0.15747403873399124,5.923115353985571
2026-02-23 10:00:00,NO,4,0.8,3.0199224751510454,1.8755364449274476,-0.06533497675460609,6.105179927056697
2026-02-23 11:00:00,NO,4,1.8,3.2999710164668703,1.8420747871831462,0.26975799155059477,6.330184041383146
2026-02-23 12:00:00,NO,4,2.6,3.5753320992498074,1.8288514721480769,0.566871427566221,6.583792770933394
2026-02-23 13:00:00,NO,4,3.0,3.6440679208187503,1.8949451282957621,0.5268831847722217,6.761252656865279
2026-02-23 14:00:00,NO,4,2.7,3.4225434391430607,1.9284333998628091,0.25027049636873944,6.594816381917382
2026-02-23 15:00:00,NO,4,2.3,3.2105840518903577,1.9775847640021404,-0.04254288489316327,6.463710988673879
2026-02-23 16:00:00,NO,4,2.1,3.105321624505785,1.9942545851592377,-0.175227168081161,6.385870417092731
2026-02-23 17:00:00,NO,4,2.3,3.0873937126180975,1.9984964863679544,-0.20013300745718743,6.374920432693383
2026-02-23 18:00:00,NO,4,3.1,3.151858554211429,1.9861698200282027,-0.11539079973496458,6.419107908157823
2026-02-23 19:00:00,NO,4,4.0,3.358161420284613,1.9513173161904926,0.1482444351512524,6.568078405417973
2026-02-23 20:00:00,NO,4,4.9,3.542607142510645,1.87448486751367,0.4590795354506576,6.626134749570632
2026-02-23 21:00:00,NO,4,4.9,3.4003938846060673,1.8087497783086894,0.4250004992882732,6.375787269923862
2026-02-23 22:00:00,NO,4,4.0,3.1342987216590115,1.732549816756181,0.28425427309509343,5.98434317022293
2026-02-23 23:00:00,NO,4,2.9,3.2458613942123167,1.7095748537315174,0.4336107598239707,6.058112028600663
2026-02-24 00:00:00,NO,4,1.9,3.3796231937446275,1.7002030556358194,0.5827891672237047,6.176457220265551
2026-02-24 01:00:00,NO,4,1.2,3.40959855365802,1.6924491963278887,0.6255196256986428,6.193677481617397
2026-02-24 02:00:00,NO,4,0.7,3.7162775780177144,1.6488657433601461,1.0038934301902742,6.428661725845155
2026-02-24 03:00:00,NO,4,0.4,3.676128868796302,1.640979743093038,0.9767171914082544,6.375540546184349
2026-02-24 04:00:00,NO,4,0.4,3.586561269581287,1.6257864616234712,0.9121425402106769,6.260979998951898
2026-02-24 05:00:00,NO,4,0.3,3.4751395952681357,1.6293971943355734,0.7947812105861174,6.1554979799501535
2026-02-24 06:00:00,NO,4,0.3,3.186229983636217,1.6439103439481524,0.4819974678415062,5.890462499430928
2026-02-24 07:00:00,NO,4,0.3,3.1038020547700387,1.6189267678344659,0.44066752168234213,5.766936587857735
2026-02-24 08:00:00,NO,4,0.5,3.213442037672763,1.7134690701465123,0.3947854172817502,6.032098658063775
2026-02-24 09:00:00,NO,4,2.0,3.343769764919274,1.7801428413820795,0.4154347908457532,6.272104738992795
2026-02-24 10:00:00,NO,4,1.9,3.181968403979868,1.8573360295661188,0.12665063534360277,6.237286172616134
2026-02-24 11:00:00,NO,4,0.6,2.768043310845658,1.884995486194173,-0.3327742639437563,5.868860885635073
2026-02-24 12:00:00,NO,4,0.8,2.484403544209726,1.860040390842917,-0.5753628987268726,5.544169987146325
2026-02-24 13:00:00,NO,4,1.0,2.44193652341181,1.8501478615329443,-0.6015567088098832,5.485429755633503
2026-02-24 14:00:00,NO,4,1.3,2.50826195475295,1.8700006046337212,-0.5678890398695211,5.584412949375421
2026-02-24 15:00:00,NO,4,1.5,2.612499628382697,1.8923280041883084,-0.5003799385070704,5.725379195272465
2026-02-24 16:00:00,NO,4,2.0,2.7809979604575807,1.8510295268322399,-0.263945611181454,5.825941532096616
2026-02-24 17:00:00,NO,4,2.5,3.145274912859697,1.8735680190519424,0.06325552151925162,6.227294304200142
2026-02-24 18:00:00,NO,4,1.9,3.1312668793917084,1.8227850811735884,0.1327854208611554,6.129748337922262
2026-02-24 19:00:00,NO,4,0.8,2.8444862942209097,1.7748343039851069,-0.07511613583459109,5.7640887242764105
2026-02-24 20:00:00,NO,4,0.6,2.9320085776297837,1.732786623153142,0.08157458254286531,5.782442572716702
2026-02-24 21:00:00,NO,4,0.6,3.20421192030101,1.6856653803755064,0.43129236958330175,5.977131471018718
2026-02-24 22:00:00,NO,4,0.6,3.595676511329493,1.6571711828654385,0.8696299155158465,6.321723107143139
2026-02-24 23:00:00,NO,4,0.4,3.6961170919476403,1.6202996002520067,1.030724249533089,6.361509934362191
2026-02-25 00:00:00,NO,4,0.4,3.7672505923940722,1.596335463645373,1.1412787546974337,6.393222430090711
2026-02-25 01:00:00,NO,4,0.4,3.871188177347271,1.6289402015486765,1.1915815457996985,6.550794808894844
2026-02-25 02:00:00,NO,4,0.4,3.3200193493229064,1.6107011519236585,0.670415954408488,5.969622744237325
2026-02-25 03:00:00,NO,4,1.0,2.647523291941771,1.6575391292167523,-0.07912857561978681,5.374175159503329
2026-02-25 04:00:00,NO,4,1.4,2.3688920370362814,1.605053005054801,-0.2714201562788663,5.009204230351429
2026-02-25 05:00:00,NO,4,0.5,2.655191987645211,1.504002998654333,0.18110705485883294,5.129276920431589
2026-02-25 06:00:00,NO,4,0.4,2.8440833744956158,1.4349467488907584,0.4835959725703183,5.204570776420914
2026-02-25 07:00:00,NO,4,0.4,3.1217409054920924,1.558072379919093,0.5587118405251843,5.6847699704590005
2026-02-25 08:00:00,NO,4,0.4,3.1258894195486118,1.5506364039211045,0.5750925350983951,5.676686303998828
2026-02-25 09:00:00,NO,4,1.1,3.1360719465771556,1.562680615038394,0.5654623348389975,5.706681558315314
2026-02-25 10:00:00,NO,4,1.4,3.3109703997313837,1.4756859589490725,0.8834669972601596,5.738473802202607
2026-02-25 11:00:00,NO,4,0.5,3.5738315733931594,1.450491779161979,1.1877725966717039,5.959890550114615
2026-02-25 12:00:00,NO,4,1.1,3.5494177848915656,1.5080333300353415,1.068702956983429,6.030132612799703
2026-02-25 13:00:00,NO,4,1.3,3.011693001274821,1.5739652086201488,0.422520233094676,5.600865769454966
2026-02-25 14:00:00,NO,4,1.0,2.8656028087539736,1.6505401787597345,0.15046421469421034,5.580741402813737
2026-02-25 15:00:00,NO,4,0.7,2.921473916885403,1.7895626378474614,-0.022356622373671087,5.865304456144477
2026-02-25 16:00:00,NO,4,0.6,3.1573493918650763,1.83679609791001,0.13581981080311012,6.178878972927043
2026-02-25 17:00:00,NO,4,0.8,3.2914119162719984,1.8698814051412687,0.21545700481461116,6.367366827729386
2026-02-25 18:00:00,NO,4,0.6,3.1497256403738745,1.8916613401832816,0.03794273577237606,6.2615085449753725
2026-02-25 19:00:00,NO,4,0.5,2.7914730649682764,1.859137196707932,-0.2668076236162715,5.849753753552824
2026-02-25 20:00:00,NO,4,0.5,2.6865308227990794,1.8393303873803917,-0.339167664441665,5.712229310039824
2026-02-25 21:00:00,NO,4,0.5,2.7406232652437756,1.8113215687769721,-0.23900071539434364,5.720247245881895
2026-02-25 22:00:00,NO,4,0.6,2.6315323982328294,1.7970332499506594,-0.3245872979360054,5.587652094401664
2026-02-25 23:00:00,NO,4,0.6,2.4829819299081386,1.7818922491019005,-0.44823081986448754,5.414194679680765
2026-02-26 00:00:00,NO,4,0.7,2.4471895522774116,1.7156205610136899,-0.37500627059010805,5.269385375144932
2026-02-26 01:00:00,NO,4,1.3,2.953778449560748,1.6658168708818495,0.21350969696010536,5.694047202161391
2026-02-26 02:00:00,NO,4,1.0,3.409925601983287,1.5717287466863976,0.8244318136841629,5.995419390282411
2026-02-26 03:00:00,NO,4,0.4,3.5593088394243755,1.5543746091543522,1.0023626073654661,6.116255071483285
2026-02-26 04:00:00,NO,4,0.4,3.5359037105132987,1.550005945008767,0.9861439309738769,6.0856634900527204
2026-02-26 05:00:00,NO,4,0.4,3.754150633966622,1.4953268672773186,1.294337937295433,6.213963330637811
2026-02-26 06:00:00,NO,4,0.4,4.04803019989529,1.45827431828988,1.6491689463084378,6.446891453482143
2026-02-26 07:00:00,NO,4,0.4,4.040227496867141,1.4264224971647403,1.6937624890311431,6.386692504703139
2026-02-26 08:00:00,NO,4,1.2,4.086835277085012,1.3081917318144733,1.9348598782502031,6.2388106759198205
2026-02-26 09:00:00,NO,4,2.0,4.145040495359595,1.312129683467296,1.9865871660558931,6.303493824663297
2026-02-26 10:00:00,NO,4,0.6,3.8196433550255158,1.3968930875676366,1.5217542259767534,6.117532484074278
2026-02-26 11:00:00,NO,4,0.5,3.3101819521332967,1.4928737070325446,0.8544047040647609,5.7659592002018325
2026-02-26 12:00:00,NO,4,1.3,3.179998492356306,1.5585778059207855,0.6161380016166138,5.743858983095998
2026-02-26 13:00:00,NO,4,1.7,3.1902306340300424,1.5984893618794433,0.5607156337383579,5.819745634321727
2026-02-26 14:00:00,NO,4,1.5,3.203098406893418,1.6517523076336376,0.48596586083608395,5.920230952950751
2026-02-26 15:00:00,NO,4,1.4,3.27373893323386,1.5590139434060355,0.7091609963309313,5.838316870136788
2026-02-26 16:00:00,NO,4,1.3,3.559947233558418,1.6079497821056683,0.9148698419945935,6.205024625122243
2026-02-26 17:00:00,NO,4,1.1,3.5332483507206995,1.6797161651542176,0.7701152590420115,6.296381442399388
2026-02-26 18:00:00,NO,4,0.9,2.61834130785534,1.7432326227911683,-0.2492763566361318,5.485958972346811
2026-02-26 19:00:00,NO,4,0.5,2.1910751617339805,1.709967404444374,-0.6218212185770149,5.003971542044976
2026-02-26 20:00:00,NO,4,0.8,2.4883747114918005,1.7576492934834875,-0.4029583762885367,5.379707799272138
2026-02-26 21:00:00,NO,4,1.1,2.757701702898363,1.7046287330795182,-0.04641256301744434,5.56181596881417
2026-02-26 22:00:00,NO,4,0.6,2.403352429788756,1.6099719819363294,-0.24505148049650582,5.051756340074018
2026-02-26 23:00:00,NO,4,0.4,2.0566663450397544,1.6639241712615347,-0.6804889166854702,4.793821606764979
2026-02-27 00:00:00,NO,4,1.3,2.105030139884513,1.6234940516555574,-0.5656175750888788,4.775677854857905
2026-02-27 01:00:00,NO,4,2.5,2.183815027294201,1.5731955802626456,-0.40409170223785074,4.771721756826253
2026-02-27 02:00:00,NO,4,1.3,2.413160484188753,1.5278771122065902,-0.1001973653910877,4.926518333768594
2026-02-27 03:00:00,NO,4,0.4,2.318695663761108,1.492970687624689,-0.1372411173815058,4.774632444903721
2026-02-27 04:00:00,NO,4,0.4,2.946870564452453,1.3685016861843389,0.6956852906792155,5.19805583822569
2026-02-27 05:00:00,NO,4,0.4,3.5975366473639347,1.3709798040600105,1.3422748696852174,5.852798425042652
2026-02-27 06:00:00,NO,4,0.4,3.1456676878734493,1.4423452449424643,0.7730097599430956,5.518325615803803
2026-02-27 07:00:00,NO,4,0.4,3.0056506557499723,1.319705245926191,0.834735526201388,5.176565785298557
2026-02-27 08:00:00,NO,4,0.4,3.879439709475802,1.3308871191457798,1.6901303984809943,6.0687490204706105
2026-02-27 09:00:00,NO,4,1.5,4.296776468210828,1.4913958826378932,1.8434302412714936,6.7501226951501625
2026-02-27 10:00:00,NO,4,1.9,3.3524610423432155,1.5454931006817818,0.8101248917216846,5.894797192964747
2026-02-27 11:00:00,NO,4,1.5,2.742195388791172,1.6256465794456758,0.0680067656030352,5.416384011979309
2026-02-27 12:00:00,NO,4,0.5,2.963801409813861,1.6552578765042072,0.24090220296444054,5.686700616663282
2026-02-27 13:00:00,NO,4,0.5,2.934579149395759,1.6768928587168221,0.17609039680658656,5.693067901984932
2026-02-27 14:00:00,NO,4,0.5,2.8854852806247124,1.5988151054839397,0.2554344321036317,5.515536129145794
2026-02-27 15:00:00,NO,4,0.5,2.888889834317232,1.8432393257885054,-0.14323885660485924,5.921018525239323
2026-02-27 16:00:00,NO,4,0.5,2.759516956772986,1.7366454949318684,-0.09726488238993758,5.61629879593591
2026-02-27 17:00:00,NO,4,0.5,2.9329674583567846,1.7568719798521295,0.042913051500031774,5.823021865213537
2026-02-27 18:00:00,NO,4,0.6,2.729055949174883,1.7854850198566374,-0.20806690848928566,5.666178806839051
2026-02-27 19:00:00,NO,4,0.6,2.574087177211553,1.895764012049195,-0.5444446226093729,5.692618977032479
2026-02-27 20:00:00,NO,4,0.6,2.332312394749373,1.884210698846212,-0.7672142048526456,5.431838994351391
2026-02-27 21:00:00,NO,4,0.7,2.5303565742734992,1.8755293384182898,-0.5548891874245876,5.615602335971586
2026-02-27 22:00:00,NO,4,0.9,2.2047660943002647,1.8140283311000553,-0.7793105103593265,5.188842698959856
2026-02-27 23:00:00,NO,4,0.7,1.8265405591021846,1.7436179646277288,-1.041710992710429,4.694792110914799
2026-02-28 00:00:00,NO,4,0.8,1.776431773532935,1.7036293757211425,-1.0260385495283446,4.578902096594215
2026-02-28 01:00:00,NO,4,0.8,1.6485138406505906,1.6348430875848612,-1.0408030384265061,4.3378307197276875
2026-02-28 02:00:00,NO,4,0.4,1.6230827103252259,1.5020247950445038,-0.8477480775229829,4.093913498173435
2026-02-28 03:00:00,NO,4,0.4,1.7786834111918546,1.475963677920882,-0.6492768389879962,4.2066436613717055
2026-02-28 04:00:00,NO,4,0.4,1.8874651129184035,1.5004742160618743,-0.5808149725033795,4.355745198340187
2026-02-28 05:00:00,NO,4,0.4,2.1373347574283272,1.4639652010704274,-0.27088799833252564,4.5455575131891806
2026-02-28 06:00:00,NO,4,0.4,2.4867317917602416,1.4283559545014217,0.1370862466054028,4.83637733691508
2026-02-28 07:00:00,NO,4,0.4,2.4671449185594483,1.4824301197875163,0.02854737150898412,4.9057424656099125
2026-02-28 08:00:00,NO,4,0.4,2.3883906436987825,1.5184439744594067,-0.1094496942869414,4.886230981684506
2026-02-28 09:00:00,NO,4,0.4,2.38072500171282,1.5576526552004355,-0.1816136160918962,4.943063619517536
2026-02-28 10:00:00,NO,4,0.5,2.2977555581364637,1.5907744907483292,-0.31906847914453795,4.914579595417465
2026-02-28 11:00:00,NO,4,1.2,2.337426947761723,1.6349655326042498,-0.35209135337226805,5.026945248895714
2026-02-28 12:00:00,NO,4,1.4,2.4176694123701292,1.6768194107313181,-0.3406985182828892,5.176037343023148
2026-02-28 13:00:00,NO,4,1.5,2.4463364632415,1.7250975906432384,-0.39144907336662715,5.284121999849627
2026-02-28 14:00:00,NO,4,1.5,2.5213597631206004,1.782008272803215,-0.4100438456406881,5.452763371881889
2026-02-28 15:00:00,NO,4,1.4,2.493489417250344,1.8200898648249386,-0.50055841038668,5.487537244887368
2026-02-28 16:00:00,NO,4,1.3,2.7036678170460355,1.9099040334867396,-0.43812431803965124,5.845459952131723
2026-02-28 17:00:00,NO,4,1.3,2.7760650689692645,1.9456810905959379,-0.42458032506105337,5.976710462999582
2026-02-28 18:00:00,NO,4,1.3,2.6861846019271014,1.9245959823995462,-0.47977578912015195,5.852144992974354
2026-02-28 19:00:00,NO,4,1.4,2.7381269052539166,1.9147867598056902,-0.41169731462644377,5.887951125134277
2026-02-28 20:00:00,NO,4,1.5,2.7568037643940513,1.9107466728646738,-0.3863745124683371,5.89998204125644
2026-02-28 21:00:00,NO,4,1.7,2.7010384492968202,1.8904373906661258,-0.40873105834895673,5.810807956942597
2026-02-28 22:00:00,NO,4,1.9,2.6693852574946018,1.8807098946602383,-0.4243825192214903,5.763153034210694
2026-02-28 23:00:00,NO,4,1.4,2.6339118046782546,1.8592548543020218,-0.42456243064857135,5.692386040005081
2026-03-01 00:00:00,NO,4,0.5,2.598475807650705,1.8289566356567302,-0.4101578580046161,5.607109473306027
2026-03-01 01:00:00,NO,4,0.4,2.635526640322309,1.7878958638145805,-0.3055620556526759,5.576615336297294
2026-03-01 02:00:00,NO,4,0.4,2.81790944353218,1.7577908104744113,-0.07365643969822644,5.709475326762586
2026-03-01 03:00:00,NO,4,0.4,3.0180584946146167,1.743836446616238,0.1494475399309052,5.886669449298328
2026-03-01 04:00:00,NO,4,0.4,3.1584948607818504,1.7411003714808164,0.2943847496959071,6.022604971867794
2026-03-01 05:00:00,NO,4,0.4,3.3012757323220185,1.74352912060191,0.4331703289318769,6.16938113571216
2026-03-01 06:00:00,NO,4,0.4,3.4234914147106217,1.7976393741024475,0.46637464431209574,6.380608185109148
2026-03-01 07:00:00,NO,4,0.4,3.3847280127057138,1.817779878851751,0.39448011199458355,6.3749759134168436
2026-03-01 08:00:00,NO,4,0.4,3.168909571495275,1.8562107029094017,0.11544296520930919,6.222376177781241
2026-03-01 09:00:00,NO,4,0.4,3.1156572033539347,1.8691813263456254,0.0408539215153807,6.190460485192489
2026-03-01 10:00:00,NO,4,0.5,3.1479830380542975,1.8773050611824895,0.059816212409101954,6.236149863699493
2026-03-01 11:00:00,NO,4,1.0,3.1738832107718826,1.885529218908191,0.07218764566790847,6.275578775875857
2026-03-01 12:00:00,NO,4,1.6,3.1980785381118544,1.905339456784918,0.06379513170066442,6.332361944523044
2026-03-01 13:00:00,NO,4,2.0,3.180084117789651,1.918228606144635,0.02459806068172643,6.335570174897575
2026-03-01 14:00:00,NO,4,2.3,3.183316692310379,1.9382572578767294,-0.005116496896841127,6.371749881517599
2026-03-01 15:00:00,NO,4,2.5,3.161470552563836,1.9596264196425712,-0.062114907748193726,6.385056012875866
2026-03-01 16:00:00,NO,4,2.7,3.1305022367662865,1.9738515535111398,-0.11648356875953869,6.377488042292112
2026-03-01 17:00:00,NO,4,2.8,3.109238085023826,1.9856421196716525,-0.15714320183604213,6.375619371883694
2026-03-01 18:00:00,NO,4,2.8,3.1560696469044176,1.982173160548761,-0.10460520219829395,6.416744496007129
2026-03-01 19:00:00,NO,4,2.8,3.2203165569290446,1.9699036528083507,-0.02017495194069241,6.460808065798782
2026-03-01 20:00:00,NO,4,2.8,3.2665902414895327,1.9600075660286345,0.04237779537242892,6.490802687606637
2026-03-01 21:00:00,NO,4,2.7,3.256562076043056,1.944926275985437,0.05715835204701181,6.455965800039101
2026-03-01 22:00:00,NO,4,2.8,3.144783773339158,1.933139061831878,-0.03522998337428129,6.324797530052598
2026-03-01 23:00:00,NO,4,3.0,2.954579158735926,1.9248727232276497,-0.21183647097355784,6.12099478844541
2026-03-02 00:00:00,NO,4,3.4,2.8284398860604694,1.90733771273128,-0.3091306513824863,5.966010423503425
2026-03-02 01:00:00,NO,4,4.0,2.717847901714636,1.8638862944500045,-0.3482450526556211,5.783940856084893
2026-03-02 02:00:00,NO,4,5.0,2.69348492793664,1.813616986458818,-0.28991501478811577,5.676884870661397
2026-03-02 03:00:00,NO,4,3.8,2.7096409901896172,1.8073126286014904,-0.2633882838598347,5.68267026423907
2026-03-02 04:00:00,NO,4,2.2,2.774053952766426,1.7973888761013161,-0.18265074842023887,5.730758653953091
2026-03-02 05:00:00,NO,4,1.5,2.7945410841762546,1.802149410291216,-0.1699946957527958,5.759076864105305
2026-03-02 06:00:00,NO,4,0.9,2.9006998487280224,1.786357353074241,-0.03785799707910398,5.839257694535149
2026-03-02 07:00:00,NO,4,0.5,3.1098447449294886,1.7482812780408687,0.23392204255225968,5.985767447306717
2026-03-02 08:00:00,NO,4,0.4,3.355328266063479,1.7098966515770384,0.5425482742192509,6.168108257907707
2026-03-02 09:00:00,NO,4,0.8,3.556388608165598,1.6761911985628823,0.7990540865296567,6.31372312980154
2026-03-02 10:00:00,NO,4,1.7,3.808720827470403,1.7063709627407293,1.001740593761903,6.615701061178903
2026-03-02 11:00:00,NO,4,2.4,3.5622331842080874,1.7169442563768342,0.7378598824681952,6.386606485947979
2026-03-02 12:00:00,NO,4,2.9,3.3252630830236294,1.796941615860324,0.36929412493339653,6.281232041113862
2026-03-02 13:00:00,NO,4,3.2,3.4076289180181067,1.868395812403874,0.334117806613734,6.4811400294224795
2026-03-02 14:00:00,NO,4,3.5,3.2056655797719595,1.8957518748171571,0.08715374569773582,6.324177413846183
2026-03-02 15:00:00,NO,4,3.7,2.8286079121792342,1.9003025190420124,-0.29738973164487614,5.954605556003345
2026-03-02 16:00:00,NO,4,3.8,2.7522562875862646,1.9463024850357098,-0.449411300297478,5.953923875470007
2026-03-02 17:00:00,NO,4,3.9,2.7200960621214265,1.9070757596817727,-0.4170435625550897,5.857235686797942
2026-03-02 18:00:00,NO,4,3.8,2.9834582173678212,1.8928765391225564,-0.13032368948878403,6.0972401242244265
2026-03-02 19:00:00,NO,4,3.7,2.933744465476112,1.9179942625312205,-0.2213560963877459,6.0888450273399695
2026-03-02 20:00:00,NO,4,3.4,2.7155553577144813,1.9422997534116135,-0.47952773664762294,5.910638452076586
2026-03-02 21:00:00,NO,4,3.3,2.6588202016286506,1.9608475956249554,-0.5667740931744012,5.8844144964317024
2026-03-02 22:00:00,NO,4,3.3,2.8129179877249593,1.9501679528773974,-0.3951082947583595,6.020944270208278
2026-03-02 23:00:00,NO,4,3.1,2.979569895213431,1.8804426240760963,-0.1137582213917474,6.0728980118186096
2026-03-03 00:00:00,NO,4,1.8,3.1123632924622,1.7636776605360824,0.21111354088034417,6.013613044044056
2026-03-03 01:00:00,NO,4,0.8,3.3023677792589394,1.6934972285369267,0.5165648383156949,6.088170720202184
2026-03-03 02:00:00,NO,4,0.5,3.381008342348634,1.6619779544764408,0.6470546072348888,6.114962077462379
2026-03-03 03:00:00,NO,4,0.5,3.436507666847975,1.6796927603873888,0.6734130760107204,6.199602257685229
2026-03-03 04:00:00,NO,4,0.5,3.395629775332863,1.697419116949994,0.6033753279501228,6.187884222715603
2026-03-03 05:00:00,NO,4,0.5,3.6684624340789265,1.7008905315479106,0.8704975096826133,6.46642735847524
2026-03-03 06:00:00,NO,4,0.5,4.037672306932273,1.6754888112336117,1.2814932124529816,6.7938514014115645
2026-03-03 07:00:00,NO,4,0.5,4.21188394110449,1.6957831182965244,1.422320711506707,7.0014471707022725
2026-03-03 08:00:00,NO,4,0.9,3.9696858931333034,1.7599691898903582,1.074536575763664,6.864835210502942
2026-03-03 09:00:00,NO,4,2.4,3.7943893803976207,1.8407247989743964,0.7663970860847384,6.822381674710503
2026-03-03 10:00:00,NO,4,1.3,3.477061752787259,1.8444022616170845,0.44302003242715493,6.511103473147363
2026-03-03 11:00:00,NO,4,0.8,3.0878804929937136,1.8345460558897406,0.07005223105509018,6.105708754932337
2026-03-03 12:00:00,NO,4,1.1,2.8616138754480853,1.8310813688520549,-0.15051497631354493,5.873742727209716
2026-03-03 13:00:00,NO,4,1.4,2.7959455166530374,1.868118929953731,-0.27711012312085037,5.8690011564269255
2026-03-03 14:00:00,NO,4,1.6,2.834261149812688,1.8952436103260109,-0.28341458917359974,5.951936888798976
2026-03-03 15:00:00,NO,4,1.6,2.9928827990043203,1.9097477654287227,-0.1486522751259285,6.134417873134569
2026-03-03 16:00:00,NO,4,1.8,3.1461843751666856,1.898117130378861,0.023781695693458893,6.268587054639912
2026-03-03 17:00:00,NO,4,2.0,3.1700013330926646,1.948035884691604,-0.03451769722502407,6.374520363410353
2026-03-03 18:00:00,NO,4,2.0,2.870914280149678,1.9598434567410732,-0.35302820618938746,6.094856766488744
2026-03-03 19:00:00,NO,4,1.9,2.677812617005958,1.9580923694396573,-0.5432493307222779,5.898874564734195
2026-03-03 20:00:00,NO,4,1.6,2.7109865876058787,1.9411755863315723,-0.48224725190955775,5.904220427121315
2026-03-03 21:00:00,NO,4,1.4,2.755097976938125,1.9278295352166412,-0.4161816084932495,5.9263775623695
2026-03-03 22:00:00,NO,4,1.3,2.781757569811511,1.8868248102106613,-0.3220692429850267,5.885584382608049
2026-03-03 23:00:00,NO,4,1.3,2.6459982267193927,1.8848435996416333,-0.4545694946910941,5.746565948129879
2026-03-04 00:00:00,NO,4,0.7,2.6854984912311193,1.8539724033909883,-0.36428611234705643,5.735283094809295
2026-03-04 01:00:00,NO,4,0.4,2.7807320745119846,1.8296070498696415,-0.22897152252357555,5.790435671547545
2026-03-04 02:00:00,NO,4,0.4,2.8807103466277644,1.7862563673880854,-0.057681377725636196,5.819102070981165
2026-03-04 03:00:00,NO,4,0.4,2.850836911063828,1.782863280297061,-0.0819731850248373,5.783647007152494
2026-03-04 04:00:00,NO,4,0.4,2.812294936146387,1.764378604606019,-0.09010786843051433,5.714697740723288
2026-03-04 05:00:00,NO,4,0.4,3.189888564534126,1.6975942531979182,0.3973460180235504,5.9824311110447015
2026-03-04 06:00:00,NO,4,0.4,3.1043322124831865,1.7100590695032625,0.29128504315031956,5.917379381816053
2026-03-04 07:00:00,NO,4,0.5,2.994583608420813,1.7392848985895177,0.13345995024105628,5.85570726660057
2026-03-04 08:00:00,NO,4,1.6,2.8435532988697028,1.7245296050743049,0.006702098522471278,5.680404499216934
2026-03-04 09:00:00,NO,4,2.4,2.7905820135625397,1.7236043214545114,-0.04474709523013143,5.625911122355211
2026-03-04 10:00:00,NO,4,0.9,2.859032582151059,1.7562045048314565,-0.02992382829668694,5.747988992598804
2026-03-04 11:00:00,NO,4,0.6,2.8381627635542093,1.8050018718160217,-0.13106531558314627,5.807390842691564
2026-03-04 12:00:00,NO,4,0.5,2.845837923731922,1.8296506171305356,-0.16393734144780892,5.8556131889116525
2026-03-04 13:00:00,NO,4,0.9,2.8418924463265154,1.844629358384077,-0.1925228482152912,5.876307740868322
2026-03-04 14:00:00,NO,4,1.6,2.8842304138207124,1.8796508903545264,-0.20779530081248332,5.976256128453908
2026-03-04 15:00:00,NO,4,1.4,3.0879009610741956,1.8280083758486363,0.08082718280318879,6.0949747393452025
2026-03-04 16:00:00,NO,4,1.2,3.3322230900822847,1.8576906324760651,0.2763219996591575,6.388124180505412
2026-03-04 17:00:00,NO,4,0.9,3.2841687138792857,1.8837600522945985,0.1853834278546711,6.382953999903901
2026-03-04 18:00:00,NO,4,0.7,2.8052572355416507,1.8982708190773585,-0.31739826184060416,5.927912732923906
2026-03-04 19:00:00,NO,4,0.6,2.599682275821362,1.9128510771889198,-0.5469577461544111,5.746322297797135
2026-03-04 20:00:00,NO,4,0.6,2.5678417145619825,1.8880700723826418,-0.5380335545074635,5.6737169836314285
2026-03-04 21:00:00,NO,4,0.6,2.764201946555753,1.8305269039284418,-0.24701481040653395,5.7754187035180395
2026-03-04 22:00:00,NO,4,0.6,3.1593126500936264,1.7587000236656745,0.2662511111635917,6.052374189023661
2026-03-04 23:00:00,NO,4,0.7,2.967977785332073,1.7874141157136283,0.027681564983154328,5.908274005680992
2026-03-05 00:00:00,NO,4,0.7,2.9432625431266946,1.702116629534127,0.14328068754305567,5.743244398710333
2026-03-05 01:00:00,NO,4,1.0,2.796595473373232,1.6849330610249964,0.02488058798711279,5.568310358759351
2026-03-05 02:00:00,NO,4,0.7,2.7976940527262033,1.660298565118339,0.06650291310653555,5.5288851923458715
2026-03-05 03:00:00,NO,4,0.4,2.7734174381808514,1.643883938252823,0.06922835975495767,5.477606516606745
2026-03-05 04:00:00,NO,4,0.4,2.793087517785328,1.6181748713128878,0.13118985447562714,5.4549851810950285
2026-03-05 05:00:00,NO,4,0.4,2.950692746438102,1.628187202141856,0.2723247989147488,5.629060693961455
2026-03-05 06:00:00,NO,4,0.4,3.1385472262437997,1.6026329344747823,0.5022160490327829,5.774878403454816
2026-03-05 07:00:00,NO,4,0.8,3.223833633079335,1.5791913999253824,0.626063780202081,5.821603485956589
2026-03-05 08:00:00,NO,4,2.0,3.1546343374667853,1.5503389361966189,0.6043267874233473,5.704941887510223
2026-03-05 09:00:00,NO,4,0.9,3.0697604601556656,1.5588079760438083,0.5055213395636011,5.63399958074773
2026-03-05 10:00:00,NO,4,0.8,2.7834928486159476,1.6052356256536198,0.1428802444157431,5.424105452816152
2026-03-05 11:00:00,NO,4,1.3,2.6330623058003546,1.6446542746142156,-0.07239397594003005,5.338518587540739
2026-03-05 12:00:00,NO,4,0.8,2.6584930716712263,1.67072264401262,-0.08984567772953334,5.406831821071986
2026-03-05 13:00:00,NO,4,0.5,2.780022738590989,1.6938858273500463,-0.0064194473998373525,5.566464924581815
2026-03-05 14:00:00,NO,4,0.7,3.0474237730700886,1.680974392318461,0.28222089770622016,5.812626648433957
2026-03-05 15:00:00,NO,4,1.1,3.44784372122898,1.7360316140845593,0.5920717160598796,6.30361572639808
2026-03-05 16:00:00,NO,4,0.6,3.659420100796056,1.8495846801134481,0.6168533020094338,6.701986899582678
2026-03-05 17:00:00,NO,4,0.5,3.25624109082172,1.8371646797867158,0.23410519257257256,6.278376989070868
2026-03-05 18:00:00,NO,4,0.5,2.706662374945693,1.7991560460193048,-0.2529493207560636,5.666274070647449
2026-03-05 19:00:00,NO,4,0.5,2.478699867889865,1.7779597944699999,-0.44604399401328454,5.403443729793015
2026-03-05 20:00:00,NO,4,0.5,2.265085137041095,1.8170442340336241,-0.7239526279442168,5.254122902026406
2026-03-05 21:00:00,NO,4,0.8,2.053203659143052,1.7499719409815186,-0.8255001837715463,4.93190750205765
2026-03-05 22:00:00,NO,4,0.5,2.0868318383972975,1.7076653702723477,-0.7222776957007144,4.89594137249531
2026-03-05 23:00:00,NO,4,0.5,2.310354258927153,1.6994958851135944,-0.48531647208471007,5.106024989939016
2026-03-06 00:00:00,NO,4,0.6,2.255317569382406,1.6592777990461958,-0.474194410048586,4.984829548813398
2026-03-06 01:00:00,NO,4,0.6,2.4823935977580893,1.6117209450581356,-0.16888735686254375,5.133674552378722
2026-03-06 02:00:00,NO,4,0.4,2.782084808658836,1.5343845435570982,0.25802223450740946,5.306147382810263
2026-03-06 03:00:00,NO,4,0.4,2.6931402861344864,1.4923877836794175,0.2381623819818448,5.1481181902871285
2026-03-06 04:00:00,NO,4,0.4,2.7709308932929595,1.4802812160083139,0.3358682929592831,5.205993493626636
2026-03-06 05:00:00,NO,4,0.4,3.1437997995713536,1.421821271975384,0.8049038071718471,5.48269579197086
2026-03-06 06:00:00,NO,4,0.4,2.9638047959865337,1.3808323254975046,0.6923356205431386,5.235273971429929
2026-03-06 07:00:00,NO,4,1.0,2.8052777402622047,1.4006414712391908,0.5012225200737359,5.109332960450674
2026-03-06 08:00:00,NO,4,1.7,3.050836374235334,1.4216045555877326,0.7122968802935139,5.389375868177154
2026-03-06 09:00:00,NO,4,0.5,3.0030060157857505,1.4299818181755635,0.6506859248869485,5.355326106684553
2026-03-06 10:00:00,NO,4,0.8,2.7978712278436877,1.484321110002126,0.35616300189019023,5.239579453797186
2026-03-06 11:00:00,NO,4,1.6,2.640096551656439,1.5864742016739508,0.030346489902789653,5.249846613410089
2026-03-06 12:00:00,NO,4,1.2,2.7505349871225366,1.6198526956892598,0.0858773027137043,5.4151926715313685
2026-03-06 13:00:00,NO,4,0.9,2.8528799435755117,1.6311565082286357,0.16962748753940593,5.536132399611617
2026-03-06 14:00:00,NO,4,0.8,3.014608319194229,1.6518589772020646,0.2973003016968323,5.731916336691626
2026-03-06 15:00:00,NO,4,0.7,3.381748396912904,1.7838605505644713,0.44729779123434854,6.316199002591459
2026-03-06 16:00:00,NO,4,0.7,3.464261171059336,1.8774662181039392,0.375829242278356,6.552693099840316
2026-03-06 17:00:00,NO,4,0.7,3.0622041451427555,1.875966251847993,-0.023760339147192777,6.148168629432703
2026-03-06 18:00:00,NO,4,0.6,2.7538957113061464,1.8658947532174004,-0.31550115773647747,5.82329258034877
2026-03-06 19:00:00,NO,4,0.6,2.7288463398620997,1.8886201748541112,-0.3779338477729133,5.835626527497112
2026-03-06 20:00:00,NO,4,0.7,2.4264928370825483,1.8802518898943417,-0.6665215217936438,5.51950719595874
2026-03-06 21:00:00,NO,4,0.9,2.0437878478779483,1.839190032869365,-0.9816797561921575,5.069255451948054
2026-03-06 22:00:00,NO,4,0.5,2.005059712754503,1.8280741404373142,-1.0021222482648788,5.012241673773885
2026-03-06 23:00:00,NO,4,0.8,2.066730250626668,1.821335927330166,-0.929367349831455,5.062827851084791
2026-03-07 00:00:00,NO,4,1.1,2.1646335377326644,1.7916094588401734,-0.7825640220594208,5.11183109752475
2026-03-07 01:00:00,NO,4,0.4,2.4037520420261105,1.74007944083422,-0.45867863814618115,5.266182722198402
2026-03-07 02:00:00,NO,4,0.4,2.639456752177883,1.6418288438760804,-0.061351695998269395,5.340265200354036
2026-03-07 03:00:00,NO,4,0.4,2.693455840634847,1.58038287211081,0.0937260160125648,5.29318566525713
2026-03-07 04:00:00,NO,4,0.4,2.9200631208643846,1.5789176296122147,0.3227436201522913,5.517382621576478
2026-03-07 05:00:00,NO,4,0.4,3.1911765255586646,1.5971723519533692,0.5638280065953722,5.818525044521957
2026-03-07 06:00:00,NO,4,0.4,2.989928970646017,1.5803799134942056,0.39020401294804863,5.589653928343985
2026-03-07 07:00:00,NO,4,0.5,2.9266056718916165,1.6044809505236377,0.28723450828023234,5.565976835503001
2026-03-07 08:00:00,NO,4,0.5,3.0822855068813424,1.6338851429248111,0.39454444677002787,5.770026566992657
2026-03-07 09:00:00,NO,4,0.5,2.9032019301709964,1.6811078484419788,0.1377795194839413,5.6686243408580514
2026-03-07 10:00:00,NO,4,0.6,2.866340899196839,1.7257628558539442,0.02746100131710083,5.705220797076577
2026-03-07 11:00:00,NO,4,0.7,2.8468012922203183,1.7783905304455236,-0.0786511303625681,5.772253714803204
2026-03-07 12:00:00,NO,4,0.8,2.8749522193349013,1.790957403537589,-0.07117270948443277,5.821077148154235
2026-03-07 13:00:00,NO,4,0.8,2.9987270956092367,1.7934257075070903,0.048541806760073136,5.9489123844584
2026-03-07 14:00:00,NO,4,0.9,3.1373146438695367,1.897244316098308,0.016347743887820343,6.258281543851253
2026-03-07 15:00:00,NO,4,0.9,3.2225575128598907,1.9640372789215734,-0.008283810966097871,6.45339883668588
2026-03-07 16:00:00,NO,4,1.0,3.2086877919349606,1.9923704346856448,-0.06876157312292497,6.4861371569928465
2026-03-07 17:00:00,NO,4,1.2,3.1812920859439506,1.9923247403903337,-0.09608211199814853,6.45866628388605
2026-03-07 18:00:00,NO,4,1.3,3.1157634223501818,2.004635764453615,-0.18186241017601512,6.413389254876378
2026-03-07 19:00:00,NO,4,1.3,3.0633459290799956,2.0090188914640863,-0.24149014737842656,6.368182005538418
2026-03-07 20:00:00,NO,4,1.3,3.0056338535608282,2.0051313248002303,-0.2928071757355504,6.304074882857207
2026-03-07 21:00:00,NO,4,1.5,2.941126917928771,2.000007052679125,-0.3488846837283899,6.231138519585931
2026-03-07 22:00:00,NO,4,2.0,2.8886442418729006,1.9853669104767722,-0.3772843258613898,6.154572809607191
2026-03-07 23:00:00,NO,4,1.0,2.8509678093734934,1.9766326265587868,-0.4005928613157108,6.1025284800626975
2026-03-08 00:00:00,NO,4,0.5,2.832738785070518,1.9611512133283817,-0.39335496085467003,6.058832530995706
2026-03-08 01:00:00,NO,4,0.9,2.8807053337111173,1.9325804005813396,-0.2983894252451864,6.059800092667421
2026-03-08 02:00:00,NO,4,0.6,2.9797283685256146,1.8823847283374153,-0.11679450958943383,6.076251246640663
2026-03-08 03:00:00,NO,4,0.5,2.991170302059445,1.8580413041158115,-0.06530764321106508,6.047648247329954
2026-03-08 04:00:00,NO,4,0.5,3.0183403492005536,1.83872881033249,-0.006368543796392512,6.043049242197499
2026-03-08 05:00:00,NO,4,0.5,3.0680609893076882,1.7973955311383196,0.11134534058515255,6.0247766380302235
2026-03-08 06:00:00,NO,4,0.5,3.1262441522908864,1.8349054551621156,0.10782467854920608,6.144663626032567
2026-03-08 07:00:00,NO,4,0.5,2.91197503687624,1.8665117174955848,-0.15843673840399708,5.982386812156477
2026-03-08 08:00:00,NO,4,0.5,2.8223738088607733,1.8523378407244364,-0.22472193913092475,5.869469556852471
2026-03-08 09:00:00,NO,4,0.6,2.9689934295986715,1.8505942054472686,-0.07523403836208553,6.013220897559428
2026-03-08 10:00:00,NO,4,0.7,3.0087604684673073,1.848299269750143,-0.03169183027167799,6.049212767206292
2026-03-08 11:00:00,NO,4,1.1,3.112619386633982,1.8315967813609209,0.09964268129526754,6.125596091972697
2026-03-08 12:00:00,NO,4,1.4,3.3190867472401857,1.853927105604589,0.26937665852063697,6.368796835959735
2026-03-08 13:00:00,NO,4,1.7,3.3118460701051746,1.8597855094903468,0.25249890699355415,6.371193233216795
2026-03-08 14:00:00,NO,4,2.0,3.3091457221469796,1.8971131622972106,0.18839457016806804,6.429896874125891
2026-03-08 15:00:00,NO,4,2.2,3.2534494684477107,1.9351532882352986,0.07012230930064423,6.436776627594777
2026-03-08 16:00:00,NO,4,2.4,3.1838371910970116,1.964432061933514,-0.0476535507836191,6.415327932977642
2026-03-08 17:00:00,NO,4,2.6,3.129568713010514,1.9850026186030412,-0.13576059459148881,6.394898020612517
2026-03-08 18:00:00,NO,4,2.7,3.1092757487567764,1.9800682018786189,-0.14793644333355171,6.3664879408471045
2026-03-08 19:00:00,NO,4,2.8,3.0352144299188044,1.967977873307824,-0.20210917167256603,6.272538031510175
2026-03-08 20:00:00,NO,4,2.8,3.005098087570103,1.9702058541888803,-0.23589054257060527,6.246086717710812
2026-03-08 21:00:00,NO,4,2.8,2.954219801815943,1.9568669714037867,-0.26482636614328614,6.173265969775173
2026-03-08 22:00:00,NO,4,3.0,2.9127624630070197,1.9484947340000653,-0.29251137442308783,6.118036300437128
2026-03-08 23:00:00,NO,4,3.3,2.8323372187566647,1.941722262869844,-0.36179590366422865,6.026470341177558
2026-03-09 00:00:00,NO,4,3.7,2.764775479450761,1.9269475781340928,-0.40505328657982176,5.934604245481344
2026-03-09 01:00:00,NO,4,4.7,2.7061405527972537,1.8953502975325176,-0.41171068664373767,5.823991792238245
2026-03-09 02:00:00,NO,4,4.3,2.6772668520450287,1.847725202390888,-0.3622411058879824,5.716774809978039
2026-03-09 03:00:00,NO,4,3.3,2.6663343934136203,1.821276473643118,-0.3296654057293087,5.66233419255655
2026-03-09 04:00:00,NO,4,2.4,2.7012966494412165,1.8231190681586238,-0.29773421767971975,5.700327516562153
2026-03-09 05:00:00,NO,4,1.6,2.810869152292768,1.8264601693741787,-0.19365782632775597,5.815396130913292
2026-03-09 06:00:00,NO,4,1.0,2.9688124021806908,1.818189823265119,-0.02210985709043012,5.959734661451812
2026-03-09 07:00:00,NO,4,0.8,3.0912567119644456,1.7796287175909569,0.16376747152732163,6.01874595240157
2026-03-09 08:00:00,NO,4,0.8,3.1832921528739213,1.7692718126172278,0.2728400211185815,6.0937442846292615
2026-03-09 09:00:00,NO,4,0.9,3.4250024962815604,1.765563945112501,0.5206498065714964,6.329355185991624
2026-03-09 10:00:00,NO,4,1.4,3.4071605084024177,1.7873250751291827,0.467010759814912,6.347310256989923
2026-03-09 11:00:00,NO,4,2.0,3.299454680367134,1.8560952755137885,0.24617795214695182,6.352731408587316
2026-03-09 12:00:00,NO,4,2.3,3.358236759490674,1.894794561291063,0.24129970616687535,6.475173812814473
2026-03-09 13:00:00,NO,4,2.3,3.3573013449865403,1.9224133765541755,0.19493134055492156,6.519671349418159
2026-03-09 14:00:00,NO,4,2.3,3.1820874708767244,1.9257959280656434,0.014153169208741101,6.350021772544707
2026-03-09 15:00:00,NO,4,2.3,2.9863396519284704,1.9568016922655072,-0.23259913184828873,6.20527843570523
2026-03-09 16:00:00,NO,4,2.3,2.809038799795582,1.9588023528142517,-0.4131910705838622,6.0312686701750255
2026-03-09 17:00:00,NO,4,2.4,2.691410918506917,1.930152383335004,-0.48368975207916476,5.866511589092999
2026-03-09 18:00:00,NO,4,2.4,2.7430647352325384,1.9346216641318303,-0.4393879022643228,5.9255173727293995
2026-03-09 19:00:00,NO,4,2.3,2.7502538708750257,1.958306979343387,-0.47116111014484563,5.971668851894897
2026-03-09 20:00:00,NO,4,2.2,2.685833638011944,1.9802777281398494,-0.5717232247781086,5.943390500801996
2026-03-09 21:00:00,NO,4,2.0,2.6295266707489975,1.9920386675866022,-0.647376937430963,5.906430278928958
2026-03-09 22:00:00,NO,4,2.0,2.5416027829009145,1.9695639881497586,-0.6983299776054386,5.7815355434072675
2026-03-09 23:00:00,NO,4,2.1,2.5217444613173776,1.937873354162533,-0.6660572062799894,5.709546128914745
2026-03-10 00:00:00,NO,4,2.0,2.4648890509876393,1.899446763717824,-0.6597008753281814,5.58947897730346
2026-03-10 01:00:00,NO,4,1.0,2.4336622243489234,1.862841567955888,-0.6307121549385126,5.4980366036363595
2026-03-10 02:00:00,NO,4,0.7,2.42090132144734,1.8077278504520586,-0.5528109925462963,5.394613635440976
2026-03-10 03:00:00,NO,4,0.7,2.498068402311105,1.7875416949545604,-0.4424376858891472,5.438574490511357
2026-03-10 04:00:00,NO,4,0.7,2.521635427161426,1.7867278612990196,-0.4175319046754611,5.460802758998313
2026-03-10 05:00:00,NO,4,0.6,2.585928800332127,1.76868941233542,-0.32356528295963916,5.495422883623893
2026-03-10 06:00:00,NO,4,0.8,2.8010905409001166,1.7325361100699397,-0.04893136016493438,5.651112441965168
2026-03-10 07:00:00,NO,4,0.9,2.9842301499991892,1.7088940464369688,0.17309944361037566,5.795360856388003
2026-03-10 08:00:00,NO,4,2.0,2.956363355601046,1.724462379249036,0.11962274173638177,5.79310396946571
2026-03-10 09:00:00,NO,4,2.4,2.7537461836989747,1.7562206679269259,-0.1352368150408183,5.642729182438767
2026-03-10 10:00:00,NO,4,1.2,2.7279521380242913,1.7740110791992838,-0.19029608725853064,5.646200363307113
2026-03-10 11:00:00,NO,4,1.5,2.8639007613523897,1.7771448962489556,-0.05950259297714222,5.787304115681922
2026-03-10 12:00:00,NO,4,2.1,2.991536713322903,1.7904324195943577,0.04627538309018453,5.936798043555621
2026-03-10 13:00:00,NO,4,1.9,2.9765985100640373,1.8381655011571731,-0.0471837393395127,6.000380759467587
2026-03-10 14:00:00,NO,4,1.2,3.0179684172143153,1.9020025457115892,-0.1108257704812492,6.146762604909879
2026-03-10 15:00:00,NO,4,1.2,3.235118504499255,1.8768301598112203,0.14773289160979797,6.322504117388712
2026-03-10 16:00:00,NO,4,1.8,3.280421996598299,1.8957876009523842,0.1618513930316272,6.398992600164971
2026-03-10 17:00:00,NO,4,1.6,2.9546562152605698,1.9293587263446257,-0.2191388895763393,6.128451320097479
2026-03-10 18:00:00,NO,4,1.2,2.457250014085292,1.929507889725872,-0.716790464513767,5.631290492684352
2026-03-10 19:00:00,NO,4,1.2,2.397013612643334,1.9238731403537326,-0.7677577032385559,5.561784928525224
2026-03-10 20:00:00,NO,4,2.0,2.5538891021624477,1.917980153775263,-0.6011882507978599,5.708966455122756
2026-03-10 21:00:00,NO,4,1.5,2.4926242091702426,1.9246807995571635,-0.6734757061012915,5.658724124441777
2026-03-10 22:00:00,NO,4,1.1,2.1844678172878256,1.8967816387608916,-0.9357379784738411,5.304673613049492
2026-03-10 23:00:00,NO,4,1.7,2.144946910065618,1.8469628098648516,-0.8933069121620631,5.183200732293299
2026-03-11 00:00:00,NO,4,2.0,2.5263233680685904,1.848343711385652,-0.5142020371608074,5.566848773297988
2026-03-11 01:00:00,NO,4,1.0,2.5316396787067506,1.8323138144996232,-0.4825165461451295,5.545795903558631
2026-03-11 02:00:00,NO,4,1.0,2.5196407776746055,1.773507274374401,-0.3977786886712842,5.437060244020495
2026-03-11 03:00:00,NO,4,1.0,2.5868766584360103,1.6743588430694734,-0.16744363841327337,5.3411969552852945
2026-03-11 04:00:00,NO,4,1.0,3.234524442973367,1.6733395653295524,0.481880858006253,5.987168027940481
2026-03-11 05:00:00,NO,4,1.0,3.092860068429955,1.6946892359572663,0.30509627528025174,5.880623861579658
2026-03-11 06:00:00,NO,4,1.1,2.9253680738613386,1.6508998833711324,0.2096377657158257,5.641098382006851
2026-03-11 07:00:00,NO,4,1.8,3.298539959907536,1.6283625483051147,0.6198835679456223,5.97719635186945
2026-03-11 08:00:00,NO,4,1.8,3.4306158800865822,1.628785842078424,0.7512631698675749,6.10996859030559
2026-03-11 09:00:00,NO,4,1.2,2.971593866182392,1.6359007444297144,0.2805371415955116,5.662650590769273
2026-03-11 10:00:00,NO,4,2.0,2.904683983685858,1.66942650360956,0.15847738524813204,5.6508905821235835
2026-03-11 11:00:00,NO,4,2.1,3.1414059156570975,1.6821178326708093,0.3743220809136161,5.9084897504005784
2026-03-11 12:00:00,NO,4,1.3,3.4720945018305622,1.7022509267356294,0.6718917273504519,6.272297276310672
2026-03-11 13:00:00,NO,4,2.3,3.308692532441001,1.7031920910871445,0.506941542602648,6.110443522279354
2026-03-11 14:00:00,NO,4,3.1,3.2284249622055468,1.59906075093004,0.5979700269256307,5.858879897485463
2026-03-11 15:00:00,NO,4,1.9,3.3170436812507402,1.7244061752341797,0.4803955229905146,6.153691839510966
2026-03-11 16:00:00,NO,4,1.2,3.1458597804210533,1.735796302746519,0.29047486240302955,6.001244698439077
2026-03-11 17:00:00,NO,4,1.4,2.417725916726493,1.5593879583904702,-0.14746727482583077,4.982919108278816
2026-03-11 18:00:00,NO,4,1.5,2.6695880942543964,1.6599438651529161,-0.06101956392215069,5.400195752430943
2026-03-11 19:00:00,NO,4,1.2,2.654958504889364,1.691174470037459,-0.12702349832225623,5.436940508100983
2026-03-11 20:00:00,NO,4,1.4,2.224246519583313,1.568340700596436,-0.35567393289782423,4.804166972064451
2026-03-11 21:00:00,NO,4,1.4,2.212810328490867,1.5207249298387926,-0.2887821810939468,4.7144028380756815
2026-03-11 22:00:00,NO,4,1.3,2.728782443380858,1.5315839342975424,0.20932687146140072,5.248238015300315
2026-03-11 23:00:00,NO,4,2.1,2.2679544801466403,1.6456127653868247,-0.4390785189146862,4.974987479207966
2026-03-12 00:00:00,NO,4,1.4,2.2304510402594255,1.581369774941143,-0.3709022395187547,4.831804320037605
2026-03-12 01:00:00,NO,4,1.1,2.6525210974436497,1.4935313923763103,0.1956619569846194,5.1093802379026805
2026-03-12 02:00:00,NO,4,1.1,3.2490617419859924,1.4910530396309984,0.7962794917929998,5.7018439921789845
2026-03-12 03:00:00,NO,4,1.0,3.489873114133416,1.3342172970911155,1.2950856604185308,5.684660567848301
2026-03-12 04:00:00,NO,4,1.1,3.700453200056672,1.335291051386552,1.5038994205257943,5.89700697958755
2026-03-12 05:00:00,NO,4,1.2,3.4428182640512093,1.3460522009110671,1.2285623935525036,5.657074134549915
2026-03-12 06:00:00,NO,4,1.2,3.942614660581519,1.3116639089175697,1.784927530412117,6.100301790750921
2026-02-13 00:00:00,NO,10,2.3,3.345501721335287,1.9721341348748052,0.10134106946623245,6.589662373204342
2026-02-13 01:00:00,NO,10,2.4,3.4634901883898594,1.918026279012786,0.30833695941382633,6.618643417365893
2026-02-13 02:00:00,NO,10,2.6,3.451175781147673,1.9671957872246644,0.21513871116310002,6.687212851132246
2026-02-13 03:00:00,NO,10,2.9,3.374595088013966,2.0062877570732502,0.07425172762846932,6.6749384483994625
2026-02-13 04:00:00,NO,10,3.7,3.2998110703432877,2.031470255889404,-0.04195750059478209,6.641579641281357
2026-02-13 05:00:00,NO,10,3.8,3.1929166311047146,2.1614936448500983,-0.3627404146736972,6.748573676883126
2026-02-13 06:00:00,NO,10,3.8,3.15611144983547,2.204778140974126,-0.47074859206696695,6.782971491737907
2026-02-13 07:00:00,NO,10,4.3,3.0929640860253573,2.154147228391119,-0.45060810467803325,6.636536276728748
2026-02-13 08:00:00,NO,10,4.5,3.163436955797298,2.1076464921887523,-0.3036415238531993,6.630515435447796
2026-02-13 09:00:00,NO,10,4.7,3.318647986489503,2.1243028299843383,-0.17583016883473368,6.81312614181374
2026-02-13 10:00:00,NO,10,5.3,3.3291665288986767,2.139064184456444,-0.18959405453217393,6.847927112329527
2026-02-13 11:00:00,NO,10,5.5,3.295440979980837,2.166752472252709,-0.26886683687486945,6.859748796836543
2026-02-13 12:00:00,NO,10,5.8,3.356496542123682,2.0140921588774487,0.04331494077027864,6.6696781434770855
2026-02-13 13:00:00,NO,10,6.0,3.1306402818911354,1.8227652927415448,0.13219137533129421,6.129089188450976
2026-02-13 14:00:00,NO,10,4.5,2.9764889907216205,1.823454606668794,-0.023093837248545412,5.9760718186917865
2026-02-13 15:00:00,NO,10,2.8,3.2402574003647695,1.846801652685775,0.2022686816966699,6.278246119032869
2026-02-13 16:00:00,NO,10,3.1,3.5970854764414417,1.913522534828887,0.4493409066479228,6.744830046234961
2026-02-13 17:00:00,NO,10,3.9,3.301021963532184,1.9478843411962996,0.09675222226427094,6.505291704800097
2026-02-13 18:00:00,NO,10,4.5,2.8204520215598636,2.0484216591676927,-0.5492016077709909,6.190105650890718
2026-02-13 19:00:00,NO,10,4.3,2.114290348048537,2.1157481079414655,-1.3661152895151738,5.594695985612248
2026-02-13 20:00:00,NO,10,3.6,2.34558738396683,2.174522065779643,-1.2315014142406828,5.922676182174342
2026-02-13 21:00:00,NO,10,3.1,2.5158087928314417,2.202364265004463,-1.1070804231009,6.138698008763783
2026-02-13 22:00:00,NO,10,2.4,2.458391001393201,2.1886650447230784,-1.1419629971762633,6.058744999962665
2026-02-13 23:00:00,NO,10,2.0,2.4036777862172234,2.1721823173679593,-1.1695621258530697,5.976917698287517
2026-02-14 00:00:00,NO,10,1.8,3.261778506396473,2.07805795889411,-0.15662683598433835,6.680183848777284
2026-02-14 01:00:00,NO,10,1.7,3.20882498844567,2.0184677422963064,-0.11155444763175382,6.529204424523094
2026-02-14 02:00:00,NO,10,1.9,3.0377417762465715,2.0022046805667597,-0.2558849232857483,6.331368475778891
2026-02-14 03:00:00,NO,10,2.1,3.094781054437884,1.9491270995734329,-0.1115330243604129,6.301095133236181
2026-02-14 04:00:00,NO,10,2.5,3.123284576851589,1.7950475473940641,0.17043136138835369,6.0761377923148245
2026-02-14 05:00:00,NO,10,2.7,3.121301080940211,1.57039674185828,0.53799844058334,5.704603721297081
2026-02-14 06:00:00,NO,10,2.9,3.5428790904202434,1.512254262358853,1.0552208288399303,6.0305373520005565
2026-02-14 07:00:00,NO,10,3.5,3.9742121738766705,1.6087488192916297,1.3278203661419394,6.620603981611401
2026-02-14 08:00:00,NO,10,3.8,4.276992344752575,1.7720564522609268,1.3619594807833502,7.1920252087218
2026-02-14 09:00:00,NO,10,4.2,4.805528363041038,1.862907163878401,1.7410460784610682,7.870010647621008
2026-02-14 10:00:00,NO,10,4.6,5.164831768531463,1.9548549915866205,1.949095307371472,8.380568229691454
2026-02-14 11:00:00,NO,10,4.9,4.7097671388547315,2.05369787844058,1.3314341288199776,8.088100148889485
2026-02-14 12:00:00,NO,10,5.3,4.866999505260792,1.986058115200798,1.5999339057554796,8.134065104766105
2026-02-14 13:00:00,NO,10,5.7,4.752671827470246,1.9748272782543879,1.5040809547417782,8.001262700198716
2026-02-14 14:00:00,NO,10,5.9,4.0306416331734525,2.0037521766998894,0.7344693025021343,7.326813963844771
2026-02-14 15:00:00,NO,10,6.2,3.913748862317484,2.065300090161071,0.5163302140025219,7.311167510632446
2026-02-14 16:00:00,NO,10,6.3,3.929453216074785,1.9255420004598978,0.7619366253182531,7.096969806831316
2026-02-14 17:00:00,NO,10,4.9,3.660602218369211,1.9558161211629883,0.44328469905609547,6.877919737682326
2026-02-14 18:00:00,NO,10,3.1,3.701788798438933,2.063119671177775,0.30795693935149293,7.095620657526373
2026-02-14 19:00:00,NO,10,2.7,3.79224301966904,2.12377621251034,0.2986311500895309,7.285854889248549
2026-02-14 20:00:00,NO,10,3.6,3.8933679014037947,2.116554438674507,0.4116358497842305,7.3750999530233585
2026-02-14 21:00:00,NO,10,4.6,4.04581405928729,2.0030703974626336,0.7507632554612576,7.340864863113322
2026-02-14 22:00:00,NO,10,5.4,4.281637340170902,1.9166587673403768,1.128733667895982,7.4345410124458216
2026-02-14 23:00:00,NO,10,5.2,4.542686543337408,1.9486569153790103,1.3371459175389355,7.74822716913588
2026-02-15 00:00:00,NO,10,4.0,4.626107273679038,2.013984871251592,1.313102160470169,7.939112386887906
2026-02-15 01:00:00,NO,10,3.1,4.468267317193865,2.081785951686859,1.0437294266689818,7.892805207718748
2026-02-15 02:00:00,NO,10,2.9,4.219271562239099,2.124024224639067,0.7252517127078337,7.7132914117703635
2026-02-15 03:00:00,NO,10,3.1,3.8727720041730276,2.1680531217793706,0.30632461884596296,7.439219389500092
2026-02-15 04:00:00,NO,10,3.3,3.4986618348827454,2.170765892194153,-0.07224805777663645,7.069571727542128
2026-02-15 05:00:00,NO,10,3.4,3.1813513766669677,2.1334752805752175,-0.32821545987926504,6.6909182132132
2026-02-15 06:00:00,NO,10,3.3,3.1551706555309487,2.035682718821125,-0.1935274169298018,6.5038687279917
2026-02-15 07:00:00,NO,10,4.4,3.431463259755094,1.9029128301632374,0.3011716541365681,6.5617548653736195
2026-02-15 08:00:00,NO,10,4.9,3.9659030263162083,1.8090358915990838,0.9900389846357154,6.941767067996701
2026-02-15 09:00:00,NO,10,5.1,4.808474166119503,1.7254856728514207,1.9700502342789163,7.64689809796009
2026-02-15 10:00:00,NO,10,5.4,5.426857176155865,1.7715808990986857,2.512606597138527,8.341107755173203
2026-02-15 11:00:00,NO,10,5.6,5.782984437210628,1.9046319953047428,2.649864804934326,8.916104069486929
2026-02-15 12:00:00,NO,10,5.7,5.852171290037369,1.9944274942715332,2.5713380619606965,9.13300451811404
2026-02-15 13:00:00,NO,10,5.7,5.85886077274823,2.07312597174848,2.44856854922198,9.26915299627448
2026-02-15 14:00:00,NO,10,5.9,5.156890880642922,2.131895230152292,1.6499232270424016,8.663858534243442
2026-02-15 15:00:00,NO,10,5.9,5.040047401266575,2.1015502204154326,1.5829972886831882,8.497097513849962
2026-02-15 16:00:00,NO,10,6.1,5.204315551540111,2.0190941678091887,1.8829056454939952,8.525725457586226
2026-02-15 17:00:00,NO,10,6.4,4.865365714750627,2.0057825691538214,1.5658533884925911,8.164878041008663
2026-02-15 18:00:00,NO,10,6.8,4.563400737120731,2.1063199248649984,1.098504460717809,8.028297013523654
2026-02-15 19:00:00,NO,10,6.4,5.0017875915680445,2.037025679583988,1.6508803486523842,8.352694834483705
2026-02-15 20:00:00,NO,10,4.8,4.73461528451961,2.0485564881892766,1.3647398614482502,8.104490707590971
2026-02-15 21:00:00,NO,10,3.5,3.9885250713259475,2.129522768166148,0.48546011769263364,7.491590024959262
2026-02-15 22:00:00,NO,10,2.9,3.949291659545078,2.1773778907142707,0.36750502932010276,7.531078289770054
2026-02-15 23:00:00,NO,10,2.7,4.078892533738006,2.2011061008388255,0.4580729978581384,7.699712069617874
2026-02-16 00:00:00,NO,10,2.5,3.3949543935588915,2.156676884667615,-0.15277908171933552,6.942687868837119
2026-02-16 01:00:00,NO,10,2.5,3.403421962681039,2.1223002481736843,-0.08776194556467143,6.89460587092675
2026-02-16 02:00:00,NO,10,2.4,3.2872838008860708,2.0409596300696693,-0.07009479057853518,6.644662392350677
2026-02-16 03:00:00,NO,10,2.7,3.286086022313151,2.064526992294084,-0.11006088001061753,6.682232924636919
2026-02-16 04:00:00,NO,10,3.4,3.308156270378713,2.0703145809418295,-0.09751121527059636,6.713823756028022
2026-02-16 05:00:00,NO,10,4.6,3.3953331709927466,2.0557549534078814,0.013616272636781446,6.777050069348712
2026-02-16 06:00:00,NO,10,5.5,3.58357122923707,1.9666187119149352,0.3484834481370016,6.818659010337138
2026-02-16 07:00:00,NO,10,5.8,3.9461978673963563,1.8163728501196676,0.9582645289495031,6.93413120584321
2026-02-16 08:00:00,NO,10,6.1,4.063478994193378,1.731160001042231,1.2157207924789084,6.911237195907848
2026-02-16 09:00:00,NO,10,6.5,4.6855657801645725,1.6393154183102865,1.988891917044151,7.3822396432849935
2026-02-16 10:00:00,NO,10,6.5,4.97665851658839,1.6617087521076745,2.243147619371266,7.710169413805515
2026-02-16 11:00:00,NO,10,6.1,5.104496895744123,1.6646901510810554,2.3660815972157865,7.842912194272459
2026-02-16 12:00:00,NO,10,5.6,5.043937645806985,1.704667086390452,2.2397602886946917,7.848115002919279
2026-02-16 13:00:00,NO,10,5.3,5.050160428050775,1.7390267354051068,2.1894614483093746,7.9108594077921754
2026-02-16 14:00:00,NO,10,5.3,5.349479475014052,1.7206484730262286,2.5190127368859057,8.179946213142198
2026-02-16 15:00:00,NO,10,5.8,5.596276980156622,1.7103922899133437,2.7826816632491718,8.409872297064073
2026-02-16 16:00:00,NO,10,5.6,4.862506946679121,1.8789508503517636,1.7716327978504696,7.953381095507772
2026-02-16 17:00:00,NO,10,5.4,3.1974338905534614,1.9667801711308728,-0.037919490956824564,6.432787272063747
2026-02-16 18:00:00,NO,10,5.5,2.6946367350531415,2.0449381878476998,-0.6692865839563247,6.058560054062608
2026-02-16 19:00:00,NO,10,5.3,3.0907429490192593,2.1131164061992718,-0.38533353917854285,6.566819437217061
2026-02-16 20:00:00,NO,10,3.6,3.153341535151269,2.1384871990932424,-0.36446990735711493,6.671152977659652
2026-02-16 21:00:00,NO,10,3.1,3.2092074605221064,2.1336905118224094,-0.30071343142575735,6.71912835246997
2026-02-16 22:00:00,NO,10,3.0,3.2939445177050524,2.1165026600250174,-0.18770235803610147,6.775591393446206
2026-02-16 23:00:00,NO,10,3.1,3.3947946402020883,2.1017246253270363,-0.06254236846088634,6.852131648865063
2026-02-17 00:00:00,NO,10,3.3,3.8218541853340753,2.0960494591872187,0.3738528249711006,7.26985554569705
2026-02-17 01:00:00,NO,10,5.0,3.410030658257287,2.104942015651148,-0.05259895748885146,6.872660274003425
2026-02-17 02:00:00,NO,10,4.5,2.916368433052854,1.9773266041708573,-0.33633383080820645,6.169070696913915
2026-02-17 03:00:00,NO,10,3.7,3.225357779555406,1.963145062878019,-0.0040158488789354685,6.4547314079897475
2026-02-17 04:00:00,NO,10,4.7,3.961801601061651,1.8878157666943716,0.8563446648494097,7.067258537273892
2026-02-17 05:00:00,NO,10,5.2,4.67623265448169,1.8482287523480134,1.6358963568692078,7.716568952094172
2026-02-17 06:00:00,NO,10,3.8,5.156799416001581,1.8153399594184336,2.1705651827582577,8.143033649244904
2026-02-17 07:00:00,NO,10,3.7,5.4447621531257395,1.7793201510281813,2.517780504684381,8.371743801567098
2026-02-17 08:00:00,NO,10,4.3,5.1112799967643845,1.8200194045063094,2.1173480763515053,8.105211917177265
2026-02-17 09:00:00,NO,10,5.6,4.624229903345617,1.8628093610486092,1.5599085044206547,7.688551302270579
2026-02-17 10:00:00,NO,10,6.0,4.130470175689794,1.927993261241244,0.9589212609479478,7.30201909043164
2026-02-17 11:00:00,NO,10,6.0,4.317517079106398,1.9252670830693492,1.1504527274573189,7.484581430755478
2026-02-17 12:00:00,NO,10,6.4,4.2981940193635255,1.911562321580359,1.1536740003638348,7.442714038363216
2026-02-17 13:00:00,NO,10,6.3,4.066046236377454,1.8810816786738869,0.9716668749589097,7.160425597795998
2026-02-17 14:00:00,NO,10,6.4,4.136750745414083,1.8036754762699272,1.1697045869500524,7.103796903878113
2026-02-17 15:00:00,NO,10,6.5,4.331776763746227,1.7329840982686118,1.4810179220943605,7.182535605398093
2026-02-17 16:00:00,NO,10,6.4,3.351294025097635,1.7579852362260526,0.4594083115057783,6.243179738689491
2026-02-17 17:00:00,NO,10,6.4,3.4568854124302892,1.7887139719717773,0.5144509285367156,6.399319896323863
2026-02-17 18:00:00,NO,10,5.2,4.256898163663392,1.8788248182272576,1.166231337679553,7.34756498964723
2026-02-17 19:00:00,NO,10,3.4,4.058579409925691,1.8179314429039568,1.0680821863486818,7.0490766335026995
2026-02-17 20:00:00,NO,10,3.2,3.2257739164233614,1.5898658363917235,0.610444615558976,5.841103217287747
2026-02-17 21:00:00,NO,10,3.0,2.923811766409035,1.8225445400153855,-0.0742740019162742,5.921897534734344
2026-02-17 22:00:00,NO,10,2.9,3.3898423662898156,1.847871550178522,0.3500936662461469,6.429591066333485
2026-02-17 23:00:00,NO,10,2.8,3.3751189512897115,1.8226478812712696,0.37686318659847284,6.37337471598095
2026-02-18 00:00:00,NO,10,2.7,3.399909842105542,1.950083021856742,0.19202327115120132,6.607796413059882
2026-02-18 01:00:00,NO,10,2.9,3.8768490755861387,2.1254676156561385,0.38045484783179084,7.3732433033404865
2026-02-18 02:00:00,NO,10,3.1,3.4311131242135815,2.1882415061410065,-0.16854415338837425,7.030770401815538
2026-02-18 03:00:00,NO,10,3.1,3.260706532029227,1.9951863918992911,-0.021375082645107124,6.542788146703561
2026-02-18 04:00:00,NO,10,3.7,3.4493130739182583,1.9027244775919314,0.3193313082795308,6.579294839556986
2026-02-18 05:00:00,NO,10,4.2,3.3924910100348127,1.9361159842705733,0.20758021590971953,6.577401804159906
2026-02-18 06:00:00,NO,10,4.7,3.0427034844065846,1.8602715132642313,-0.017443154913076242,6.102850123726245
2026-02-18 07:00:00,NO,10,4.9,3.2633885042836837,1.8458626213129188,0.22694449222393231,6.299832516343435
2026-02-18 08:00:00,NO,10,5.0,3.4066892631309367,1.8335441976657623,0.39050905797075774,6.422869468291116
2026-02-18 09:00:00,NO,10,5.4,3.468783629674629,1.7577996724456642,0.5772031685015113,6.360364090847747
2026-02-18 10:00:00,NO,10,5.4,3.5720224147509456,1.7794953692673103,0.64475253230622,6.499292297195671
2026-02-18 11:00:00,NO,10,5.3,4.189082184359405,1.8479526327891105,1.1492001034213182,7.228964265297492
2026-02-18 12:00:00,NO,10,5.2,4.109400832819668,1.9104882197317143,0.9666477113609981,7.252153954278338
2026-02-18 13:00:00,NO,10,4.9,3.976396940903001,1.941005408595861,0.7834430437628095,7.169350838043193
2026-02-18 14:00:00,NO,10,4.8,3.698473828686847,2.018703624414552,0.37770636652490897,7.019241290848785
2026-02-18 15:00:00,NO,10,4.5,3.161618420950126,2.0332213426896457,-0.18303068777434106,6.506267529674593
2026-02-18 16:00:00,NO,10,4.5,3.7880032663006658,2.052321652056233,0.41193414866816225,7.164072383933169
2026-02-18 17:00:00,NO,10,4.2,4.731150401990327,2.0834179891852442,1.3039278097806002,8.158372994200054
2026-02-18 18:00:00,NO,10,2.9,4.796956626211781,2.027109270368035,1.4623618764563635,8.131551375967199
2026-02-18 19:00:00,NO,10,3.0,4.581563672450845,2.0325510512450133,1.2380171931527983,7.925110151748893
2026-02-18 20:00:00,NO,10,2.9,4.121091402427737,2.06581678331042,0.7228227938820964,7.519360010973378
2026-02-18 21:00:00,NO,10,2.3,3.8626729079890025,2.088487600697468,0.42711080484166786,7.298235011136337
2026-02-18 22:00:00,NO,10,2.2,3.7722441684059946,2.1151542171401125,0.29281548121050927,7.2516728556014804
2026-02-18 23:00:00,NO,10,2.1,3.6283800877256676,2.127662932349504,0.12837456401073322,7.128385611440602
2026-02-19 00:00:00,NO,10,2.2,3.2606609087468215,2.0892363221591888,-0.17613284120504424,6.697454658698687
2026-02-19 01:00:00,NO,10,2.5,3.2899500623485647,1.9365086444164252,0.10439334228354502,6.475506782413584
2026-02-19 02:00:00,NO,10,3.5,3.1509614646020823,1.7625736631291349,0.2515277887546552,6.05039514044951
2026-02-19 03:00:00,NO,10,4.9,2.981517777197049,1.7127653457712977,0.16401878340326448,5.799016770990834
2026-02-19 04:00:00,NO,10,5.0,2.99780542714802,1.6486852335887172,0.2857182178945803,5.7098926364014595
2026-02-19 05:00:00,NO,10,1.0,3.2135291292165347,1.5431250583307496,0.6750884082624515,5.751969850170617
2026-02-19 06:00:00,NO,10,1.3,3.703843381296532,1.4165942857300353,1.3735457812706242,6.03414098132244
2026-02-19 07:00:00,NO,10,1.4,3.9190853449248704,1.3532761856265556,1.6929460195691863,6.145224670280554
2026-02-19 08:00:00,NO,10,1.4,4.218804986594379,1.374571871513189,1.957634257955183,6.479975715233575
2026-02-19 09:00:00,NO,10,1.2,4.171199724198125,1.4606193617275256,1.7684808741563454,6.5739185742399044
2026-02-19 10:00:00,NO,10,1.0,4.046161267352957,1.5178853845880673,1.5492398097055866,6.543082725000328
2026-02-19 11:00:00,NO,10,0.8,4.231303869564365,1.5616073223354985,1.66245982432247,6.80014791480626
2026-02-19 12:00:00,NO,10,0.8,4.3705417388511245,1.5823643924484128,1.7675523132734856,6.973531164428763
2026-02-19 13:00:00,NO,10,0.7,4.641474220282081,1.5426087624999858,2.1038828059696044,7.179065634594558
2026-02-19 14:00:00,NO,10,0.6,5.462208623523663,1.506299482930967,2.9843459741022227,7.940071272945104
2026-02-19 15:00:00,NO,10,0.6,5.866588104605372,1.4830428978691375,3.4269825376106406,8.306193671600102
2026-02-19 16:00:00,NO,10,0.7,5.641749377266509,1.5805530931254093,3.0417395390752104,8.241759215457806
2026-02-19 17:00:00,NO,10,1.0,5.26192195491301,1.6765623878862617,2.5039768268401095,8.019867082985911
2026-02-19 18:00:00,NO,10,1.4,4.831672956628517,1.6489547043564627,2.119142467962136,7.544203445294898
2026-02-19 19:00:00,NO,10,1.6,4.481952256226003,1.7102774678878312,1.6685458215505204,7.295358690901486
2026-02-19 20:00:00,NO,10,0.8,3.997968403131684,1.784633963760806,1.062245532745158,6.9336912735182095
2026-02-19 21:00:00,NO,10,0.4,4.000638528577911,1.6258057172770812,1.3261881236571122,6.675088933498709
2026-02-19 22:00:00,NO,10,0.3,3.6682934482451013,1.756444350993492,0.7789424908608069,6.557644405629396
2026-02-19 23:00:00,NO,10,0.3,2.866348168338577,1.9319015546208866,-0.31162988901278155,6.044326225689936
2026-02-20 00:00:00,NO,10,0.3,2.5317242751891778,2.0561809429442572,-0.8506933759541253,5.914141926332481
2026-02-20 01:00:00,NO,10,0.3,2.8580624137729744,2.169770337754832,-0.7112097918337241,6.427334619379673
2026-02-20 02:00:00,NO,10,0.4,2.696487542761956,2.1688944557100607,-0.8713438368810937,6.264318922405006
2026-02-20 03:00:00,NO,10,1.3,2.994528511790544,2.1805369469172455,-0.5924547658883248,6.581511789469413
2026-02-20 04:00:00,NO,10,2.3,3.1252013501794917,2.1244046427954757,-0.36944428721906597,6.6198469875780495
2026-02-20 05:00:00,NO,10,2.5,2.931668981402032,2.0112617719568227,-0.37685663346694165,6.240194596271005
2026-02-20 06:00:00,NO,10,2.6,2.913504350900376,2.058534397216913,-0.47278473252144604,6.299793434322198
2026-02-20 07:00:00,NO,10,2.6,3.4281447321802694,1.765034810644691,0.524662468669753,6.331626995690786
2026-02-20 08:00:00,NO,10,2.7,3.3255355244696623,1.6973041321658062,0.5334702270569109,6.117600821882414
2026-02-20 09:00:00,NO,10,2.7,3.0655375436350822,1.5706445352603962,0.4818272831317305,5.649247804138434
2026-02-20 10:00:00,NO,10,2.4,2.8493491724991205,1.4692355663930963,0.4324566657824769,5.266241679215764
2026-02-20 11:00:00,NO,10,1.9,2.7482366810016807,1.4671424643201805,0.33478732719498394,5.161686034808378
2026-02-20 12:00:00,NO,10,1.6,2.603978195793758,1.3872950853128905,0.3218777804540536,4.886078611133463
2026-02-20 13:00:00,NO,10,1.4,2.639585760044469,1.2413016625281668,0.5976445251856348,4.681526994903303
2026-02-20 14:00:00,NO,10,1.3,2.7491111627363947,1.2349042924544655,0.7176936016487989,4.78052872382399
2026-02-20 15:00:00,NO,10,1.5,2.8629323074132023,1.2607112519541521,0.7890622979486221,4.936802316877783
2026-02-20 16:00:00,NO,10,1.6,2.7505043049095708,1.5384723278290662,0.21971732563075674,5.281291284188384
2026-02-20 17:00:00,NO,10,1.7,2.6044219010307,1.7198509326776195,-0.2247328832239841,5.433576685285384
2026-02-20 18:00:00,NO,10,1.6,2.452403357515599,1.8005832521021048,-0.5095560921923634,5.4143628072235614
2026-02-20 19:00:00,NO,10,1.9,2.258623916863589,1.8418409065836445,-0.7712043744665062,5.288452208193684
2026-02-20 20:00:00,NO,10,2.5,2.100098905583236,1.881541878157646,-0.995037483986092,5.195235295152564
2026-02-20 21:00:00,NO,10,2.9,2.1239932753553776,2.009839151865947,-1.182192129464105,5.43017868017486
2026-02-20 22:00:00,NO,10,3.7,2.1904967759717184,1.91720291990164,-0.9633020272664794,5.344295579209916
2026-02-20 23:00:00,NO,10,4.3,2.3761243645607397,1.8888276689080576,-0.7309971507930153,5.483245879914495
2026-02-21 00:00:00,NO,10,3.6,2.488189036302569,2.0801883650175603,-0.9337208241513175,5.910098896756455
2026-02-21 01:00:00,NO,10,3.9,2.6578316597422207,2.1386982412425466,-0.8603269471017687,6.17599026658621
2026-02-21 02:00:00,NO,10,3.3,2.9471847612808686,2.173697590368639,-0.6285477748755426,6.52291729743728
2026-02-21 03:00:00,NO,10,2.3,3.32884424860959,2.182215699518819,-0.2609005770988677,6.918589074318048
2026-02-21 04:00:00,NO,10,1.3,3.5750125161864936,2.175443103573487,-0.0035913891918926133,7.15361642156488
2026-02-21 05:00:00,NO,10,0.6,3.761523557260907,2.127005054284307,0.2626002429632224,7.260446871558592
2026-02-21 06:00:00,NO,10,1.1,3.9075743254403497,2.08251704813903,0.48183378125164555,7.333314869629054
2026-02-21 07:00:00,NO,10,1.7,4.065432662474034,2.0507639615708944,0.691925945689913,7.438939379258155
2026-02-21 08:00:00,NO,10,2.0,4.189420640416433,2.017129493713268,0.8712426232581065,7.507598657574759
2026-02-21 09:00:00,NO,10,2.3,4.160450813587129,1.9948813037713007,0.8788710688833397,7.442030558290918
2026-02-21 10:00:00,NO,10,2.5,3.949591223898349,1.9457484219033814,0.7488350698672868,7.150347377929411
2026-02-21 11:00:00,NO,10,2.7,3.7649282318135584,1.917375886948122,0.6108448977838976,6.919011565843219
2026-02-21 12:00:00,NO,10,2.8,3.666926708066449,1.9325196705875283,0.4879318499499652,6.845921566182933
2026-02-21 13:00:00,NO,10,2.8,3.619447462311608,1.972010975160534,0.37548940817252996,6.863405516450687
2026-02-21 14:00:00,NO,10,2.9,3.6528955644359202,1.9702703428017228,0.4118008505270865,6.893990278344754
2026-02-21 15:00:00,NO,10,3.0,3.7668874797330405,1.9457292869466651,0.5661628027057763,6.967612156760305
2026-02-21 16:00:00,NO,10,3.2,3.803634205654255,1.9787947868198237,0.5485167813356453,7.058751629972865
2026-02-21 17:00:00,NO,10,3.4,3.7017178240832482,1.9890880978926238,0.4296679030498822,6.973767745116614
2026-02-21 18:00:00,NO,10,3.6,3.5626745378151305,1.8970886581604627,0.4419636951411694,6.683385380489092
2026-02-21 19:00:00,NO,10,4.0,3.3287486611971895,1.7973213297971415,0.3721550736808914,6.285342248713487
2026-02-21 20:00:00,NO,10,4.4,3.5647398514242927,1.8774270485251787,0.4763723566003737,6.653107346248212
2026-02-21 21:00:00,NO,10,3.6,3.9174406861258,1.9446101661160333,0.7185569628649255,7.116324409386674
2026-02-21 22:00:00,NO,10,2.2,4.343874157254265,1.9655380069920914,1.1105641357522749,7.577184178756255
2026-02-21 23:00:00,NO,10,0.8,4.4669684383662895,2.023617200521687,1.1381181435081142,7.795818733224465
2026-02-22 00:00:00,NO,10,0.7,4.111461971050423,2.0685379978739937,0.7087169645477038,7.514206977553143
2026-02-22 01:00:00,NO,10,1.6,3.7939587017775107,2.112690982181761,0.31858203608851365,7.269335367466508
2026-02-22 02:00:00,NO,10,2.7,3.9803952875777178,2.0692053675931157,0.5765524578870425,7.384238117268393
2026-02-22 03:00:00,NO,10,2.9,3.687166268613002,2.0593465827401936,0.2995411400053838,7.07479139722062
2026-02-22 04:00:00,NO,10,2.2,3.620234048165444,2.0482727319551834,0.2508254040991673,6.989642692231721
2026-02-22 05:00:00,NO,10,1.2,3.9241755424969136,2.0491932874527627,0.5532525846371188,7.295098500356708
2026-02-22 06:00:00,NO,10,1.0,4.410327120106355,2.006594599357564,1.1094790041631621,7.711175236049547
2026-02-22 07:00:00,NO,10,0.8,4.5770436063708955,1.994207905113392,1.2965716024593656,7.857515610282425
2026-02-22 08:00:00,NO,10,0.5,4.538215009091774,1.9655217043020232,1.3049318055149453,7.771498212668602
2026-02-22 09:00:00,NO,10,0.6,4.418532595001784,1.9292050801068787,1.2449902382259683,7.592074951777599
2026-02-22 10:00:00,NO,10,2.0,4.435162510509597,1.900287079927474,1.3091902640289024,7.561134756990292
2026-02-22 11:00:00,NO,10,3.6,4.422314735603084,1.8891311189227358,1.3146940449751838,7.529935426230985
2026-02-22 12:00:00,NO,10,4.5,4.397139140033081,1.8817593070044032,1.3016450800108381,7.492633200055325
2026-02-22 13:00:00,NO,10,5.2,4.364850267677761,1.8566349828013031,1.3106857209696177,7.419014814385905
2026-02-22 14:00:00,NO,10,5.5,4.324528371298948,1.8517167853682612,1.278454259368158,7.370602483229738
2026-02-22 15:00:00,NO,10,5.7,4.402218988125557,1.8302806314173448,1.3914073494440249,7.413030626807089
2026-02-22 16:00:00,NO,10,5.8,4.383418905362655,1.8462619512517684,1.3463179955534956,7.420519815171814
2026-02-22 17:00:00,NO,10,5.1,4.420785583247831,1.8562393316015053,1.3672718827633545,7.474299283732307
2026-02-22 18:00:00,NO,10,3.7,4.487104347669742,1.9334987070264908,1.306498974611165,7.66770972072832
2026-02-22 19:00:00,NO,10,2.2,4.035624755751335,2.059000266483893,0.6485693173853311,7.422680194117339
2026-02-22 20:00:00,NO,10,2.5,3.5027930565652574,2.127134092309466,0.0036574747161854937,7.001928638414329
2026-02-22 21:00:00,NO,10,2.3,3.466582673893445,2.121352720357097,-0.02304255109397957,6.956207898880869
2026-02-22 22:00:00,NO,10,1.2,3.460678138010361,2.1545896311731805,-0.08362180526952079,7.004978081290243
2026-02-22 23:00:00,NO,10,0.4,3.6056408777219597,2.1619290839325744,0.04926753465287481,7.162014220791045
2026-02-23 00:00:00,NO,10,0.4,3.788233890040566,1.9959606486610317,0.5048786229931688,7.071589157087963
2026-02-23 01:00:00,NO,10,0.4,3.5845294748708674,2.035272818699797,0.2365056881097014,6.932553261632034
2026-02-23 02:00:00,NO,10,0.4,3.223609383705982,2.1170404626701655,-0.25892217738644074,6.706140944798404
2026-02-23 03:00:00,NO,10,0.4,2.9094933443034217,2.1656645254297953,-0.6530248000285916,6.4720114886354345
2026-02-23 04:00:00,NO,10,0.8,2.9416561716307847,2.1864281260323746,-0.6550180956924714,6.538330438954041
2026-02-23 05:00:00,NO,10,1.8,3.1588257594406293,2.169143807304175,-0.40941580357473883,6.727067322455998
2026-02-23 06:00:00,NO,10,2.6,3.225192023307913,2.126611115267831,-0.2730832613076686,6.723467307923495
2026-02-23 07:00:00,NO,10,3.0,3.33790799087322,2.1214562554030447,-0.15188754926478865,6.827703531011228
2026-02-23 08:00:00,NO,10,2.7,3.4809024906489836,2.104486363078775,0.0190224233843983,6.942782557913569
2026-02-23 09:00:00,NO,10,2.3,3.711481473431356,2.1523835419415325,0.17081054693753517,7.252152399925176
2026-02-23 10:00:00,NO,10,2.1,3.9631824907914837,2.142795765908287,0.4382834558723516,7.488081525710616
2026-02-23 11:00:00,NO,10,2.3,3.8151867838077997,2.0794685739314867,0.3944609796905043,7.235912587925095
2026-02-23 12:00:00,NO,10,3.1,3.4975357852115425,1.9867955697145991,0.22925707303102705,6.765814497392058
2026-02-23 13:00:00,NO,10,4.0,2.862526561224614,1.9758613426149372,-0.3877653473769578,6.112818469826186
2026-02-23 14:00:00,NO,10,4.9,2.4978804251210853,1.9194677520540508,-0.6596440270078285,5.65540487725
2026-02-23 15:00:00,NO,10,4.9,2.844796324470388,1.9719888322931314,-0.3991253046518133,6.088717953592589
2026-02-23 16:00:00,NO,10,4.0,2.6398080439221423,2.0406939944904843,-0.7171335770147045,5.996749664858989
2026-02-23 17:00:00,NO,10,2.9,2.6297142553332398,2.0931317642994123,-0.8134874969392936,6.072916007605773
2026-02-23 18:00:00,NO,10,1.9,3.083098235938355,2.167543643733591,-0.4825110580034022,6.648707529880113
2026-02-23 19:00:00,NO,10,1.2,3.1432405469856004,2.214986535196067,-0.5004123034119301,6.786893397383131
2026-02-23 20:00:00,NO,10,0.7,3.186986878700742,2.2202069636068935,-0.4652535764325978,6.839227333834081
2026-02-23 21:00:00,NO,10,0.4,3.179582560637723,2.221296663445004,-0.4744504507293086,6.833615572004755
2026-02-23 22:00:00,NO,10,0.4,3.179847493985746,2.22286040046024,-0.4767578647713484,6.836452852742841
2026-02-23 23:00:00,NO,10,0.3,3.1413262818620793,2.2184494581123317,-0.5080230767327065,6.790675640456865
2026-02-24 00:00:00,NO,10,0.3,2.791983107545031,2.187331866725983,-0.8061778132192106,6.3901440283092725
2026-02-24 01:00:00,NO,10,0.3,2.8593722981763574,2.197135272321618,-0.754915224792704,6.473659821145419
2026-02-24 02:00:00,NO,10,0.5,2.9636519063301834,2.1744901468211024,-0.6133843851905301,6.540688197850897
2026-02-24 03:00:00,NO,10,2.0,3.1419784405031392,2.1009952193598957,-0.3141586953438895,6.5981155763501675
2026-02-24 04:00:00,NO,10,1.9,3.425206493417479,2.0058963377900336,0.12550701775287365,6.7249059690820845
2026-02-24 05:00:00,NO,10,0.6,3.365768542045248,2.0254769669555843,0.033858931403311754,6.697678152687184
2026-02-24 06:00:00,NO,10,0.8,3.10345996564191,2.0111869922333208,-0.2049426365819027,6.411862567865723
2026-02-24 07:00:00,NO,10,1.0,2.8928912278326244,1.9236797314034773,-0.2715619303260959,6.057344385991344
2026-02-24 08:00:00,NO,10,1.3,3.203190276287535,1.7999212757416845,0.24231977769246393,6.164060774882605
2026-02-24 09:00:00,NO,10,1.5,3.206634321397403,1.7177140870707255,0.38099464816605977,6.0322739946287465
2026-02-24 10:00:00,NO,10,2.0,2.725285666532469,1.80974330422475,-0.2517420689172445,5.702313401982183
2026-02-24 11:00:00,NO,10,2.5,2.377392040395294,1.9810466279109287,-0.8814296625181837,5.6362137433087725
2026-02-24 12:00:00,NO,10,1.9,1.87931100310456,1.9648887745797348,-1.3529310310791038,5.111553037288224
2026-02-24 13:00:00,NO,10,0.8,1.4767722108901487,1.9314843078478552,-1.7005194755195732,4.654063897299871
2026-02-24 14:00:00,NO,10,0.6,1.3506927546721315,2.0015888912873354,-1.9419209714955352,4.643306480839798
2026-02-24 15:00:00,NO,10,0.6,2.1049487126196995,2.1021947112145907,-1.353161587328302,5.563059012567701
2026-02-24 16:00:00,NO,10,0.6,2.9435811252393096,2.1491443561322736,-0.5917613405982807,6.478923591076899
2026-02-24 17:00:00,NO,10,0.4,3.098380913988956,2.1714369569825864,-0.47363288024739836,6.670394708225311
2026-02-24 18:00:00,NO,10,0.4,2.8122909959331723,2.149784655643683,-0.7241047626006858,6.34868675446703
2026-02-24 19:00:00,NO,10,0.4,2.5180820084525157,2.1129800136605703,-0.9577701140191226,5.9939341309241545
2026-02-24 20:00:00,NO,10,0.4,2.3781461325854782,2.073560137239446,-1.0328602931734108,5.789152558344368
2026-02-24 21:00:00,NO,10,1.0,2.3409852777929663,2.054707127448408,-1.0390079468596647,5.720978502445597
2026-02-24 22:00:00,NO,10,1.4,2.4105072862011765,2.0811015589169393,-1.0129047782171887,5.833919350619542
2026-02-24 23:00:00,NO,10,0.5,2.399325242043445,2.10311904778532,-1.0603055915634068,5.858956075650297
2026-02-25 00:00:00,NO,10,0.4,2.564900211270078,2.130726500654265,-0.9401448823061878,6.069945304846344
2026-02-25 01:00:00,NO,10,0.4,2.6371337397095282,2.119334073133075,-0.84917081059438,6.1234382900134365
2026-02-25 02:00:00,NO,10,0.4,2.578433914708115,2.1147604569736447,-0.9003470370135305,6.05721486642976
2026-02-25 03:00:00,NO,10,1.1,2.4410496739525462,2.076033806571472,-0.9740259378575256,5.856125285762618
2026-02-25 04:00:00,NO,10,1.4,2.562586261332111,2.0393634381450525,-0.7921665944165004,5.917339117080722
2026-02-25 05:00:00,NO,10,0.5,2.9654137990637675,1.9145003539067527,-0.1839392831128408,6.114766881240376
2026-02-25 06:00:00,NO,10,1.1,2.969699651632919,1.8268786212530992,-0.03551568032842933,5.974914983594267
2026-02-25 07:00:00,NO,10,1.3,2.8724986163780146,1.849256646535879,-0.1695285671735065,5.914525799929535
2026-02-25 08:00:00,NO,10,1.0,2.7762712242663565,1.8384781619724906,-0.2480253521783906,5.800567800711104
2026-02-25 09:00:00,NO,10,0.7,2.570212663000896,1.9096127438725186,-0.5711003006693969,5.71152562667119
2026-02-25 10:00:00,NO,10,0.6,2.2517261935677553,1.9138199040207358,-0.8965075485463552,5.399959935681865
2026-02-25 11:00:00,NO,10,0.8,2.068019591983652,1.9058602906847586,-1.0671205861927762,5.20315977016008
2026-02-25 12:00:00,NO,10,0.6,2.161441582054099,1.8776236570640326,-0.9272493338162344,5.250132497924433
2026-02-25 13:00:00,NO,10,0.5,2.3770859576404586,1.9273853106738799,-0.7934628784180737,5.547634793698991
2026-02-25 14:00:00,NO,10,0.5,2.2280869317083605,1.9336467374328847,-0.9527619513687351,5.4089358147854565
2026-02-25 15:00:00,NO,10,0.5,2.0574556576502725,1.9721987962682486,-1.1868113622109964,5.301722677511542
2026-02-25 16:00:00,NO,10,0.6,2.111168677191206,1.9394761556307274,-1.0792695988213405,5.301606953203752
2026-02-25 17:00:00,NO,10,0.6,1.992382031607313,1.9458257056770718,-1.20850125423147,5.193265317446096
2026-02-25 18:00:00,NO,10,0.7,2.039359095412145,1.995265014059163,-1.2428518527151784,5.321570043539468
2026-02-25 19:00:00,NO,10,1.3,2.2008401208399935,2.025975497160319,-1.1318895719887312,5.533569813668718
2026-02-25 20:00:00,NO,10,1.0,2.187493238225164,2.054674652350441,-1.1924465648913118,5.56743304134164
2026-02-25 21:00:00,NO,10,0.4,2.196297097946517,2.082628214349904,-1.2296263146590753,5.6222205105521095
2026-02-25 22:00:00,NO,10,0.4,2.401735646307975,2.132924888415517,-1.1069257951355507,5.910397087751501
2026-02-25 23:00:00,NO,10,0.4,2.4953267231743794,2.1483430673490713,-1.0386976226148428,6.029351068963601
2026-02-26 00:00:00,NO,10,0.4,2.638516263059997,2.112385464545872,-0.8363578261179629,6.113390352237957
2026-02-26 01:00:00,NO,10,0.4,2.6490878508941393,2.0539207881498958,-0.7296118456124394,6.0277875474007185
2026-02-26 02:00:00,NO,10,1.2,2.547171436125416,2.011467524528594,-0.7616926417241214,5.856035513974954
2026-02-26 03:00:00,NO,10,2.0,2.520391617371224,1.9701897872288503,-0.7205705826202347,5.761353817362682
2026-02-26 04:00:00,NO,10,0.6,2.518269687747492,1.9693277541898038,-0.7212744678947351,5.7578138433897195
2026-02-26 05:00:00,NO,10,0.5,2.645790098177906,1.9843902099016701,-0.6185317971103412,5.9101119934661535
2026-02-26 06:00:00,NO,10,1.3,2.6713290227816437,1.9384933884009206,-0.5174926011378704,5.8601506467011575
2026-02-26 07:00:00,NO,10,1.7,2.422844580802403,1.8756485265117009,-0.6625972453093447,5.50828640691415
2026-02-26 08:00:00,NO,10,1.5,2.4021034063117037,1.8080991574255256,-0.5722197076532858,5.376426520276693
2026-02-26 09:00:00,NO,10,1.4,2.2726465513480405,1.762950902704467,-0.6274076836008078,5.172700786296889
2026-02-26 10:00:00,NO,10,1.3,2.1141459404142324,1.7808324652257252,-0.8153234648820855,5.043615345710551
2026-02-26 11:00:00,NO,10,1.1,2.1160851383797055,1.7615499879766385,-0.781664591841865,5.0138348686012755
2026-02-26 12:00:00,NO,10,0.9,2.079842895879578,1.7128989753591446,-0.7378759185862149,4.897561710345371
2026-02-26 13:00:00,NO,10,0.5,2.041135293207429,1.6697500589564385,-0.7056035537759122,4.7878741401907705
2026-02-26 14:00:00,NO,10,0.8,1.9426657911294634,1.531135047305425,-0.5760513616879608,4.461382943946887
2026-02-26 15:00:00,NO,10,1.1,1.9013628123898485,1.564803804446514,-0.672739445924667,4.475465070704364
2026-02-26 16:00:00,NO,10,0.6,2.3597273353340262,1.6691450581422784,-0.38601628531002197,5.105470955978074
2026-02-26 17:00:00,NO,10,0.4,2.5493251043124636,1.776709120488633,-0.3733613988913378,5.472011607516265
2026-02-26 18:00:00,NO,10,1.3,2.6208446929817573,1.8714924444319139,-0.45776037810874115,5.699449764072256
2026-02-26 19:00:00,NO,10,2.5,2.657017227203425,1.9376324933312516,-0.5303882243264839,5.844422678733334
2026-02-26 20:00:00,NO,10,1.3,2.6913966400840144,1.9983915894128783,-0.5959575245001707,5.978750804668199
2026-02-26 21:00:00,NO,10,0.4,2.8322480786250166,1.8659076068257738,-0.23716993460338154,5.901666091853414
2026-02-26 22:00:00,NO,10,0.4,2.668671497696228,1.871312569788167,-0.4096376796053067,5.746980674997763
2026-02-26 23:00:00,NO,10,0.4,2.468150724880076,1.923838508264474,-0.6965636212149837,5.632865070975136
2026-02-27 00:00:00,NO,10,0.4,2.8311458881895364,1.9616457079590102,-0.3957613014030352,6.058053077782108
2026-02-27 01:00:00,NO,10,0.4,2.9452743301770092,1.9220735917244072,-0.21653672820964065,6.107085388563659
2026-02-27 02:00:00,NO,10,0.4,3.155402546849396,1.9479178787542106,-0.048922363701280336,6.359727457400073
2026-02-27 03:00:00,NO,10,1.5,3.2360151924257883,1.8846566839826298,0.13575494727436244,6.336275437577214
2026-02-27 04:00:00,NO,10,1.9,3.1097839545992954,1.8015768961480463,0.14618996043575905,6.073377948762832
2026-02-27 05:00:00,NO,10,1.5,3.590545325554804,1.8365649917498226,0.5693959141263458,6.611694736983262
2026-02-27 06:00:00,NO,10,0.5,3.788937799735086,1.7642590890740144,0.8867315982083324,6.69114400126184
2026-02-27 07:00:00,NO,10,0.5,3.8422259780054837,1.7061052777063355,1.0356827961785617,6.648769159832406
2026-02-27 08:00:00,NO,10,0.5,3.708212424304461,1.6582257963464642,0.9804309893145273,6.435993859294395
2026-02-27 09:00:00,NO,10,0.5,3.472819774342203,1.6057848638413048,0.8313036733232568,6.114335875361149
2026-02-27 10:00:00,NO,10,0.5,3.131245549646983,1.552673855697699,0.5770970570242682,5.685394042269698
2026-02-27 11:00:00,NO,10,0.5,2.878246739870615,1.5712446410062828,0.2935493054152798,5.4629441743259495
2026-02-27 12:00:00,NO,10,0.6,2.729306631717246,1.658921439537967,0.0003808636772899554,5.458232399757202
2026-02-27 13:00:00,NO,10,0.6,2.5248227440651645,1.5843017128719037,-0.0813535736091171,5.1309990617394465
2026-02-27 14:00:00,NO,10,0.6,2.576391416877351,1.607366743187006,-0.06772687566527402,5.220509709419976
2026-02-27 15:00:00,NO,10,0.7,2.4660804660881355,1.779280024697954,-0.4608351745399992,5.39299610671627
2026-02-27 16:00:00,NO,10,0.9,2.7055112975207063,1.8076543003941412,-0.26808002662765595,5.6791026216690685
2026-02-27 17:00:00,NO,10,0.7,3.0466740402003776,1.8836163807828359,-0.05187490618738755,6.145222986588143
2026-02-27 18:00:00,NO,10,0.8,3.587744554409092,1.9175634769173016,0.43335263488013087,6.742136473938053
2026-02-27 19:00:00,NO,10,0.8,3.5579911692062,1.8963738510259043,0.43845618426858746,6.677526154143813
2026-02-27 20:00:00,NO,10,0.4,3.053914998949985,1.802694012081054,0.08848334907665123,6.019346648823319
2026-02-27 21:00:00,NO,10,0.4,3.0332708535191233,2.056646685179103,-0.34991294360050107,6.416454650638748
2026-02-27 22:00:00,NO,10,0.4,2.7521368030964486,1.9329715688087379,-0.4276014275939253,5.931875033786822
2026-02-27 23:00:00,NO,10,0.4,2.419893005213004,1.928884692583953,-0.7531223140875989,5.592908324513607
2026-02-28 00:00:00,NO,10,0.4,3.2494034589831675,2.0896695875874007,-0.1881030125981069,6.6869099305644415
2026-02-28 01:00:00,NO,10,0.4,3.338938120165229,2.1869781654005545,-0.25864096191868313,6.936517202249141
2026-02-28 02:00:00,NO,10,0.4,3.3574084420996138,2.1875750840135497,-0.2411525711026754,6.9559694553019025
2026-02-28 03:00:00,NO,10,0.4,3.407240905054099,2.156109673320132,-0.139559507557518,6.954041317665716
2026-02-28 04:00:00,NO,10,0.5,3.3971167186399587,2.137565674250389,-0.1191788155019311,6.913412252781848
2026-02-28 05:00:00,NO,10,1.2,3.1362361754612906,2.0659902688080454,-0.26231781672794385,6.534790167650526
2026-02-28 06:00:00,NO,10,1.4,2.993183517035235,2.0455986102942076,-0.3718261968987364,6.358193230969206
2026-02-28 07:00:00,NO,10,1.5,3.0860746591925956,2.017367654858758,-0.2324951330500613,6.404644451435253
2026-02-28 08:00:00,NO,10,1.5,3.2315443999669515,1.976321762920269,-0.01950490003689076,6.482593699970794
2026-02-28 09:00:00,NO,10,1.4,3.246130772674042,1.9950193272065821,-0.03567602058078556,6.52793756592887
2026-02-28 10:00:00,NO,10,1.3,3.245289801450891,2.0215248037967437,-0.08011850079475247,6.570698103696534
2026-02-28 11:00:00,NO,10,1.3,3.231610795250383,2.0096817322795366,-0.07431565434945453,6.5375372448502205
2026-02-28 12:00:00,NO,10,1.3,3.19028973071091,1.9823878128453314,-0.07073822141966035,6.451317682841481
2026-02-28 13:00:00,NO,10,1.4,3.2361871472074704,2.0492207253104153,-0.13478094592816303,6.607155240343104
2026-02-28 14:00:00,NO,10,1.5,3.2578511714493428,2.0693133180632843,-0.1461692367647598,6.661871579663446
2026-02-28 15:00:00,NO,10,1.7,3.2665111216052187,2.075990642401089,-0.14849348514457317,6.681515728355011
2026-02-28 16:00:00,NO,10,1.9,3.284985576018716,2.07820369841727,-0.13365950787769298,6.703630659915126
2026-02-28 17:00:00,NO,10,1.4,3.2749691161761976,2.0960922246574523,-0.17310259338531164,6.723040825737707
2026-02-28 18:00:00,NO,10,0.5,3.269463818652772,2.119040230059178,-0.21635735979457582,6.755284997100119
2026-02-28 19:00:00,NO,10,0.4,3.272227652424852,2.1509467465090495,-0.26607974558253433,6.810535050432238
2026-02-28 20:00:00,NO,10,0.4,3.2458077879544946,2.17735705819488,-0.3359445727760826,6.827560148685071
2026-02-28 21:00:00,NO,10,0.4,3.2471557784906473,2.2013357912855334,-0.37404159817405525,6.86835315515535
2026-02-28 22:00:00,NO,10,0.4,3.2873184612472817,2.244132423163453,-0.4042793748565989,6.978916297351162
2026-02-28 23:00:00,NO,10,0.4,3.2958802535675256,2.2563887071357294,-0.41587916967074934,7.0076396768058
2026-03-01 00:00:00,NO,10,0.4,3.2787604706626023,2.2505660445200193,-0.42342067257282956,6.980941613898034
2026-03-01 01:00:00,NO,10,0.4,3.2778230809920355,2.245803608403278,-0.416523854831357,6.9721700168154275
2026-03-01 02:00:00,NO,10,0.4,3.2963335936534888,2.241259816104866,-0.3905388038390156,6.983205991145994
2026-03-01 03:00:00,NO,10,0.4,3.3495140025451553,2.2276735793382074,-0.3150090354661961,7.014037040556507
2026-03-01 04:00:00,NO,10,0.5,3.4020928207117365,2.21366808971662,-0.23939118687210348,7.043576828295576
2026-03-01 05:00:00,NO,10,1.0,3.4429298663140715,2.1932308478719467,-0.16493487843528065,7.050794611063424
2026-03-01 06:00:00,NO,10,1.6,3.477678726721827,2.1733739921214648,-0.09752149031798218,7.052878943761637
2026-03-01 07:00:00,NO,10,2.0,3.446722282043233,2.1408567781009538,-0.07498711793283608,6.968431682019302
2026-03-01 08:00:00,NO,10,2.3,3.4007156290988374,2.125031757065626,-0.09496161127411762,6.896392869471793
2026-03-01 09:00:00,NO,10,2.5,3.3522903756610796,2.120084286868365,-0.13524827623738078,6.83982902755954
2026-03-01 10:00:00,NO,10,2.7,3.341615193431967,2.1242963885412096,-0.15285236571832295,6.836082752582257
2026-03-01 11:00:00,NO,10,2.8,3.349477379752191,2.134566956148089,-0.1618852631114156,6.860840022615797
2026-03-01 12:00:00,NO,10,2.8,3.300770380587802,2.1684880897478562,-0.26639252704742145,6.867933288223026
2026-03-01 13:00:00,NO,10,2.8,3.239145671326647,2.1950678458326927,-0.37174093506813266,6.850032277721427
2026-03-01 14:00:00,NO,10,2.8,3.1915918997383534,2.216308137280309,-0.45423498608775503,6.837418785564462
2026-03-01 15:00:00,NO,10,2.7,3.1639052210820053,2.2251179093670226,-0.49641373982674697,6.824224181990758
2026-03-01 16:00:00,NO,10,2.8,3.1732308037426935,2.2361497917223745,-0.5052356036406125,6.851697211126
2026-03-01 17:00:00,NO,10,3.0,3.185465471940753,2.2467953113605486,-0.5105128152473495,6.881443759128855
2026-03-01 18:00:00,NO,10,3.4,3.1934856532415767,2.255916681290025,-0.5174972874805142,6.904468593963667
2026-03-01 19:00:00,NO,10,4.0,3.2439131882160632,2.261755399513908,-0.4766744439843156,6.964500820416442
2026-03-01 20:00:00,NO,10,5.0,3.2983109386329756,2.2667867992609403,-0.4305533461512714,7.027175223417222
2026-03-01 21:00:00,NO,10,3.8,3.3072546604447495,2.2695243679816923,-0.4261129248851345,7.0406222457746335
2026-03-01 22:00:00,NO,10,2.2,3.308210934553201,2.271461621579768,-0.4283434329455176,7.044765302051919
2026-03-01 23:00:00,NO,10,1.5,3.306927901590897,2.272639155163835,-0.43156350865361137,7.045419311835405
2026-03-02 00:00:00,NO,10,0.9,2.963214757699994,2.2395747137213244,-0.7208856463715847,6.647315161771573
2026-03-02 01:00:00,NO,10,0.5,2.941460418942347,2.2347565128767455,-0.7347140447398992,6.617634882624594
2026-03-02 02:00:00,NO,10,0.4,2.9318700481912905,2.22599034388407,-0.7298840674980047,6.593624163880586
2026-03-02 03:00:00,NO,10,0.8,2.9886593352934105,2.2132029108492,-0.6520594530535235,6.629378123640345
2026-03-02 04:00:00,NO,10,1.7,3.1403016423136716,2.191927147140139,-0.4654185147318568,6.7460217993592
2026-03-02 05:00:00,NO,10,2.4,3.353624195258711,2.1582562004338395,-0.19670725445495485,6.903955644972377
2026-03-02 06:00:00,NO,10,2.9,3.5416562945437366,2.114195751245618,0.0638042837446946,7.019508305342779
2026-03-02 07:00:00,NO,10,3.2,3.725920475599335,2.076419524487306,0.31021035781771644,7.141630593380953
2026-03-02 08:00:00,NO,10,3.5,3.799593061311178,2.0589816256885634,0.41256828705349147,7.186617835568865
2026-03-02 09:00:00,NO,10,3.7,3.7278255457256693,2.0620834613728127,0.3356982517673921,7.119952839683947
2026-03-02 10:00:00,NO,10,3.8,3.5952566287285634,2.0778809859705865,0.17714240680694848,7.013370850650178
2026-03-02 11:00:00,NO,10,3.9,3.4647102175278115,2.0965197140020573,0.015935287994427227,6.913485147061196
2026-03-02 12:00:00,NO,10,3.8,3.366806128633319,2.092661974825591,-0.07562281995477838,6.809235077221416
2026-03-02 13:00:00,NO,10,3.7,3.2795099797312393,2.081001640916361,-0.14373771957617443,6.702757679038653
2026-03-02 14:00:00,NO,10,3.4,3.1889786534003344,2.0550728808261867,-0.19161623555874252,6.569573542359411
2026-03-02 15:00:00,NO,10,3.3,3.117487644499689,2.0137741946024015,-0.1951709056212616,6.430146194620639
2026-03-02 16:00:00,NO,10,3.3,3.151718744583968,2.0657333751476865,-0.24641265753397645,6.549850146701912
2026-03-02 17:00:00,NO,10,3.1,3.1785172671083597,2.065441639594853,-0.21913423002517352,6.576168764241893
2026-03-02 18:00:00,NO,10,1.8,2.944231630255651,2.0419508120505907,-0.41477745556757073,6.303240716078873
2026-03-02 19:00:00,NO,10,0.8,2.7852647983300654,1.987258551801268,-0.48377551938302066,6.054305116043151
2026-03-02 20:00:00,NO,10,0.5,3.2318094742125276,2.1259655594240328,-0.2654038710400064,6.729022819465062
2026-03-02 21:00:00,NO,10,0.5,3.468147411501452,2.2028744180095527,-0.15558100612426218,7.091875829127167
2026-03-02 22:00:00,NO,10,0.5,3.563271348396543,2.2216728572502915,-0.09138050178018675,7.217923198573272
2026-03-02 23:00:00,NO,10,0.5,3.5014089668674404,2.1725459858529623,-0.07242917986068287,7.075247113595564
2026-03-03 00:00:00,NO,10,0.5,3.1081052018461164,2.1706581453776677,-0.46262744730014704,6.67883785099238
2026-03-03 01:00:00,NO,10,0.5,3.081900507681282,2.1736844929948,-0.49381048329516375,6.657611498657728
2026-03-03 02:00:00,NO,10,0.9,3.144974271611455,2.158323478011841,-0.4054678497180233,6.695416392940933
2026-03-03 03:00:00,NO,10,2.4,3.3586454134087247,2.13480545473229,-0.15310955962589246,6.870400386443341
2026-03-03 04:00:00,NO,10,1.3,3.575159478229204,2.0635753954250693,0.18057795275496513,6.969741003703443
2026-03-03 05:00:00,NO,10,0.8,3.608358091950359,2.0108309157630226,0.3005412355201864,6.916174948380531
2026-03-03 06:00:00,NO,10,1.1,3.358827711243437,1.9869760385054511,0.0902521279019699,6.627403294584903
2026-03-03 07:00:00,NO,10,1.4,2.7366690952863806,1.9827284482046268,-0.5249192020102305,5.998257392582992
2026-03-03 08:00:00,NO,10,1.6,2.0712612383187983,2.004028983851096,-1.2253664401162547,5.367888916753851
2026-03-03 09:00:00,NO,10,1.6,1.6476153680169325,2.0334495496922402,-1.6974091412268026,4.992639877260668
2026-03-03 10:00:00,NO,10,1.8,1.4396221104033295,2.0508657480338184,-1.9340520451123018,4.813296265918961
2026-03-03 11:00:00,NO,10,2.0,1.3630502727686342,2.068024496764027,-2.0388500244081906,4.764950569945459
2026-03-03 12:00:00,NO,10,2.0,1.3611085428292222,2.070882483957857,-2.0454931432814525,4.767710228939897
2026-03-03 13:00:00,NO,10,1.9,1.3966549795796677,2.0887188113256525,-2.0392874650510304,4.832597424210366
2026-03-03 14:00:00,NO,10,1.6,1.718583410749749,2.1383104296426714,-1.7989372460124455,5.236104067511944
2026-03-03 15:00:00,NO,10,1.4,2.278326194390017,2.175900824626869,-1.3010306621211827,5.857683050901216
2026-03-03 16:00:00,NO,10,1.3,2.771470629668074,2.185565775656336,-0.8237850712865988,6.366726330622747
2026-03-03 17:00:00,NO,10,1.3,3.054510747812011,2.192867085407631,-0.5527556076835416,6.661777103307564
2026-03-03 18:00:00,NO,10,0.7,3.116981863586454,2.191816526626115,-0.48855632271350524,6.722520049886413
2026-03-03 19:00:00,NO,10,0.4,3.1143172914538066,2.200073008494003,-0.5048028075188284,6.733437390426442
2026-03-03 20:00:00,NO,10,0.4,2.920526583609841,2.185610146425369,-0.6748021072598913,6.5158552744795735
2026-03-03 21:00:00,NO,10,0.4,2.8371221040253563,2.176728382085149,-0.743596084504714,6.417840292555427
2026-03-03 22:00:00,NO,10,0.4,2.760219954610478,2.1646124556902584,-0.8005675349999972,6.321007444220953
2026-03-03 23:00:00,NO,10,0.4,2.8293672199234603,2.202073760078139,-0.7930441154050785,6.451778555251999
2026-03-04 00:00:00,NO,10,0.4,2.9061973427507453,2.212502877059995,-0.7333698900129466,6.545764575514437
2026-03-04 01:00:00,NO,10,0.5,2.943276871873812,2.209322382480782,-0.6910584473070744,6.577612191054698
2026-03-04 02:00:00,NO,10,1.6,2.862059452656869,2.197463510724256,-0.7527680224845326,6.476886927798271
2026-03-04 03:00:00,NO,10,2.4,2.697052825163842,2.1746126316939782,-0.8801849539727522,6.274290604300436
2026-03-04 04:00:00,NO,10,0.9,2.815155693474177,2.139723280510143,-0.7046891029650086,6.335000489913362
2026-03-04 05:00:00,NO,10,0.6,3.1311640280619266,2.129553239470408,-0.3719510508668944,6.634279106990748
2026-03-04 06:00:00,NO,10,0.5,3.012964895619244,2.0820255422321234,-0.4119671213525993,6.437896912591087
2026-03-04 07:00:00,NO,10,0.9,2.8497107173425267,2.035048060151027,-0.4979433416059127,6.197364776290966
2026-03-04 08:00:00,NO,10,1.6,2.706905948779552,2.0077406263236313,-0.5958273815228212,6.0096392790819255
2026-03-04 09:00:00,NO,10,1.4,2.584387184298448,2.0363561053086805,-0.7654186089343313,5.934192977531227
2026-03-04 10:00:00,NO,10,1.2,2.503922771557623,2.077178125057226,-0.9130352441615139,5.92088078727676
2026-03-04 11:00:00,NO,10,0.9,2.3489321667977627,2.073410188230945,-1.0618275928421417,5.759691926437667
2026-03-04 12:00:00,NO,10,0.7,2.2282634831139925,2.0662910579103135,-1.1707853071484733,5.627312273376458
2026-03-04 13:00:00,NO,10,0.6,2.2185001248593395,2.0850736902738087,-1.211446095641076,5.648446345359755
2026-03-04 14:00:00,NO,10,0.6,2.2586010877643656,2.095936167696004,-1.1892139080955615,5.706416083624292
2026-03-04 15:00:00,NO,10,0.6,2.3222339431843215,2.100523978601925,-1.1331280016158454,5.777595887984488
2026-03-04 16:00:00,NO,10,0.6,2.4177198520127408,2.1136733448440435,-1.0592728002557106,5.894712504281192
2026-03-04 17:00:00,NO,10,0.7,2.4888958453803576,2.1404210112115227,-1.0320967180625975,6.009888408823313
2026-03-04 18:00:00,NO,10,0.7,2.5865437759751595,2.1614969563891644,-0.9691187172850158,6.142206269235334
2026-03-04 19:00:00,NO,10,1.0,2.6319624020448207,2.1782171576768206,-0.951204822333549,6.21512962642319
2026-03-04 20:00:00,NO,10,0.7,2.655728001363378,2.188463207805744,-0.9442939754770712,6.255749978203827
2026-03-04 21:00:00,NO,10,0.4,2.6046243592619165,2.159536277836494,-0.9478128177791159,6.157061536302949
2026-03-04 22:00:00,NO,10,0.4,2.6084157142984568,2.174158656622762,-0.9680752758459872,6.1849067044429
2026-03-04 23:00:00,NO,10,0.4,2.796433082953916,2.1898071279213704,-0.8057996424767384,6.398665808384571
2026-03-05 00:00:00,NO,10,0.4,3.013268229477835,2.180585619873168,-0.5737951152135268,6.600331574169196
2026-03-05 01:00:00,NO,10,0.8,3.0072247456965444,2.1989113415841177,-0.6099844112093291,6.6244339026024175
2026-03-05 02:00:00,NO,10,2.0,2.8600088427471864,2.178595971714065,-0.7237815307224502,6.4437992162168225
2026-03-05 03:00:00,NO,10,0.9,2.630426049913954,2.1182135602384204,-0.8540352566782481,6.114887356506156
2026-03-05 04:00:00,NO,10,0.8,2.855842446728554,2.039398320712584,-0.4989677908436465,6.210652684300754
2026-03-05 05:00:00,NO,10,1.3,3.1945313594792326,2.031795608533402,-0.14777241655821394,6.536835135516679
2026-03-05 06:00:00,NO,10,0.8,3.0934668024993752,1.9860567191942162,-0.17359650057511056,6.3605301055738614
2026-03-05 07:00:00,NO,10,0.5,2.849357577334444,1.9660503175359694,-0.3847951950122255,6.083510349681114
2026-03-05 08:00:00,NO,10,0.7,2.6123540206109137,1.9616531551450127,-0.6145654196026324,5.83927346082446
2026-03-05 09:00:00,NO,10,1.1,2.4343102446993434,1.9604667893482655,-0.7906576237785532,5.6592781131772405
2026-03-05 10:00:00,NO,10,0.6,2.4185624056373656,1.951550505850085,-0.7917381764860245,5.628862987760756
2026-03-05 11:00:00,NO,10,0.5,2.410763225483833,1.91992669099287,-0.7475161811994382,5.569042632167104
2026-03-05 12:00:00,NO,10,0.5,2.387630997389193,1.9088148909270855,-0.7523694981858626,5.5276314929642485
2026-03-05 13:00:00,NO,10,0.5,2.3249769982496806,1.8456062465969685,-0.7110452774023326,5.360999273901694
2026-03-05 14:00:00,NO,10,0.5,2.242999758878673,1.7994317319676392,-0.7170654402080934,5.20306495796544
2026-03-05 15:00:00,NO,10,0.8,2.1432176450619282,1.8483645418689907,-0.8973420263125615,5.183777316436418
2026-03-05 16:00:00,NO,10,0.5,2.259648274285226,1.8975579253425534,-0.8618345129032745,5.381131061473726
2026-03-05 17:00:00,NO,10,0.5,2.3377230689983888,1.9516688961392588,-0.872772265150692,5.5482184031474695
2026-03-05 18:00:00,NO,10,0.6,2.375313806448572,2.0032049802543046,-0.9199583860697591,5.670585998966903
2026-03-05 19:00:00,NO,10,0.6,2.3713220334765497,2.0429714797014653,-0.9893660506323609,5.73201011758546
2026-03-05 20:00:00,NO,10,0.4,2.397940258259425,2.0090566710906357,-0.9069579656846707,5.702838482203521
2026-03-05 21:00:00,NO,10,0.4,2.508437752787888,1.9572421082879605,-0.7112255153458071,5.728101020921583
2026-03-05 22:00:00,NO,10,0.4,2.539216160617041,2.0410068552124807,-0.8182401162074897,5.8966724374415715
2026-03-05 23:00:00,NO,10,0.4,2.8033839007583516,1.9988375471254363,-0.48470386426299106,6.091471665779695
2026-03-06 00:00:00,NO,10,0.4,2.853899457929327,1.9892622199103238,-0.41843689382315574,6.12623580968181
2026-03-06 01:00:00,NO,10,1.0,3.0777462740513095,1.984282941712802,-0.18639916506624976,6.341891713168868
2026-03-06 02:00:00,NO,10,1.7,3.1587498326787826,2.02884116707988,-0.17869388716762025,6.4961935525251855
2026-03-06 03:00:00,NO,10,0.5,3.1586535783765255,1.9838746577888304,-0.10482023368610038,6.422127390439151
2026-03-06 04:00:00,NO,10,0.8,3.54574681448503,1.9857606969307884,0.2791704680338829,6.812323160936177
2026-03-06 05:00:00,NO,10,1.6,3.4176426517476504,1.956140702221479,0.19979119659331745,6.635494106901984
2026-03-06 06:00:00,NO,10,1.2,3.3908815232062253,1.9489058280495215,0.18493143606476226,6.596831610347689
2026-03-06 07:00:00,NO,10,0.9,3.3714472196268725,1.9398044763944777,0.1804688559579568,6.562425583295788
2026-03-06 08:00:00,NO,10,0.8,3.1414975432322416,1.8735147388476816,0.059565797827805245,6.223429288636678
2026-03-06 09:00:00,NO,10,0.7,2.754013159478267,1.8140670089375877,-0.23012707022406476,5.738153389180599
2026-03-06 10:00:00,NO,10,0.7,2.6160329506195215,1.8032953285906717,-0.3503878649121335,5.582453766151176
2026-03-06 11:00:00,NO,10,0.7,2.388745276831887,1.8083812839850957,-0.5860419353235957,5.363532488987369
2026-03-06 12:00:00,NO,10,0.6,2.23308760947371,1.8273285077922616,-0.7728677858445603,5.239043004791981
2026-03-06 13:00:00,NO,10,0.6,2.210804028132203,1.8347592802585102,-0.8073749878930467,5.228983044157452
2026-03-06 14:00:00,NO,10,0.7,2.313685270770261,1.8388061913770781,-0.7111509140450325,5.338521455585554
2026-03-06 15:00:00,NO,10,0.9,2.3487131888316966,1.8170548388503824,-0.6403420210771826,5.337768398740575
2026-03-06 16:00:00,NO,10,0.5,2.313648407887668,1.8698284056701435,-0.7622193194397182,5.389516135215054
2026-03-06 17:00:00,NO,10,0.8,2.3246883825230444,1.930940276446607,-0.8517083722316241,5.5010851372777125
2026-03-06 18:00:00,NO,10,1.1,2.3538264211586717,1.9691257719215876,-0.8853854736523399,5.593038315969683
2026-03-06 19:00:00,NO,10,0.4,2.405063498619482,2.008612045937972,-0.8991033169484819,5.709230314187446
2026-03-06 20:00:00,NO,10,0.4,2.421001929740352,1.9610007107806495,-0.8048442394938164,5.646848098974521
2026-03-06 21:00:00,NO,10,0.4,2.390186406721486,1.933990149986873,-0.7912273900069198,5.571600203449892
2026-03-06 22:00:00,NO,10,0.4,2.360478082176445,2.005847146830049,-0.939140474358986,5.660096638711876
2026-03-06 23:00:00,NO,10,0.4,2.552299648318756,2.0176656245583517,-0.7667603040797326,5.871359600717245
2026-03-07 00:00:00,NO,10,0.4,3.365953312028646,2.1944286303672635,-0.24388178492550283,6.975788408982794
2026-03-07 01:00:00,NO,10,0.5,3.502566394715126,2.2022408703154794,-0.12011983695383766,7.12525262638409
2026-03-07 02:00:00,NO,10,0.5,3.5070646962263656,2.193237955217528,-0.10081174010646787,7.114941132559199
2026-03-07 03:00:00,NO,10,0.5,3.377528535317004,2.1863212725795584,-0.21896995807636976,6.974027028710378
2026-03-07 04:00:00,NO,10,0.6,3.3766543183656825,2.194336518962628,-0.23302925532784036,6.986337892059206
2026-03-07 05:00:00,NO,10,0.7,3.488550451545546,2.208469826750105,-0.14438241345837666,7.121483316549469
2026-03-07 06:00:00,NO,10,0.8,3.4490325179693646,2.2004324838452285,-0.17067891795603618,7.068743953894765
2026-03-07 07:00:00,NO,10,0.8,3.3255418026828916,2.168084957323252,-0.2409579521138583,6.892041557479642
2026-03-07 08:00:00,NO,10,0.9,3.290027482901633,2.1542373259915717,-0.25369291835450225,6.833747884157768
2026-03-07 09:00:00,NO,10,0.9,3.2624854985498035,2.171394270722356,-0.3094580767884718,6.834429073888079
2026-03-07 10:00:00,NO,10,1.0,3.2664705277659114,2.1895455639697556,-0.3353319249643367,6.86827298049616
2026-03-07 11:00:00,NO,10,1.2,3.2237365866215586,2.2134352708061713,-0.4173644338545932,6.86483760709771
2026-03-07 12:00:00,NO,10,1.3,3.210396288609489,2.220206932009808,-0.4418441145466452,6.862636691765623
2026-03-07 13:00:00,NO,10,1.3,3.214611531013731,2.223100576703404,-0.4423889176633691,6.871611979690831
2026-03-07 14:00:00,NO,10,1.3,3.217690131134869,2.227794057283204,-0.44703109309600153,6.88241135536574
2026-03-07 15:00:00,NO,10,1.5,3.2240355375700416,2.224407118237068,-0.4351141719299352,6.883185247070019
2026-03-07 16:00:00,NO,10,2.0,3.237300184396423,2.214851879332361,-0.4061311571053112,6.880731525898157
2026-03-07 17:00:00,NO,10,1.0,3.2596242108054985,2.220179363615494,-0.39257084234198913,6.911819263952986
2026-03-07 18:00:00,NO,10,0.5,3.3039513965991283,2.2291791642898477,-0.36304832865767134,6.9709511218559275
2026-03-07 19:00:00,NO,10,0.9,3.267895811015646,2.2343625888675773,-0.4076306476715188,6.943422269702811
2026-03-07 20:00:00,NO,10,0.6,3.262314093455254,2.2481228808174363,-0.4358480454894287,6.960476232399937
2026-03-07 21:00:00,NO,10,0.5,3.2962635961236733,2.2587956432614154,-0.4194552370413551,7.011982429288702
2026-03-07 22:00:00,NO,10,0.5,3.3046075457242914,2.264826727476741,-0.4210324209749472,7.03024751242353
2026-03-07 23:00:00,NO,10,0.5,3.310852819475092,2.2666681988388517,-0.4178163676148192,7.039522006565003
2026-03-08 00:00:00,NO,10,0.5,3.3059597081304997,2.269903998361953,-0.42803236917491283,7.039951785435912
2026-03-08 01:00:00,NO,10,0.5,3.3117884185753503,2.270409019237701,-0.4230344180706682,7.046611255221369
2026-03-08 02:00:00,NO,10,0.5,3.318065817486108,2.2686474274134802,-0.4138592006090671,7.0499908355812835
2026-03-08 03:00:00,NO,10,0.6,3.3232436188110017,2.266458324664528,-0.40508032526214643,7.05156756288415
2026-03-08 04:00:00,NO,10,0.7,3.3345773569007044,2.264143836503958,-0.38993925414830644,7.059093967949716
2026-03-08 05:00:00,NO,10,1.1,3.3473129720573684,2.2621833622887317,-0.3739786589075953,7.068604603022332
2026-03-08 06:00:00,NO,10,1.4,3.351774434722273,2.25747252382941,-0.3617678669771065,7.065316736421653
2026-03-08 07:00:00,NO,10,1.7,3.3251534606631763,2.2463314235932135,-0.37006173114765994,7.020368652474012
2026-03-08 08:00:00,NO,10,2.0,3.268670733296355,2.239644288068652,-0.4155441205765773,6.952885587169288
2026-03-08 09:00:00,NO,10,2.2,3.2143095676732663,2.240417532823521,-0.47117727382142593,6.8997964091679584
2026-03-08 10:00:00,NO,10,2.4,3.1703907108019673,2.2417364513288374,-0.5172657516339703,6.858047173237905
2026-03-08 11:00:00,NO,10,2.6,3.1619577667195196,2.236871443428784,-0.5176957577208303,6.84161129115987
2026-03-08 12:00:00,NO,10,2.7,3.146467628489319,2.2458835208262973,-0.5480107632699398,6.840946020248579
2026-03-08 13:00:00,NO,10,2.8,3.1065093995735404,2.2524248995468485,-0.5987295601810256,6.8117483593281065
2026-03-08 14:00:00,NO,10,2.8,3.0898477504298176,2.2479487078648677,-0.6080278740078899,6.787723374867525
2026-03-08 15:00:00,NO,10,2.8,3.1010851189330935,2.2432998068908927,-0.5891430634024251,6.791313301268612
2026-03-08 16:00:00,NO,10,3.0,3.149855648901055,2.2399136541821,-0.5348023122284995,6.83451361003061
2026-03-08 17:00:00,NO,10,3.3,3.147819487145633,2.2397533869294173,-0.5365748343532588,6.832213808644525
2026-03-08 18:00:00,NO,10,3.7,3.1427538151563605,2.227312862229364,-0.5211758432109432,6.806683473523664
2026-03-08 19:00:00,NO,10,4.7,3.2601547686853936,2.2402214689136994,-0.4250095476776421,6.945319085048429
2026-03-08 20:00:00,NO,10,4.3,3.2954019355085356,2.2514085477697963,-0.4081651255727792,6.99896899658985
2026-03-08 21:00:00,NO,10,3.3,3.276555814880394,2.256052082883167,-0.4346498614624159,6.987761491223203
2026-03-08 22:00:00,NO,10,2.4,3.2936068307565822,2.2642098630799286,-0.43101839400990016,7.018232055523065
2026-03-08 23:00:00,NO,10,1.6,3.29923358824526,2.268093213899223,-0.43177974861896207,7.030246925109482
2026-03-09 00:00:00,NO,10,1.0,2.960767272290636,2.2236558487806755,-0.6971465989535752,6.618681143534847
2026-03-09 01:00:00,NO,10,0.8,2.9427964116524556,2.210049981836783,-0.6927358084690525,6.578328631773964
2026-03-09 02:00:00,NO,10,0.8,2.9598790670274573,2.205791011722399,-0.6686471472558893,6.588405281310804
2026-03-09 03:00:00,NO,10,0.9,3.0268543454692516,2.1910869038612524,-0.5774836113825086,6.631192302321011
2026-03-09 04:00:00,NO,10,1.4,3.1516924507275825,2.1676966767779353,-0.4141685825721213,6.717553484027286
2026-03-09 05:00:00,NO,10,2.0,3.354483449719633,2.1337344357311925,-0.15550969705817863,6.864476596497445
2026-03-09 06:00:00,NO,10,2.3,3.519904713107933,2.085361571395374,0.08948492816254294,6.950324498053323
2026-03-09 07:00:00,NO,10,2.3,3.6227485488413316,2.0312578579706146,0.2813293724796706,6.9641677252029925
2026-03-09 08:00:00,NO,10,2.3,3.6117474010760313,2.0069401549281043,0.3103308462192995,6.913163955932763
2026-03-09 09:00:00,NO,10,2.3,3.5031399314990233,2.0156572240332706,0.18738379796429294,6.818896065033753
2026-03-09 10:00:00,NO,10,2.3,3.4012716697022856,2.051932359246743,0.02584293874139343,6.776700400663177
2026-03-09 11:00:00,NO,10,2.4,3.2254986669398864,2.0953543408144597,-0.22135922369990002,6.672356557579673
2026-03-09 12:00:00,NO,10,2.4,3.141253924155901,2.0975128064663293,-0.30915464248121083,6.591662490793013
2026-03-09 13:00:00,NO,10,2.3,3.025400107325412,2.0745122461526964,-0.38717253759577375,6.437972752246598
2026-03-09 14:00:00,NO,10,2.2,2.903362818498429,2.0698292138361447,-0.5015062382620292,6.308231875258887
2026-03-09 15:00:00,NO,10,2.0,2.9198734305658984,2.0815935209595167,-0.5043479114125065,6.344094772544303
2026-03-09 16:00:00,NO,10,2.0,3.0929313782811247,2.0770786419572875,-0.3238629877386132,6.509725744300862
2026-03-09 17:00:00,NO,10,2.1,3.0944014114018863,2.076831625437014,-0.3219866124420019,6.5107894352457745
2026-03-09 18:00:00,NO,10,2.0,3.0045765094855197,2.0216098851944224,-0.32097175165930514,6.330124770630345
2026-03-09 19:00:00,NO,10,1.0,2.990975704776195,1.9702817915098776,-0.250137842257554,6.232089251809944
2026-03-09 20:00:00,NO,10,0.7,3.2134621072183216,2.0911135157276624,-0.22641962615368305,6.653343840590326
2026-03-09 21:00:00,NO,10,0.7,3.3118540932775704,2.1782226229516537,-0.2713221214778998,6.895030308033041
2026-03-09 22:00:00,NO,10,0.7,3.2822846068339153,2.176977578015627,-0.2988435090017907,6.863412722669621
2026-03-09 23:00:00,NO,10,0.6,3.2003520502645437,2.138463687944926,-0.3174207164048597,6.718124816933948
2026-03-10 00:00:00,NO,10,0.8,3.101575081289437,2.1764354629087235,-0.478661255195413,6.681811417774287
2026-03-10 01:00:00,NO,10,0.9,3.1021731133281105,2.186902375146989,-0.4952812937886861,6.699627520444907
2026-03-10 02:00:00,NO,10,2.0,3.1642555560045387,2.1930495444920477,-0.44331094468487997,6.771822056693957
2026-03-10 03:00:00,NO,10,2.4,3.3036619381389696,2.1749133986527194,-0.2740706026447537,6.881394478922693
2026-03-10 04:00:00,NO,10,1.2,3.4473292750014037,2.1563120223412264,-0.09980400174991377,6.994462551752721
2026-03-10 05:00:00,NO,10,1.5,3.5329398744663445,2.148830892707058,-0.001886944036765481,7.067766692969455
2026-03-10 06:00:00,NO,10,2.1,3.5252011797833998,2.1168986847122007,0.042902843431829485,7.0074995161349705
2026-03-10 07:00:00,NO,10,1.9,3.3706502141298014,2.0657612340982925,-0.027527015961889667,6.768827444221492
2026-03-10 08:00:00,NO,10,1.2,3.076118371991556,2.0503255330997376,-0.29666712995751254,6.448903873940624
2026-03-10 09:00:00,NO,10,1.2,2.763022049821707,2.0702511429319945,-0.6425410803014238,6.168585179944838
2026-03-10 10:00:00,NO,10,1.8,2.5559221635411884,2.10495903156234,-0.9067354433788606,6.018579770461237
2026-03-10 11:00:00,NO,10,1.6,2.46038424616487,2.1279738347334614,-1.040132711971674,5.960901204301415
2026-03-10 12:00:00,NO,10,1.2,2.4040004703144295,2.1392278572068255,-1.1150293547907983,5.923030295419657
2026-03-10 13:00:00,NO,10,1.2,2.439600607266441,2.1555632381040866,-1.1063009194147813,5.985502133947664
2026-03-10 14:00:00,NO,10,2.0,2.4985940785284844,2.173117940944708,-1.07618493432556,6.073373091382528
2026-03-10 15:00:00,NO,10,1.5,2.4923807545971397,2.1746752592729868,-1.0849600469069234,6.069721556101203
2026-03-10 16:00:00,NO,10,1.1,2.5410423509756135,2.1604910286647248,-1.0129653911778589,6.095050093129085
2026-03-10 17:00:00,NO,10,1.7,2.5827619187470963,2.1564647198674574,-0.9646225454348709,6.130146382929063
2026-03-10 18:00:00,NO,10,2.0,2.6138989289556047,2.159085899642429,-0.9377973759561913,6.165595233867401
2026-03-10 19:00:00,NO,10,1.0,2.7677363537027073,2.1768886859854115,-0.8132455347432948,6.34871824214871
2026-03-10 20:00:00,NO,10,1.0,2.8350256221818033,2.193140394401578,-0.7726903266087928,6.4427415709724
2026-03-10 21:00:00,NO,10,1.0,2.73956064232114,2.124543582986706,-0.7553135516919918,6.234434836334271
2026-03-10 22:00:00,NO,10,1.0,2.7312252834203785,2.129960147448851,-0.7725591591329812,6.235009725973738
2026-03-10 23:00:00,NO,10,1.0,2.99711383638961,2.159038073957416,-0.5545037952703393,6.54873146804956
2026-03-11 00:00:00,NO,10,1.1,3.155336692011175,2.169205642044905,-0.4130065891526935,6.723679973175043
2026-03-11 01:00:00,NO,10,1.8,3.172481823757671,2.1511266722155664,-0.36612155203693586,6.711085199552278
2026-03-11 02:00:00,NO,10,1.8,3.122305078665061,2.123892231451745,-0.37149764207305935,6.616107799403181
2026-03-11 03:00:00,NO,10,1.2,3.142816376667703,2.1360712473892347,-0.3710208252875882,6.656653578622994
2026-03-11 04:00:00,NO,10,2.0,3.277790526739606,2.1316723078227247,-0.2288104196287759,6.784391473107988
2026-03-11 05:00:00,NO,10,2.1,3.240233298501931,2.1086210062477666,-0.22844825677564495,6.708914853779508
2026-03-11 06:00:00,NO,10,1.3,2.9162577116884583,2.0444245026344143,-0.4468205951451534,6.27933601852207
2026-03-11 07:00:00,NO,10,2.3,2.7320392654019683,2.023408011347948,-0.5964669132654059,6.0605454440693425
2026-03-11 08:00:00,NO,10,3.1,2.5047998783922534,2.0187354355757097,-0.8160199131297889,5.825619669914296
2026-03-11 09:00:00,NO,10,1.9,2.129400098803134,1.9585135197347718,-1.0923546411605658,5.351154838766834
2026-03-11 10:00:00,NO,10,1.2,2.123701302421485,2.0325801181033816,-1.2198929918585781,5.467295596701548
2026-03-11 11:00:00,NO,10,1.4,2.2407370932816284,2.074390865242986,-1.1716358800430835,5.65311006660634
2026-03-11 12:00:00,NO,10,1.5,2.0848439549762725,2.016333891393896,-1.2320252963666865,5.401713206319231
2026-03-11 13:00:00,NO,10,1.2,2.1071947826863733,2.027289523435604,-1.2276964833651953,5.442086048737941
2026-03-11 14:00:00,NO,10,1.4,2.1776124003461197,2.0418295848212193,-1.1811972666847863,5.536422067377026
2026-03-11 15:00:00,NO,10,1.4,2.168561398644589,1.9956361591962155,-1.1142600832331855,5.451382880522363
2026-03-11 16:00:00,NO,10,1.3,2.2150351415790523,1.988567636239686,-1.056158620035231,5.486228903193336
2026-03-11 17:00:00,NO,10,2.1,2.214054097115679,1.9720312556066295,-1.0299373183572267,5.458045512588585
2026-03-11 18:00:00,NO,10,1.4,2.2231091135229186,1.9959974072879332,-1.0603066214657315,5.506524848511569
2026-03-11 19:00:00,NO,10,1.1,2.3762893984718936,2.000375096046296,-0.914327634524263,5.66690643146805
2026-03-11 20:00:00,NO,10,1.1,2.2476214081845645,1.844764712065943,-0.7870165431639116,5.2822593595330405
2026-03-11 21:00:00,NO,10,1.0,2.353790274641564,1.9923740917451565,-0.923665106279218,5.6312456555623465
2026-03-11 22:00:00,NO,10,1.1,2.566827639382864,1.9937603067836234,-0.7129080652761965,5.8465633440419245
2026-03-11 23:00:00,NO,10,1.2,2.4180711342225507,1.766323990868681,-0.4875318307564296,5.323674099201531
2026-03-12 00:00:00,NO,10,1.2,3.2730575809315092,1.8833129597879295,0.1750077620803654,6.3711073997826535
2026-02-12 19:00:00,NO,16,2.4,3.451692146246444,1.62458129601695,0.7792559142985613,6.124128378194326
2026-02-12 20:00:00,NO,16,2.6,3.457108241703881,1.5865342725123726,0.8472593634210281,6.066957119986734
2026-02-12 21:00:00,NO,16,2.9,3.454063419755089,1.5395337280995576,0.9215304370313167,5.986596402478861
2026-02-12 22:00:00,NO,16,3.7,3.4721293802000557,1.519804215237387,0.9720514461345542,5.972207314265557
2026-02-12 23:00:00,NO,16,3.8,3.6457640671062856,1.4754819311697602,1.2185962903320302,6.072931843880541
2026-02-13 00:00:00,NO,16,3.8,3.6970779774000153,1.7193595343654555,0.868731543368841,6.52542441143119
2026-02-13 01:00:00,NO,16,4.3,3.7902826383521204,1.7083991921213837,0.9799659673124443,6.6005993093917965
2026-02-13 02:00:00,NO,16,4.5,3.7936589406912953,1.7236037425644264,0.9583307841728139,6.628987097209777
2026-02-13 03:00:00,NO,16,4.7,3.797665164833509,1.758061191800588,0.9056545043215416,6.689675825345477
2026-02-13 04:00:00,NO,16,5.3,3.885558337465031,1.751937761021048,1.003620720585407,6.767495954344655
2026-02-13 05:00:00,NO,16,5.5,3.9723961815891022,1.7285268871506454,1.1289694522262907,6.815822910951914
2026-02-13 06:00:00,NO,16,5.8,3.9775274165361867,1.7231777934483032,1.1428999463137277,6.812154886758646
2026-02-13 07:00:00,NO,16,6.0,3.868783158510254,1.747572248225238,0.9940268101797374,6.74353950684077
2026-02-13 08:00:00,NO,16,4.5,3.8009435376174854,1.7694482859975178,0.8902011071515687,6.711685968083402
2026-02-13 09:00:00,NO,16,2.8,3.8035432413999644,1.781848928751988,0.872401753602944,6.734684729196985
2026-02-13 10:00:00,NO,16,3.1,3.804593258514238,1.811609607378975,0.8244954543758243,6.7846910626526515
2026-02-13 11:00:00,NO,16,3.9,3.759027430251035,1.8555435209303723,0.7066583383205725,6.811396522181497
2026-02-13 12:00:00,NO,16,4.5,3.7431890969395294,1.8873092823110733,0.6385653275378136,6.847812866341245
2026-02-13 13:00:00,NO,16,4.3,3.8202180101113843,1.8598124747749913,0.7608264891065235,6.879609531116245
2026-02-13 14:00:00,NO,16,3.6,3.948886590881431,1.8279850387816312,0.9418512020856475,6.955921979677214
2026-02-13 15:00:00,NO,16,3.1,4.004574657476226,1.8227565664076284,1.0061401057356774,7.003009209216775
2026-02-13 16:00:00,NO,16,2.4,4.027957061657222,1.8213681880195618,1.0318063923650431,7.024107730949401
2026-02-13 17:00:00,NO,16,2.0,4.087858404251371,1.822553561002725,1.089757796401888,7.0859590121008535
2026-02-13 18:00:00,NO,16,1.8,4.211671978559358,1.7609632803597308,1.3148873823676008,7.108456574751115
2026-02-13 19:00:00,NO,16,1.7,4.250257288003047,1.7125826629139924,1.433058807509529,7.067455768496565
2026-02-13 20:00:00,NO,16,1.9,4.173028675500357,1.738574662302776,1.313073356012291,7.032983994988424
2026-02-13 21:00:00,NO,16,2.1,4.0287234092406425,1.762526512915536,1.1293672954945855,6.9280795229867
2026-02-13 22:00:00,NO,16,2.5,3.7112742678860267,1.8079984758812002,0.7371167750614522,6.6854317607106015
2026-02-13 23:00:00,NO,16,2.7,3.770283678736084,1.8257836386861017,0.7668695930974465,6.773697764374721
2026-02-14 00:00:00,NO,16,2.9,4.018229385428889,1.863972316469611,0.9519949248363786,7.084463846021398
2026-02-14 01:00:00,NO,16,3.5,3.982695432385187,1.8641889436512715,0.916104620078845,7.049286244691529
2026-02-14 02:00:00,NO,16,3.8,4.017492155458912,1.8647501750076847,0.9499781175712707,7.085006193346554
2026-02-14 03:00:00,NO,16,4.2,4.002710674949078,1.8645739037617797,0.935486603260951,7.069934746637205
2026-02-14 04:00:00,NO,16,4.6,4.053446148459935,1.841713632470645,1.0238272230457244,7.083065073874145
2026-02-14 05:00:00,NO,16,4.9,3.997831663127625,1.8458533319671209,0.961402932041711,7.034260394213539
2026-02-14 06:00:00,NO,16,5.3,4.061374079398682,1.802332794170575,1.0965366329880863,7.026211525809278
2026-02-14 07:00:00,NO,16,5.7,4.115298562776547,1.7514614375580526,1.2341444979935505,6.996452627559544
2026-02-14 08:00:00,NO,16,5.9,4.104966672693814,1.751916154420244,1.2230645986725124,6.986868746715115
2026-02-14 09:00:00,NO,16,6.2,4.1321115808805455,1.7545421174822469,1.2458897976222496,7.018333364138842
2026-02-14 10:00:00,NO,16,6.3,3.9638981945702536,1.743217250419867,1.0963058176295721,6.831490571510935
2026-02-14 11:00:00,NO,16,4.9,4.049679699705459,1.7132232299628674,1.2314274864165422,6.867931912994376
2026-02-14 12:00:00,NO,16,3.1,4.103095039772842,1.7125160461484,1.2860061438587236,6.92018393568696
2026-02-14 13:00:00,NO,16,2.7,4.061088373299867,1.7252836035556782,1.2229968454507767,6.899179901148958
2026-02-14 14:00:00,NO,16,3.6,4.115771489763479,1.7407924780456552,1.2521678633783764,6.9793751161485815
2026-02-14 15:00:00,NO,16,4.6,4.173926225227446,1.758340779688272,1.281455642640239,7.0663968078146535
2026-02-14 16:00:00,NO,16,5.4,4.201330304661926,1.7761558127475008,1.2795539926922874,7.123106616631565
2026-02-14 17:00:00,NO,16,5.2,4.2485997603191725,1.7722480312470288,1.3332517489178102,7.163947771720535
2026-02-14 18:00:00,NO,16,4.0,4.282635628634463,1.7744956690197575,1.3635902530969615,7.201681004171964
2026-02-14 19:00:00,NO,16,3.1,4.332842306727863,1.7717444775557034,1.4183226411487309,7.2473619723069955
2026-02-14 20:00:00,NO,16,2.9,4.370081285792919,1.7788757966895599,1.4438306002385928,7.296331971347245
2026-02-14 21:00:00,NO,16,3.1,4.366193454182157,1.7902026438469385,1.421310105053943,7.311076803310371
2026-02-14 22:00:00,NO,16,3.3,4.395110447322005,1.7831937918739473,1.4617566596893616,7.328464234954648
2026-02-14 23:00:00,NO,16,3.4,4.4046130098134,1.7677009456511812,1.496744954217207,7.312481065409593
2026-02-15 00:00:00,NO,16,3.3,4.681964031981503,1.7483332123041986,1.8059558977410957,7.5579721662219095
2026-02-15 01:00:00,NO,16,4.4,4.677489247620795,1.747202147400886,1.8033417151463378,7.551636780095253
2026-02-15 02:00:00,NO,16,4.9,5.567091331281308,1.7803138600425934,2.6384750315112417,8.495707631051374
2026-02-15 03:00:00,NO,16,5.1,5.5349545368781445,1.7818581348412055,2.6037979050643614,8.466111168691928
2026-02-15 04:00:00,NO,16,5.4,5.428830157113684,1.7969657612241754,2.472821479899916,8.384838834327454
2026-02-15 05:00:00,NO,16,5.6,5.372499894267396,1.8056062241122677,2.4022776556027154,8.342722132932076
2026-02-15 06:00:00,NO,16,5.7,5.305636068311843,1.8129778350547707,2.3232875296467452,8.287984606976941
2026-02-15 07:00:00,NO,16,5.7,5.28337393343401,1.814061338287825,2.299243031950538,8.267504834917482
2026-02-15 08:00:00,NO,16,5.9,5.289793307378506,1.810253325542058,2.3119265868618206,8.267660027895191
2026-02-15 09:00:00,NO,16,5.9,5.324056174329472,1.8040183492863002,2.3564459897535084,8.291666358905436
2026-02-15 10:00:00,NO,16,6.1,5.349148360728115,1.8009352506886187,2.386609873345338,8.311686848110893
2026-02-15 11:00:00,NO,16,6.4,5.368780493686241,1.799518914484261,2.408571879359632,8.32898910801285
2026-02-15 12:00:00,NO,16,6.8,5.402327281260778,1.7943384545123284,2.4506405235879978,8.354014038933558
2026-02-15 13:00:00,NO,16,6.4,5.466606547124764,1.7857785080154192,2.529000901439399,8.404212192810128
2026-02-15 14:00:00,NO,16,4.8,5.547893079959739,1.7723685045865096,2.6323468899149303,8.463439270004546
2026-02-15 15:00:00,NO,16,3.5,5.773244659143085,1.7340272464286635,2.9207698387679337,8.625719479518237
2026-02-15 16:00:00,NO,16,2.9,5.966540162669166,1.7005426166931312,3.1691475582089654,8.763932767129367
2026-02-15 17:00:00,NO,16,2.7,6.063141482099693,1.693593394100365,3.277180348804593,8.849102615394793
2026-02-15 18:00:00,NO,16,2.5,5.986659295523266,1.7129040716959838,3.1689320975833724,8.80438649346316
2026-02-15 19:00:00,NO,16,2.5,5.890169858102871,1.7322048750354502,3.040692838669555,8.739646877536186
2026-02-15 20:00:00,NO,16,2.4,5.88047186604453,1.7293929827792551,3.0356204093726555,8.725323322716406
2026-02-15 21:00:00,NO,16,2.7,5.974423686231967,1.7030686994816782,3.1728756755846064,8.775971696879328
2026-02-15 22:00:00,NO,16,3.4,6.08840775371781,1.671830047141159,3.338247326170604,8.838568181265016
2026-02-15 23:00:00,NO,16,4.6,6.226630206060313,1.639512276578,3.529632511089503,8.923627901031123
2026-02-16 00:00:00,NO,16,5.5,4.926412599507919,1.6160042933074852,2.2680855370171056,7.584739661998732
2026-02-16 01:00:00,NO,16,5.8,4.967995422612305,1.5983073251055893,2.338779872813611,7.597210972411
2026-02-16 02:00:00,NO,16,6.1,4.902217772280106,1.591583958394502,2.28406216072115,7.520373383839061
2026-02-16 03:00:00,NO,16,6.5,4.837994526017207,1.6016299424536795,2.203313270680904,7.47267578135351
2026-02-16 04:00:00,NO,16,6.5,4.778211644920605,1.6116879204330892,2.126985015808173,7.4294382740330365
2026-02-16 05:00:00,NO,16,6.1,4.7435207945635804,1.5893172922563017,2.129093848801964,7.357947740325197
2026-02-16 06:00:00,NO,16,5.6,4.505698332594865,1.5856246959994091,1.897345707675837,7.114050957513893
2026-02-16 07:00:00,NO,16,5.3,4.409761097489039,1.5816191493648064,1.807997596783932,7.011524598194145
2026-02-16 08:00:00,NO,16,5.3,4.338562966609145,1.5680796420329155,1.7590719554649992,6.918053977753291
2026-02-16 09:00:00,NO,16,5.8,4.500780867614596,1.5476053001294896,1.9549701489015856,7.046591586327606
2026-02-16 10:00:00,NO,16,5.6,4.529976808079476,1.5494321837090241,1.981160865878131,7.078792750280821
2026-02-16 11:00:00,NO,16,5.4,4.5577823838375595,1.554105858076121,2.0012782473023405,7.1142865203727785
2026-02-16 12:00:00,NO,16,5.5,4.652516768659783,1.5496629486925035,2.103321218060615,7.201712319258951
2026-02-16 13:00:00,NO,16,5.3,4.8203997460718195,1.5153576742776371,2.3276363718851063,7.313163120258533
2026-02-16 14:00:00,NO,16,3.6,4.948319953790156,1.5004148957820989,2.4801374502286033,7.416502457351708
2026-02-16 15:00:00,NO,16,3.1,4.944535114519265,1.5065969738514076,2.4661830925337,7.422887136504831
2026-02-16 16:00:00,NO,16,3.0,4.9469381052576855,1.5198222357225721,2.4468305274940545,7.447045683021317
2026-02-16 17:00:00,NO,16,3.1,4.96653274841421,1.5210215688637978,2.4644522676332623,7.468613229195157
2026-02-16 18:00:00,NO,16,3.3,4.800237553150734,1.5287442610102577,2.28545324378886,7.315021862512609
2026-02-16 19:00:00,NO,16,5.0,4.643126128376462,1.5218718626654615,2.139646914291778,7.146605342461147
2026-02-16 20:00:00,NO,16,4.5,4.730104001253359,1.494948863720407,2.2709131204332897,7.189294882073428
2026-02-16 21:00:00,NO,16,3.7,5.01248226474275,1.4604176617413902,2.610095211178163,7.414869318307337
2026-02-16 22:00:00,NO,16,4.7,5.20029340537531,1.4607614699260898,2.797340787346892,7.603246023403727
2026-02-16 23:00:00,NO,16,5.2,5.316605573479846,1.487334820738471,2.869939793365061,7.7632713535946305
2026-02-17 00:00:00,NO,16,3.8,5.183714342726449,1.5650374630478494,2.609227716012737,7.7582009694401615
2026-02-17 01:00:00,NO,16,3.7,5.040529156954177,1.5368204945907524,2.5124594433523892,7.568598870555965
2026-02-17 02:00:00,NO,16,4.3,4.8570831635912075,1.5225227451358776,2.352533247842689,7.361633079339726
2026-02-17 03:00:00,NO,16,5.6,4.813888647134954,1.537997101716185,2.2838834148118297,7.343893879458078
2026-02-17 04:00:00,NO,16,6.0,4.726832597431049,1.5448144238856647,2.185612870139131,7.268052324722968
2026-02-17 05:00:00,NO,16,6.0,4.647882393315623,1.5159040619664337,2.1542202113808395,7.141544575250406
2026-02-17 06:00:00,NO,16,6.4,4.34465061021697,1.508065243148831,1.8638832852371428,6.825417935196797
2026-02-17 07:00:00,NO,16,6.3,4.240049872804929,1.4982323838965412,1.7754576012951184,6.7046421443147395
2026-02-17 08:00:00,NO,16,6.4,4.304768450021009,1.5074718114671732,1.824977320157509,6.784559579884509
2026-02-17 09:00:00,NO,16,6.5,4.44610013552153,1.4988945126570303,1.9804186622007154,6.911781608842345
2026-02-17 10:00:00,NO,16,6.4,4.34955781602922,1.4790013871043932,1.9166005342424932,6.782515097815947
2026-02-17 11:00:00,NO,16,6.4,4.379816969337142,1.4784086232963156,1.9478347840147028,6.811799154659582
2026-02-17 12:00:00,NO,16,5.2,4.406925624059197,1.4780486103829251,1.9755356599792857,6.838315588139109
2026-02-17 13:00:00,NO,16,3.4,4.386600066905746,1.4712106966942244,1.966458470843747,6.806741662967745
2026-02-17 14:00:00,NO,16,3.2,4.377981282586596,1.470384183062355,1.959199301449022,6.79676326372417
2026-02-17 15:00:00,NO,16,3.0,4.3663204473308275,1.4707187971068858,1.94698802609,6.785652868571654
2026-02-17 16:00:00,NO,16,2.9,4.232419594979996,1.4646529714055896,1.823065457017801,6.641773732942191
2026-02-17 17:00:00,NO,16,2.8,4.329696695155073,1.440794029395217,1.959590516799941,6.6998028735102055
2026-02-17 18:00:00,NO,16,2.7,4.3067158426861045,1.445790749882841,1.928390059128831,6.685041626243378
2026-02-17 19:00:00,NO,16,2.9,4.248942499728004,1.4468646832725687,1.8688500957446288,6.62903490371138
2026-02-17 20:00:00,NO,16,3.1,4.151444316533013,1.4499919569539266,1.7662075473438037,6.536681085722222
2026-02-17 21:00:00,NO,16,3.1,4.27740442674386,1.4437497753695585,1.9024360462609358,6.652372807226783
2026-02-17 22:00:00,NO,16,3.7,4.163191131246044,1.4393698150962855,1.7954277854126541,6.530954477079433
2026-02-17 23:00:00,NO,16,4.2,4.21488969391077,1.4497464433971776,1.8300567945224127,6.599722593299127
2026-02-18 00:00:00,NO,16,4.7,4.292469201835086,1.469656890026232,1.8748836177419346,6.710054785928238
2026-02-18 01:00:00,NO,16,4.9,4.153955164427876,1.4652333276810072,1.7436463403926186,6.564263988463132
2026-02-18 02:00:00,NO,16,5.0,3.767331217888096,1.4536105291296098,1.3761418974698878,6.158520538306304
2026-02-18 03:00:00,NO,16,5.4,3.7710801862224392,1.4632307549659371,1.3640655943034727,6.178094778141405
2026-02-18 04:00:00,NO,16,5.4,3.870017974277915,1.4522257623580612,1.4811065951989044,6.258929353356926
2026-02-18 05:00:00,NO,16,5.3,3.7815554254222357,1.4665744687081883,1.3690404243972658,6.1940704264472055
2026-02-18 06:00:00,NO,16,5.2,3.7596800794796907,1.439475741753569,1.3917424842950696,6.127617674664312
2026-02-18 07:00:00,NO,16,4.9,3.8751983541485,1.4422995564479406,1.5026155837916377,6.247781124505362
2026-02-18 08:00:00,NO,16,4.8,3.9749750526736722,1.4746306998800947,1.5492075513709165,6.400742553976428
2026-02-18 09:00:00,NO,16,4.5,3.954429916663854,1.4278054234819466,1.6056899950360517,6.303169838291656
2026-02-18 10:00:00,NO,16,4.5,4.024317995409168,1.4197959409520444,1.6887536725430552,6.3598823182752815
2026-02-18 11:00:00,NO,16,4.2,4.090375537433485,1.4113900781786428,1.7686388588296178,6.412112216037352
2026-02-18 12:00:00,NO,16,2.9,4.212452820756214,1.3940979259206945,1.9191617326166717,6.505743908895756
2026-02-18 13:00:00,NO,16,3.0,4.303846336122184,1.3927985688865165,2.0126926903038647,6.594999981940504
2026-02-18 14:00:00,NO,16,2.9,4.382672824354499,1.385948577111417,2.1027874150062176,6.66255823370278
2026-02-18 15:00:00,NO,16,2.3,4.423148290950694,1.3763706426453242,2.159018583799136,6.687277998102252
2026-02-18 16:00:00,NO,16,2.2,4.560566968053332,1.3968966154526379,2.262672035633743,6.858461900472921
2026-02-18 17:00:00,NO,16,2.1,4.688792812309458,1.4076294670952614,2.3732423389377533,7.004343285681163
2026-02-18 18:00:00,NO,16,2.2,4.829666131995865,1.4272004363319322,2.481921414229837,7.177410849761894
2026-02-18 19:00:00,NO,16,2.5,4.88425696015235,1.4429430826469969,2.51061558919804,7.25789833110666
2026-02-18 20:00:00,NO,16,3.5,4.866690072516202,1.4481359149847612,2.4845064923662696,7.248873652666134
2026-02-18 21:00:00,NO,16,4.9,4.797266710790597,1.4175575706805907,2.465384507021025,7.129148914560169
2026-02-18 22:00:00,NO,16,5.0,4.678494160133689,1.4073590876245055,2.3633884609913776,6.993599859276001
2026-02-18 23:00:00,NO,16,1.0,4.648869559456179,1.4051751015601852,2.337356517389674,6.960382601522683
2026-02-19 00:00:00,NO,16,1.3,4.663731309409423,1.4980736487949282,2.199400157141766,7.12806246167708
2026-02-19 01:00:00,NO,16,1.4,4.594429713816922,1.5113342358186144,2.1082848958953013,7.0805745317385425
2026-02-19 02:00:00,NO,16,1.4,4.597393269994515,1.5880869602590562,1.9849902203683678,7.209796319620662
2026-02-19 03:00:00,NO,16,1.2,4.547795835062241,1.580252532031347,1.9482804198706756,7.147311250253807
2026-02-19 04:00:00,NO,16,1.0,4.387590508975471,1.572406035351037,1.8009825808230153,6.974198437127926
2026-02-19 05:00:00,NO,16,0.8,4.3681896355421586,1.6015808488842183,1.7335891391276195,7.002790131956697
2026-02-19 06:00:00,NO,16,0.8,4.150260481287784,1.5800735847680285,1.5510394343443772,6.7494815282311915
2026-02-19 07:00:00,NO,16,0.7,4.032759979951212,1.5098161723994754,1.549112376354075,6.516407583548349
2026-02-19 08:00:00,NO,16,0.6,3.958702405958788,1.4793088132648817,1.5252394081380576,6.392165403779519
2026-02-19 09:00:00,NO,16,0.6,4.107896129115,1.505102623279332,1.6320023138204984,6.583789944409501
2026-02-19 10:00:00,NO,16,0.7,4.250984809372549,1.524062089393197,1.7439026723207403,6.758066946424359
2026-02-19 11:00:00,NO,16,1.0,5.203819591906991,1.366087057446874,2.9566063824068833,7.451032801407099
2026-02-19 12:00:00,NO,16,1.4,5.294069506951509,1.359023034021513,3.0584766159861196,7.529662397916898
2026-02-19 13:00:00,NO,16,1.6,5.426257687083927,1.339900545802221,3.2221212892392734,7.6303940849285805
2026-02-19 14:00:00,NO,16,0.8,5.501027686888513,1.31885814272371,3.3315060421080096,7.670549331669016
2026-02-19 15:00:00,NO,16,0.4,5.487073904189274,1.3208838764449555,3.3142199274373225,7.6599278809412255
2026-02-19 16:00:00,NO,16,0.3,5.509590956110491,1.3331673387088978,3.3165306839343547,7.702651228286628
2026-02-19 17:00:00,NO,16,0.3,5.50156550046914,1.3299883782897002,3.3137346181825835,7.689396382755697
2026-02-19 18:00:00,NO,16,0.3,5.5697874174481665,1.3562873866767016,3.3386946663649923,7.800880168531341
2026-02-19 19:00:00,NO,16,0.3,5.558005805991422,1.3586392616663927,3.3230442205502055,7.792967391432638
2026-02-19 20:00:00,NO,16,0.4,5.381971949443866,1.3141054669301648,3.2202684563437445,7.543675442543988
2026-02-19 21:00:00,NO,16,1.3,5.394090892410771,1.3043194375131035,3.248485417701716,7.539696367119827
2026-02-19 22:00:00,NO,16,2.3,5.430875780573098,1.2988138049187514,3.294327071481752,7.567424489664444
2026-02-19 23:00:00,NO,16,2.5,5.435252471308151,1.2992631160917423,3.2979646453372347,7.572540297279067
2026-02-20 00:00:00,NO,16,2.6,5.572622612716786,1.3733267327654968,3.3135001373175434,7.831745088116028
2026-02-20 01:00:00,NO,16,2.6,5.546644156468901,1.371948155411695,3.289789440816662,7.803498872121139
2026-02-20 02:00:00,NO,16,2.7,5.531707059285796,1.371486509929345,3.2756117504520232,7.787802368119568
2026-02-20 03:00:00,NO,16,2.7,5.3339175063703586,1.3583370879659165,3.099452996666426,7.568382016074291
2026-02-20 04:00:00,NO,16,2.4,5.161637008102023,1.3709649704089193,2.9063996317793506,7.416874384424695
2026-02-20 05:00:00,NO,16,1.9,5.31489170792256,1.374969958206269,3.0530661266732473,7.576717289171873
2026-02-20 06:00:00,NO,16,1.6,5.2066835403542004,1.3840220739893154,2.9299672286417766,7.483399852066624
2026-02-20 07:00:00,NO,16,1.4,5.086833793274376,1.392320230755382,2.796467013681773,7.37720057286698
2026-02-20 08:00:00,NO,16,1.3,4.95627127510116,1.388852472813406,2.671608957323107,7.2409335928792125
2026-02-20 09:00:00,NO,16,1.5,4.974597107859899,1.3772658944880922,2.7089947114269872,7.240199504292811
2026-02-20 10:00:00,NO,16,1.6,5.002291013418355,1.3733488514963927,2.7431321527067887,7.261449874129921
2026-02-20 11:00:00,NO,16,1.7,4.908334691775326,1.3829428597157956,2.633393687542842,7.18327569600781
2026-02-20 12:00:00,NO,16,1.6,4.840851049477072,1.3896860735819572,2.5548174584347523,7.126884640519392
2026-02-20 13:00:00,NO,16,1.9,4.848382299296569,1.3813305473100532,2.576093548971531,7.120671049621606
2026-02-20 14:00:00,NO,16,2.5,4.882142438926222,1.378184886118411,2.6150283012614355,7.149256576591007
2026-02-20 15:00:00,NO,16,2.9,4.836960811283685,1.3868270173487156,2.555630367745048,7.1182912548223225
2026-02-20 16:00:00,NO,16,3.7,4.796689064077429,1.4055517907809396,2.484556368242784,7.108821759912075
2026-02-20 17:00:00,NO,16,4.3,4.767405210722185,1.4156322421986798,2.4386901723053565,7.0961202491390125
2026-02-20 18:00:00,NO,16,3.6,4.725604200743972,1.4146082461411393,2.398573635841798,7.052634765646147
2026-02-20 19:00:00,NO,16,3.9,4.6742277403918076,1.405405152599717,2.3623362643652728,6.986119216418342
2026-02-20 20:00:00,NO,16,3.3,4.678368305365351,1.429255087377749,2.3272436866289534,7.029492924101747
2026-02-20 21:00:00,NO,16,2.3,4.642907871074979,1.4324319753120398,2.2865572716866738,6.999258470463285
2026-02-20 22:00:00,NO,16,1.3,4.576219189834334,1.4400526245953233,2.207332622375027,6.945105757293641
2026-02-20 23:00:00,NO,16,0.6,4.538831876833213,1.4560879569216845,2.1435671876970424,6.934096565969384
2026-02-21 00:00:00,NO,16,1.1,6.071842690487205,1.4133715750200897,3.7468464495791576,8.396838931395253
2026-02-21 01:00:00,NO,16,1.7,6.0213012731961,1.4056698364565308,3.7089743922251066,8.333628154167092
2026-02-21 02:00:00,NO,16,2.0,5.918858263999814,1.4067050561063839,3.6048284467048126,8.232888081294815
2026-02-21 03:00:00,NO,16,2.3,5.5631026474313074,1.5019122891403245,3.0924569317954735,8.033748363067142
2026-02-21 04:00:00,NO,16,2.5,5.3679682458372735,1.5573543296561352,2.806120373552931,7.929816118121616
2026-02-21 05:00:00,NO,16,2.7,5.298600958245545,1.559159038412313,2.7337843400572894,7.8634175764338
2026-02-21 06:00:00,NO,16,2.8,5.017103061945958,1.621475396436298,2.349776034808248,7.684430089083668
2026-02-21 07:00:00,NO,16,2.8,4.749329047027274,1.6910171351538177,1.967605859699244,7.531052234355304
2026-02-21 08:00:00,NO,16,2.9,4.621192445727338,1.7164250052296208,1.797673312124612,7.444711579330065
2026-02-21 09:00:00,NO,16,3.0,4.671926730591592,1.6988467636773756,1.8773238043423088,7.4665296568408746
2026-02-21 10:00:00,NO,16,3.2,4.6079488949273975,1.7197560803103689,1.7789501428168406,7.436947647037954
2026-02-21 11:00:00,NO,16,3.4,4.53961289920008,1.7420605476924393,1.673923298246017,7.405302500154143
2026-02-21 12:00:00,NO,16,3.6,4.575828808078764,1.7359863150857964,1.7201313197626291,7.4315262963949
2026-02-21 13:00:00,NO,16,4.0,4.755903443515303,1.6979054968426026,1.9628489012092212,7.548957985821384
2026-02-21 14:00:00,NO,16,4.4,4.874551453233616,1.6889666735129218,2.09620127530486,7.652901631162372
2026-02-21 15:00:00,NO,16,3.6,4.965093032255292,1.699617571243959,2.16922212755898,7.760963936951605
2026-02-21 16:00:00,NO,16,2.2,4.05031116536996,1.7831774149838093,1.116984317721594,6.983638013018327
2026-02-21 17:00:00,NO,16,0.8,4.065643227869702,1.7902262766553034,1.1207210027717283,7.010565452967676
2026-02-21 18:00:00,NO,16,0.7,4.082516113948838,1.8077168411971318,1.108821910179556,7.05621031771812
2026-02-21 19:00:00,NO,16,1.6,4.078368427866726,1.8319788953371097,1.0647631450371806,7.091973710696272
2026-02-21 20:00:00,NO,16,2.7,4.075733812560165,1.8381701999527977,1.051943833637813,7.099523791482518
2026-02-21 21:00:00,NO,16,2.9,4.031218861808495,1.836990173447989,1.009370026486553,7.0530676971304365
2026-02-21 22:00:00,NO,16,2.2,4.00048776135434,1.8397852209828642,0.9740410728375286,7.026934449871152
2026-02-21 23:00:00,NO,16,1.2,3.905243893095514,1.860331412873694,0.844998718918287,6.965489067272741
2026-02-22 00:00:00,NO,16,1.0,4.13525775486421,1.8347956580175162,1.117018897425396,7.153496612303025
2026-02-22 01:00:00,NO,16,0.8,4.179297658603047,1.7952515346470128,1.2261088841087107,7.132486433097383
2026-02-22 02:00:00,NO,16,0.5,4.072410902809676,1.7862529142404207,1.1340248588841844,7.0107969467351685
2026-02-22 03:00:00,NO,16,0.6,3.8477516647553403,1.7924907947881272,0.8991043073288711,6.796399022181809
2026-02-22 04:00:00,NO,16,2.0,3.734206371711899,1.7688345712655562,0.8244735019800591,6.643939241443739
2026-02-22 05:00:00,NO,16,3.6,3.670099201762377,1.7792114062502418,0.7432964384807295,6.596901965044024
2026-02-22 06:00:00,NO,16,4.5,3.484630469725537,1.8009162437587138,0.5221232487424525,6.447137690708621
2026-02-22 07:00:00,NO,16,5.2,3.393407467572844,1.8062686306327,0.42209557018205235,6.364719364963635
2026-02-22 08:00:00,NO,16,5.5,3.436724756487788,1.8009080901136958,0.4742309482507583,6.399218564724817
2026-02-22 09:00:00,NO,16,5.7,3.543623744724972,1.8071605479510995,0.5708446433454135,6.516402846104531
2026-02-22 10:00:00,NO,16,5.8,3.6069672575605103,1.8125525002521905,0.6253183946456571,6.588616120475363
2026-02-22 11:00:00,NO,16,5.1,3.7553239236501517,1.8136594373544206,0.7718541492021296,6.738793698098174
2026-02-22 12:00:00,NO,16,3.7,3.8381239012258797,1.8052525846895566,0.8684833994115588,6.807764403040201
2026-02-22 13:00:00,NO,16,2.2,3.945883894017051,1.7949473465475432,0.9931955089463425,6.898572279087759
2026-02-22 14:00:00,NO,16,2.5,4.082465360506172,1.7911406406272463,1.1360390066743515,7.028891714337991
2026-02-22 15:00:00,NO,16,2.3,4.209910355778572,1.791408680879959,1.2630430757310394,7.156777635826105
2026-02-22 16:00:00,NO,16,1.2,4.267664012533236,1.7863973470309327,1.3290403766673515,7.20628764839912
2026-02-22 17:00:00,NO,16,0.4,4.331554517782324,1.7755063617921603,1.4108465526342204,7.252262482930428
2026-02-22 18:00:00,NO,16,0.4,4.416527716824263,1.769376040109806,1.5059041308436325,7.327151302804895
2026-02-22 19:00:00,NO,16,0.4,4.435887122643093,1.7543573378542663,1.549969301872825,7.321804943413362
2026-02-22 20:00:00,NO,16,0.4,4.34982511493172,1.750020153444761,1.4710419625150881,7.228608267348353
2026-02-22 21:00:00,NO,16,0.4,4.258631606957845,1.7361480479960318,1.4026680680043726,7.114595145911318
2026-02-22 22:00:00,NO,16,0.8,4.246795897053727,1.7313659125482088,1.3986989709119233,7.094892823195531
2026-02-22 23:00:00,NO,16,1.8,4.004756517731373,1.7294528671494085,1.159806551270596,6.84970648419215
2026-02-23 00:00:00,NO,16,2.6,3.790926961518868,1.7564605468522276,0.9015493619469535,6.680304561090782
2026-02-23 01:00:00,NO,16,3.0,3.7306813590149175,1.7712208431004548,0.8170230721146692,6.644339645915165
2026-02-23 02:00:00,NO,16,2.7,3.702919743686361,1.7906708472839146,0.7572661999043215,6.6485732874684
2026-02-23 03:00:00,NO,16,2.3,3.5384688223909357,1.8076247435799389,0.5649261192019361,6.512011525579935
2026-02-23 04:00:00,NO,16,2.1,3.4825845495741974,1.8129090282770344,0.5003491980584758,6.464819901089919
2026-02-23 05:00:00,NO,16,2.3,3.4654544391190942,1.814054674385729,0.48133449975456966,6.449574378483619
2026-02-23 06:00:00,NO,16,3.1,3.4032736960818704,1.8194946873008007,0.4102049354720534,6.396342456691688
2026-02-23 07:00:00,NO,16,4.0,3.3807221759148303,1.8181764128815696,0.38982197672464824,6.371622375105012
2026-02-23 08:00:00,NO,16,4.9,3.455266614849769,1.8200883608011804,0.46122126133182695,6.449311968367711
2026-02-23 09:00:00,NO,16,4.9,3.546160907602353,1.8463531752419284,0.5089099343293806,6.583411880875325
2026-02-23 10:00:00,NO,16,4.0,3.585334296173747,1.84707379896491,0.54689789687647,6.623770695471023
2026-02-23 11:00:00,NO,16,2.9,3.5919321683068515,1.8374744138392287,0.5692867575413203,6.614577579072383
2026-02-23 12:00:00,NO,16,1.9,3.6059765394445416,1.8310474549799023,0.5939034760026023,6.618049602886481
2026-02-23 13:00:00,NO,16,1.2,3.623531432293457,1.8180065485164483,0.6329106599838994,6.614152204603014
2026-02-23 14:00:00,NO,16,0.7,3.6958117825548475,1.8106876992848278,0.717230517231306,6.6743930478783895
2026-02-23 15:00:00,NO,16,0.4,3.740339632936655,1.8000010997133442,0.7793378239082038,6.7013414419651065
2026-02-23 16:00:00,NO,16,0.4,3.8347400216265215,1.7814498887021124,0.9042549547115466,6.765225088541497
2026-02-23 17:00:00,NO,16,0.3,3.933557769922037,1.765860316460114,1.0287175493451497,6.838397990498924
2026-02-23 18:00:00,NO,16,0.3,4.000664387020809,1.749617928231863,1.1225428950793943,6.878785878962223
2026-02-23 19:00:00,NO,16,0.3,4.072466722153268,1.759413627241735,1.1782313053406144,6.966702138965922
2026-02-23 20:00:00,NO,16,0.5,4.088537337332323,1.764727890339493,1.1855599577238567,6.991514716940788
2026-02-23 21:00:00,NO,16,2.0,4.102073628441197,1.7731198748330481,1.1852914343408325,7.0188558225415605
2026-02-23 22:00:00,NO,16,1.9,4.129407303069737,1.7660996011967491,1.2241734591010847,7.034641147038389
2026-02-23 23:00:00,NO,16,0.6,4.088387741505327,1.7805690145521187,1.159351712567092,7.017423770443562
2026-02-24 00:00:00,NO,16,0.8,3.58146857347148,1.803517777958894,0.6146818287290996,6.548255318213861
2026-02-24 01:00:00,NO,16,1.0,3.540830672973637,1.8096616054793164,0.5639373319601613,6.517724013987113
2026-02-24 02:00:00,NO,16,1.3,3.5692263524486063,1.827879956656795,0.5623638237481785,6.576088881149034
2026-02-24 03:00:00,NO,16,1.5,3.496867618506308,1.8487437580212716,0.45568413656131623,6.5380511004513
2026-02-24 04:00:00,NO,16,2.0,3.451532128843408,1.8569056954200596,0.39692225987741026,6.506141997809406
2026-02-24 05:00:00,NO,16,2.5,3.333021896454468,1.8644182306654542,0.2660539070097956,6.39998988589914
2026-02-24 06:00:00,NO,16,1.9,3.408697356667774,1.845488674564726,0.3728684870087995,6.444526226326749
2026-02-24 07:00:00,NO,16,0.8,3.3583653138795073,1.8467956830403027,0.3203864152782092,6.396344212480805
2026-02-24 08:00:00,NO,16,0.6,3.2797704193741413,1.8205960506157006,0.28488991611131365,6.274650922636969
2026-02-24 09:00:00,NO,16,0.6,3.1243311765750374,1.7737479186985146,0.2065158503159812,6.042146502834093
2026-02-24 10:00:00,NO,16,0.6,3.410810938980458,1.725103011581,0.5730164849297128,6.2486053930312035
2026-02-24 11:00:00,NO,16,0.4,3.5043053738525516,1.7331336523963499,0.6533005156605562,6.3553102320445465
2026-02-24 12:00:00,NO,16,0.4,3.7257955812312735,1.723917169637617,0.8899518371773936,6.561639325285153
2026-02-24 13:00:00,NO,16,0.4,3.8130126365015875,1.7233757600207413,0.9780595112674679,6.647965761735707
2026-02-24 14:00:00,NO,16,0.4,3.9308682081197803,1.7203768397195907,1.1008483067810535,6.760888109458508
2026-02-24 15:00:00,NO,16,1.0,3.91482139415495,1.7285042388114393,1.0714319213101322,6.758210866999768
2026-02-24 16:00:00,NO,16,1.4,4.105595246146854,1.734110782498816,1.2529830089363019,6.958207483357406
2026-02-24 17:00:00,NO,16,0.5,4.043404757757246,1.7549220322547245,1.156558014698224,6.930251500816269
2026-02-24 18:00:00,NO,16,0.4,4.044721376189641,1.7537138900759646,1.1598620270146793,6.929580725364604
2026-02-24 19:00:00,NO,16,0.4,4.072080584910112,1.747593086515683,1.1972899575918134,6.946871212228411
2026-02-24 20:00:00,NO,16,0.4,4.162132477198795,1.7571293442237144,1.2716547059507848,7.052610248446805
2026-02-24 21:00:00,NO,16,1.1,4.176409638771528,1.769451922655521,1.2656612260031959,7.087158051539859
2026-02-24 22:00:00,NO,16,1.4,4.191358196464861,1.7699602120948106,1.279773647568898,7.102942745360824
2026-02-24 23:00:00,NO,16,0.5,4.172242495700441,1.7795816576426466,1.2448306688782877,7.0996543225225945
2026-02-25 00:00:00,NO,16,1.1,4.037613114345792,1.8124584946957032,1.0561188905713599,7.019107338120223
2026-02-25 01:00:00,NO,16,1.3,4.021968401834635,1.8176113406265946,1.0319977465038872,7.0119390571653835
2026-02-25 02:00:00,NO,16,1.0,4.002905358205668,1.823604369690673,1.003076170064511,7.002734546346825
2026-02-25 03:00:00,NO,16,0.7,3.9078584546374655,1.8239041809937004,0.9075360769028284,6.908180832372103
2026-02-25 04:00:00,NO,16,0.6,3.7321432087727264,1.8086263364309554,0.756952885343805,6.707333532201648
2026-02-25 05:00:00,NO,16,0.8,3.673089098138404,1.8210561127807636,0.6774517926140478,6.6687264036627605
2026-02-25 06:00:00,NO,16,0.6,3.5407030663393453,1.8291255836240925,0.5317914812777129,6.549614651400978
2026-02-25 07:00:00,NO,16,0.5,3.4706241603755594,1.8386159991129025,0.44610084183483467,6.495147478916284
2026-02-25 08:00:00,NO,16,0.5,3.397350113683915,1.8482573074662967,0.3569668429018571,6.437733384465973
2026-02-25 09:00:00,NO,16,0.5,3.3196773923335066,1.8450107845594077,0.28463465173328073,6.354720132933732
2026-02-25 10:00:00,NO,16,0.6,3.4179970871310905,1.8427309900365867,0.38670460852090516,6.449289565741276
2026-02-25 11:00:00,NO,16,0.6,3.374204263954756,1.8396487504624603,0.3479820694440088,6.400426458465503
2026-02-25 12:00:00,NO,16,0.7,3.4549770765565366,1.8330393309951498,0.43962737706951494,6.470326776043558
2026-02-25 13:00:00,NO,16,1.3,3.5973017815495965,1.821923448562126,0.6002377086648991,6.594365854434294
2026-02-25 14:00:00,NO,16,1.0,3.8303567081130465,1.8010301329301148,0.8676621394430075,6.7930512767830855
2026-02-25 15:00:00,NO,16,0.4,3.870099437925994,1.8106417957383454,0.8915936839364158,6.848605191915572
2026-02-25 16:00:00,NO,16,0.4,4.007761034626199,1.8106814888211535,1.0291899855154014,6.986332083736997
2026-02-25 17:00:00,NO,16,0.4,3.989399408370324,1.823731691551792,0.9893607757676262,6.989438040973022
2026-02-25 18:00:00,NO,16,0.4,3.880124371169557,1.8397382512873925,0.8537549478017965,6.906493794537318
2026-02-25 19:00:00,NO,16,0.4,3.8409592600815823,1.8509734170761398,0.7961079889913321,6.885810531171833
2026-02-25 20:00:00,NO,16,1.2,3.8311573128122305,1.8608661170819658,0.7700325502123966,6.892282075412064
2026-02-25 21:00:00,NO,16,2.0,3.794254741982198,1.8608739626965833,0.7331170733463184,6.8553924106180775
2026-02-25 22:00:00,NO,16,0.6,3.7017296792825007,1.8500210299344815,0.6584450850402788,6.745014273524722
2026-02-25 23:00:00,NO,16,0.5,3.5909853744154465,1.84850599619242,0.5501930106789157,6.631777738151977
2026-02-26 00:00:00,NO,16,1.3,3.6182197865892043,1.8457690963881148,0.5819296230307556,6.654509950147653
2026-02-26 01:00:00,NO,16,1.7,3.49070951110624,1.8542827248929135,0.4404144286573972,6.5410045935550825
2026-02-26 02:00:00,NO,16,1.5,3.3256609034244926,1.8693128193378548,0.2506413156137217,6.4006804912352635
2026-02-26 03:00:00,NO,16,1.4,3.131611498332562,1.9008731812135575,0.0046751152362598525,6.258547881428864
2026-02-26 04:00:00,NO,16,1.3,3.0010487953786695,1.9311733578813617,-0.1757313783361707,6.177828969093509
2026-02-26 05:00:00,NO,16,1.1,2.871415314633272,1.9431146510906856,-0.3250082864109056,6.06783891567745
2026-02-26 06:00:00,NO,16,0.9,2.7443229154674826,1.9486675725657558,-0.4612352414031857,5.949881072338151
2026-02-26 07:00:00,NO,16,0.5,2.6131957618186914,1.9475814883475104,-0.5905757865129635,5.816967310150346
2026-02-26 08:00:00,NO,16,0.8,2.5585617823565876,1.9476938462206128,-0.6453945946763207,5.762518159389495
2026-02-26 09:00:00,NO,16,1.1,2.49493218483206,1.9303754332058203,-0.6805354027915147,5.670399772455634
2026-02-26 10:00:00,NO,16,0.6,2.6063221365354514,1.9291982539373727,-0.5672089911915266,5.77985326426243
2026-02-26 11:00:00,NO,16,0.4,2.6520035348232143,1.935903688329154,-0.532558032478244,5.8365651021246725
2026-02-26 12:00:00,NO,16,1.3,2.709442711218382,1.9377551212840511,-0.47816446329388196,5.897049885730646
2026-02-26 13:00:00,NO,16,2.5,2.822036299346548,1.9269993418714741,-0.3478776180320269,5.991950216725123
2026-02-26 14:00:00,NO,16,1.3,3.0032251205944456,1.9169879544745427,-0.1502200645161773,6.1566703057050685
2026-02-26 15:00:00,NO,16,0.4,3.0911870675597206,1.9217077867591585,-0.07002224165909521,6.252396376778536
2026-02-26 16:00:00,NO,16,0.4,3.183916212451171,1.9306132845390185,0.008057359384485263,6.359775065517857
2026-02-26 17:00:00,NO,16,0.4,3.200168295760084,1.9300346603475291,0.025261279488398625,6.37507531203177
2026-02-26 18:00:00,NO,16,0.4,3.1699037339784994,1.920393387154509,0.010856612109332087,6.328950855847667
2026-02-26 19:00:00,NO,16,0.4,3.113310288710289,1.9086885005096363,-0.026482294628062952,6.253102872048641
2026-02-26 20:00:00,NO,16,0.4,2.9779907811434603,1.8822096065305391,-0.11824402159927683,6.074225583886197
2026-02-26 21:00:00,NO,16,1.5,2.725950623584483,1.8326842817544184,-0.2888150199015356,5.740716267070502
2026-02-26 22:00:00,NO,16,1.9,2.5933264500201387,1.8432862555241143,-0.4388794403170295,5.6255323403573065
2026-02-26 23:00:00,NO,16,1.5,2.6220534000301354,1.8555644957057948,-0.43035019540589703,5.674456995466167
2026-02-27 00:00:00,NO,16,0.5,3.3066113290804795,1.8712306337583777,0.22843693654794794,6.384785721613011
2026-02-27 01:00:00,NO,16,0.5,3.191752923826167,1.872575875816774,0.11136560810757334,6.27214023954476
2026-02-27 02:00:00,NO,16,0.5,3.0455095658176865,1.878942206276731,-0.04535036350753607,6.136369495142909
2026-02-27 03:00:00,NO,16,0.5,2.7790426195819555,1.865438712155388,-0.2896040619136575,5.847689301077569
2026-02-27 04:00:00,NO,16,0.5,2.7538298171578552,1.8758957803926843,-0.3320187415881106,5.839678375903821
2026-02-27 05:00:00,NO,16,0.5,2.714451241320771,1.8802546522912,-0.3785676616982534,5.807470144339796
2026-02-27 06:00:00,NO,16,0.6,2.6535524430824005,1.894432523881052,-0.4627890587019299,5.76989394486673
2026-02-27 07:00:00,NO,16,0.6,2.566658215576305,1.8946904444614634,-0.550107565562802,5.683423996715412
2026-02-27 08:00:00,NO,16,0.6,2.508796414060872,1.886359606374701,-0.5942651384255111,5.611857966547255
2026-02-27 09:00:00,NO,16,0.7,2.776094855466358,1.7630203664036799,-0.12407364726769554,5.676263358200411
2026-02-27 10:00:00,NO,16,0.9,2.934455205854809,1.749991764214728,0.055718753721581304,5.813191657988037
2026-02-27 11:00:00,NO,16,0.7,2.8920434005631597,1.767469473922673,-0.015443884039637368,5.799530685165957
2026-02-27 12:00:00,NO,16,0.8,3.0410420032861385,1.7673931712514803,0.1336802365774532,5.948403769994824
2026-02-27 13:00:00,NO,16,0.8,3.215706573452715,1.7551950147172979,0.32841077424276,6.1030023726626705
2026-02-27 14:00:00,NO,16,0.4,3.419224747276236,1.7759293194647399,0.49782101675673873,6.3406284777957325
2026-02-27 15:00:00,NO,16,0.4,3.4787554115127706,1.7751933791819585,0.5585623027584488,6.398948520267092
2026-02-27 16:00:00,NO,16,0.4,3.592174998485103,1.750048092457443,0.713345886392609,6.4710041105775975
2026-02-27 17:00:00,NO,16,0.4,3.5238619620006113,1.7721916725608327,0.6086066606380416,6.4391172633631815
2026-02-27 18:00:00,NO,16,0.4,3.555156233789066,1.8126890300277603,0.5732827793934003,6.537029688184732
2026-02-27 19:00:00,NO,16,0.4,3.531839311111291,1.7870005066978136,0.5922234775933877,6.471455144629195
2026-02-27 20:00:00,NO,16,0.4,3.721140765312952,1.7573001324140434,0.8303820474918506,6.611899483134053
2026-02-27 21:00:00,NO,16,0.4,3.7308861169180294,1.7420144105917519,0.8652724114945975,6.596499822341461
2026-02-27 22:00:00,NO,16,0.5,3.50055200184785,1.7766007317057695,0.5780437981918594,6.423060205503841
2026-02-27 23:00:00,NO,16,1.2,3.40118941432906,1.7999029651759753,0.4403490366145806,6.36202979204354
2026-02-28 00:00:00,NO,16,1.4,3.9295340901557507,1.6903514040885559,1.1489060304300764,6.710162149881425
2026-02-28 01:00:00,NO,16,1.5,3.811985303036381,1.6904130074002253,1.0312559058630102,6.5927147002097515
2026-02-28 02:00:00,NO,16,1.5,3.658430929653387,1.7163924211007513,0.8349653969426507,6.481896462364123
2026-02-28 03:00:00,NO,16,1.4,3.5220937563169463,1.762724897236639,0.6224113003626752,6.421776212271217
2026-02-28 04:00:00,NO,16,1.3,3.5389105185419782,1.7500241396044764,0.6601208088926143,6.417700228191342
2026-02-28 05:00:00,NO,16,1.3,3.403692138768012,1.7973837617921897,0.44699585061986014,6.360388426916164
2026-02-28 06:00:00,NO,16,1.3,3.2494801343637842,1.8529304037816232,0.20140962014301422,6.297550648584554
2026-02-28 07:00:00,NO,16,1.4,3.1766198072538736,1.8785166948938046,0.08645984415356489,6.266779770354182
2026-02-28 08:00:00,NO,16,1.5,3.1386872876311447,1.8718314621560446,0.05952453238445132,6.2178500428778385
2026-02-28 09:00:00,NO,16,1.7,3.094869605194748,1.8790239519111107,0.0038752043009711024,6.185864006088526
2026-02-28 10:00:00,NO,16,1.9,3.1088812553905982,1.8813212781201025,0.014107752883029345,6.203654757898168
2026-02-28 11:00:00,NO,16,1.4,3.144352160375595,1.8835070768738895,0.04598301891804679,6.242721301833143
2026-02-28 12:00:00,NO,16,0.5,3.1703959314845918,1.8828377775526806,0.07312778741043235,6.267664075558751
2026-02-28 13:00:00,NO,16,0.4,3.2420676660027947,1.880250205378746,0.14905607815475763,6.335079253850832
2026-02-28 14:00:00,NO,16,0.4,3.378195999128337,1.8736287485984342,0.2960767076839126,6.460315290572761
2026-02-28 15:00:00,NO,16,0.4,3.481338517007169,1.882825997948109,0.3840897503825298,6.5785872836318084
2026-02-28 16:00:00,NO,16,0.4,3.566364396083471,1.880180315279255,0.4734677774490965,6.6592610147178455
2026-02-28 17:00:00,NO,16,0.4,3.613745181706321,1.8899126272986786,0.5048389097999944,6.722651453612647
2026-02-28 18:00:00,NO,16,0.4,3.6731647924952693,1.900276245639711,0.5472103684179443,6.799119216572594
2026-02-28 19:00:00,NO,16,0.4,3.690974980634555,1.9048921248829835,0.557427435202047,6.824522526067064
2026-02-28 20:00:00,NO,16,0.4,3.719643167500811,1.8956616111584519,0.6012798171451577,6.838006517856464
2026-02-28 21:00:00,NO,16,0.4,3.675636607955935,1.8963778031538951,0.5560951217677772,6.7951780941440925
2026-02-28 22:00:00,NO,16,0.5,3.6281583214500808,1.8966136794916066,0.5082288186863879,6.748087824213774
2026-02-28 23:00:00,NO,16,1.0,3.556434376962967,1.9011378399219923,0.42906263029128944,6.683806123634644
2026-03-01 00:00:00,NO,16,1.6,3.530823510435895,1.9176391196615008,0.37630715859272623,6.685339862279064
2026-03-01 01:00:00,NO,16,2.0,3.506202699843417,1.921959486499302,0.3445793445520655,6.667826055134769
2026-03-01 02:00:00,NO,16,2.3,3.457794092029736,1.9295596726830715,0.28366843046608325,6.6319197535933885
2026-03-01 03:00:00,NO,16,2.5,3.3934788747749787,1.9389653320640627,0.20388090352959543,6.5830768460203615
2026-03-01 04:00:00,NO,16,2.7,3.363747741180422,1.9488295204351709,0.15792318006456574,6.569572302296278
2026-03-01 05:00:00,NO,16,2.8,3.3404292722077797,1.9572530791129819,0.12074795706692454,6.560110587348635
2026-03-01 06:00:00,NO,16,2.8,3.3054060969470553,1.9579154485106143,0.08463518414709492,6.526177009747016
2026-03-01 07:00:00,NO,16,2.8,3.2927583497581963,1.9548863275212551,0.07697034098573141,6.508546358530661
2026-03-01 08:00:00,NO,16,2.8,3.2829879001723805,1.9514821553655384,0.07279975459606991,6.493176045748691
2026-03-01 09:00:00,NO,16,2.7,3.28634879408122,1.943167666774693,0.0898379822368498,6.48285960592559
2026-03-01 10:00:00,NO,16,2.8,3.3134853357596823,1.9324649671033993,0.13458046487459052,6.4923902066447745
2026-03-01 11:00:00,NO,16,3.0,3.3727254565938614,1.9257034435588116,0.20494329193961613,6.540507621248107
2026-03-01 12:00:00,NO,16,3.4,3.3933231739369565,1.9202324588634554,0.23454077910657212,6.552105568767341
2026-03-01 13:00:00,NO,16,4.0,3.47338359977044,1.914053138430734,0.32476618705188276,6.622001012488997
2026-03-01 14:00:00,NO,16,5.0,3.5892929800642825,1.9080796258195136,0.4505019955911824,6.728083964537383
2026-03-01 15:00:00,NO,16,3.8,3.657734792178463,1.906517321461725,0.5215137983739253,6.793955785983
2026-03-01 16:00:00,NO,16,2.2,3.6896738962340256,1.9071685573371948,0.5523816194143403,6.826966173053711
2026-03-01 17:00:00,NO,16,1.5,3.724273420601147,1.9042096145049805,0.5918486047404539,6.85669823646184
2026-03-01 18:00:00,NO,16,0.9,3.7958031102620255,1.9041049360479367,0.6635504904631695,6.928055730060882
2026-03-01 19:00:00,NO,16,0.5,3.8030538124180926,1.913608545538181,0.6551677550077848,6.9509398698284
2026-03-01 20:00:00,NO,16,0.4,3.7715026121540385,1.923261712708341,0.6077370947488179,6.935268129559259
2026-03-01 21:00:00,NO,16,0.8,3.7210216991709393,1.927883198077798,0.5496538383329614,6.892389560008917
2026-03-01 22:00:00,NO,16,1.7,3.676884677233326,1.933593504839712,0.4961233617719998,6.8576459926946525
2026-03-01 23:00:00,NO,16,2.4,3.6431257085461537,1.937920307123622,0.45524680332779566,6.831004613764511
2026-03-02 00:00:00,NO,16,2.9,3.392883661566079,1.979000018278284,0.13742863149830198,6.648338691633857
2026-03-02 01:00:00,NO,16,3.2,3.389703850940803,1.9794121562089269,0.13357085397711854,6.645836847904487
2026-03-02 02:00:00,NO,16,3.5,3.3688838518924515,1.982152683067898,0.10824268824575922,6.629525015539144
2026-03-02 03:00:00,NO,16,3.7,3.330352215132691,1.9837876329935389,0.06702155885831962,6.593682871407063
2026-03-02 04:00:00,NO,16,3.8,3.2602969097480985,1.9843530995768819,-0.003963939055872334,6.524557758552069
2026-03-02 05:00:00,NO,16,3.9,3.207416738162934,1.9854147847058594,-0.058590582678204495,6.473424059004072
2026-03-02 06:00:00,NO,16,3.8,3.157080245907334,1.9829641373305875,-0.10489576000148215,6.4190562518161505
2026-03-02 07:00:00,NO,16,3.7,3.1162870950123454,1.9803516333744398,-0.14139134188860814,6.373965531913299
2026-03-02 08:00:00,NO,16,3.4,3.1071320286670896,1.9782342450340042,-0.14706330441384763,6.361327361748026
2026-03-02 09:00:00,NO,16,3.3,3.1260061452394656,1.9730538177807253,-0.11966738500982732,6.371679675488759
2026-03-02 10:00:00,NO,16,3.3,3.16195009256084,1.968118353182634,-0.07560459842459322,6.3995047835462735
2026-03-02 11:00:00,NO,16,3.1,3.1465035254688494,1.9663273068753528,-0.08810489434110602,6.381111945278805
2026-03-02 12:00:00,NO,16,1.8,3.1931915002780875,1.9597073909790075,-0.030527157882379807,6.416910158438554
2026-03-02 13:00:00,NO,16,0.8,3.282222163941743,1.9497111857420417,0.07494726339608437,6.489497064487401
2026-03-02 14:00:00,NO,16,0.5,3.427452996617029,1.9371854796683543,0.2407828825625864,6.614123110671471
2026-03-02 15:00:00,NO,16,0.5,3.4668386425870596,1.9334544920417664,0.28630600317835375,6.647371281995765
2026-03-02 16:00:00,NO,16,0.5,3.544716155389079,1.931997173697623,0.36658080465648935,6.722851506121669
2026-03-02 17:00:00,NO,16,0.5,3.575268222402782,1.9335748631383511,0.39453757254019406,6.755998872265369
2026-03-02 18:00:00,NO,16,0.5,3.6069709139986026,1.9282182519019742,0.4350518896198552,6.77888993837735
2026-03-02 19:00:00,NO,16,0.5,3.611954410308982,1.9258775905289132,0.4438857738889195,6.780023046729044
2026-03-02 20:00:00,NO,16,0.9,3.6192627527066876,1.9200490757370812,0.46078202311918925,6.777743482294186
2026-03-02 21:00:00,NO,16,2.4,3.6127467872387093,1.90602770016113,0.4773312204736504,6.748162354003768
2026-03-02 22:00:00,NO,16,1.3,3.603162511600148,1.892569344345262,0.4898859401521922,6.716439083048105
2026-03-02 23:00:00,NO,16,0.8,3.614481329831156,1.883700770084144,0.5157935630427395,6.713169096619573
2026-03-03 00:00:00,NO,16,1.1,3.2461010550797957,1.867078777061317,0.1747564668139292,6.317445643345662
2026-03-03 01:00:00,NO,16,1.4,3.198356895745205,1.8650559798492927,0.13033980889311847,6.266373982597292
2026-03-03 02:00:00,NO,16,1.6,3.033667156655673,1.8749544590211182,-0.050632928434066304,6.117967241745413
2026-03-03 03:00:00,NO,16,1.6,2.882905532628811,1.8920102617278287,-0.22945134791346744,5.995262413171089
2026-03-03 04:00:00,NO,16,1.8,2.811727594968902,1.9063965281129742,-0.3242946937769404,5.947749883714744
2026-03-03 05:00:00,NO,16,2.0,2.5567906335739483,1.9038935240743433,-0.5751142135283467,5.688695480676243
2026-03-03 06:00:00,NO,16,2.0,2.340146862373062,1.8941032568877287,-0.7756529952072517,5.455946719953376
2026-03-03 07:00:00,NO,16,1.9,2.18771301105362,1.8882338692766065,-0.9184317039063981,5.293857726013638
2026-03-03 08:00:00,NO,16,1.6,2.1191410510075714,1.884858564935303,-0.981451288311002,5.2197333903261445
2026-03-03 09:00:00,NO,16,1.4,2.0427341774189784,1.8755040291461218,-1.042469950526392,5.127938305364349
2026-03-03 10:00:00,NO,16,1.3,2.004520307808735,1.8565105192772011,-1.049439496402261,5.058480112019731
2026-03-03 11:00:00,NO,16,1.3,2.0096604047778945,1.8497217825602763,-1.03313192753376,5.052452737089549
2026-03-03 12:00:00,NO,16,0.7,2.097654952847581,1.852490071494241,-0.949691214760445,5.145001120455607
2026-03-03 13:00:00,NO,16,0.4,2.3294818515391653,1.8429269487773137,-0.7021329791995159,5.3610966822778465
2026-03-03 14:00:00,NO,16,0.4,2.615058606001962,1.8352789549615944,-0.40397527490986107,5.634092486913785
2026-03-03 15:00:00,NO,16,0.4,2.8362893682608217,1.841932896607319,-0.193690246658218,5.866268983179861
2026-03-03 16:00:00,NO,16,0.4,2.9002165122847345,1.8492262021331758,-0.14176059022433973,5.942193614793808
2026-03-03 17:00:00,NO,16,0.4,2.9889427598746674,1.8560848986636787,-0.0643168984270841,6.042202418176419
2026-03-03 18:00:00,NO,16,0.4,3.0121908689155164,1.857476637918118,-0.04335820045978789,6.067739938290821
2026-03-03 19:00:00,NO,16,0.5,3.0719699601665753,1.8648498487864815,0.0042919589128129765,6.139647961420337
2026-03-03 20:00:00,NO,16,1.6,3.11353512372593,1.8752022771913277,0.028827377746195815,6.198242869705664
2026-03-03 21:00:00,NO,16,2.4,3.1553550382081346,1.8804122290500167,0.06207692142085719,6.248633154995412
2026-03-03 22:00:00,NO,16,0.9,3.0732087278432965,1.8664904127896889,0.00283199880425844,6.1435854568823345
2026-03-03 23:00:00,NO,16,0.6,3.067402027980639,1.8638484770752646,0.001371283191828887,6.133432772769449
2026-03-04 00:00:00,NO,16,0.5,3.0247773707551255,1.8825044640430926,-0.07194247259576159,6.121497214106013
2026-03-04 01:00:00,NO,16,0.9,2.9302720230392776,1.887417755084583,-0.17453018407486143,6.035074230153416
2026-03-04 02:00:00,NO,16,1.6,2.8371971848228403,1.905726502628093,-0.2977229120003728,5.972117281646053
2026-03-04 03:00:00,NO,16,1.4,2.7142030498281495,1.9216498903112698,-0.44691101973388925,5.875317119390188
2026-03-04 04:00:00,NO,16,1.2,2.58711630758214,1.9198776073039219,-0.5710823564328114,5.745314971597091
2026-03-04 05:00:00,NO,16,0.9,2.519880199017925,1.9246429613075058,-0.6461574723329222,5.6859178703687725
2026-03-04 06:00:00,NO,16,0.7,2.450902987881535,1.9271502088518349,-0.7192591056797335,5.621065081442803
2026-03-04 07:00:00,NO,16,0.6,2.360385639660485,1.9299729243484012,-0.8144198208926352,5.535191100213606
2026-03-04 08:00:00,NO,16,0.6,2.368089109973707,1.9355486831362005,-0.8158884737853431,5.5520666937327565
2026-03-04 09:00:00,NO,16,0.6,2.3707588609081083,1.9319968196220474,-0.8073759073701599,5.548893629186376
2026-03-04 10:00:00,NO,16,0.6,2.3926488575797356,1.9261350670915869,-0.7758433277859247,5.561141042945396
2026-03-04 11:00:00,NO,16,0.7,2.430428030416815,1.9283429602055104,-0.7416961391212498,5.6025521999548795
2026-03-04 12:00:00,NO,16,0.7,2.4550855510448026,1.927381180204366,-0.7154564903913796,5.625627592480985
2026-03-04 13:00:00,NO,16,1.0,2.513038144110819,1.9160546045701017,-0.6388716804069983,5.664947968628637
2026-03-04 14:00:00,NO,16,0.7,2.6888765476660765,1.9065484946141766,-0.44739572597424404,5.8251488213063976
2026-03-04 15:00:00,NO,16,0.4,2.836151976239475,1.9131959982029927,-0.3110554408044477,5.983359393283398
2026-03-04 16:00:00,NO,16,0.4,2.84942620460321,1.9138904635561835,-0.2989236079467119,5.997776017153132
2026-03-04 17:00:00,NO,16,0.4,2.924963581187048,1.926452867361901,-0.24405138562327933,6.093978547997375
2026-03-04 18:00:00,NO,16,0.4,3.078907161190238,1.9408963687165668,-0.1138673653485145,6.271681687728991
2026-03-04 19:00:00,NO,16,0.8,3.182313035217541,1.9494201306311094,-0.024483079670634122,6.389109150105716
2026-03-04 20:00:00,NO,16,2.0,3.212185941599139,1.9558767037135394,-0.005231236009633378,6.429603119207911
2026-03-04 21:00:00,NO,16,0.9,3.223327147121327,1.9530063327796747,0.010631729698761916,6.436022564543892
2026-03-04 22:00:00,NO,16,0.8,3.302466098692945,1.9480371883497238,0.09794492385764908,6.506987273528241
2026-03-04 23:00:00,NO,16,1.3,3.3765034832087952,1.948799864510316,0.17072770608932553,6.582279260328265
2026-03-05 00:00:00,NO,16,0.8,3.5236239795284416,1.9455331771466342,0.3232219031222283,6.7240260559346545
2026-03-05 01:00:00,NO,16,0.5,3.4224915363310107,1.9390480434947066,0.23275750478221813,6.612225567879803
2026-03-05 02:00:00,NO,16,0.7,3.3302537177141316,1.9422132397084702,0.13531293839369818,6.525194497034565
2026-03-05 03:00:00,NO,16,1.1,3.177623470268358,1.9456698084469934,-0.023003364626946077,6.378250305163663
2026-03-05 04:00:00,NO,16,0.6,3.1393775424769537,1.9455299078361998,-0.0610191559135953,6.339774240867502
2026-03-05 05:00:00,NO,16,0.5,3.0192019611374814,1.9488985783138477,-0.18673620018879822,6.2251401224637615
2026-03-05 06:00:00,NO,16,0.5,2.926845066998323,1.9632656637550616,-0.30272694987875326,6.156417083875399
2026-03-05 07:00:00,NO,16,0.5,2.907121290408668,1.9703172834760438,-0.33405064090942416,6.14829322172676
2026-03-05 08:00:00,NO,16,0.5,2.879118772251163,1.96615441686553,-0.3552052434926338,6.11344278799496
2026-03-05 09:00:00,NO,16,0.8,2.867187412196961,1.9470985605554254,-0.3357897199167139,6.070164544310636
2026-03-05 10:00:00,NO,16,0.5,2.9019681348653665,1.9365929944321574,-0.28372734097553254,6.087663610706265
2026-03-05 11:00:00,NO,16,0.5,2.9185202792235794,1.938283551537411,-0.26995616305546166,6.10699672150262
2026-03-05 12:00:00,NO,16,0.6,2.9810148193081893,1.9338620824358836,-0.20018830629883944,6.162217944915218
2026-03-05 13:00:00,NO,16,0.6,3.0874956659775536,1.9232929237717744,-0.0763211936270154,6.251312525582122
2026-03-05 14:00:00,NO,16,0.4,3.273035405758654,1.9099647021832573,0.13114347066719567,6.414927340850112
2026-03-05 15:00:00,NO,16,0.4,3.3633855198756484,1.90504336088074,0.22958919122683108,6.497181848524466
2026-03-05 16:00:00,NO,16,0.4,3.4145800628326723,1.9045445683351756,0.28160424792130856,6.547555877744037
2026-03-05 17:00:00,NO,16,0.4,3.4937740232494967,1.909448970134707,0.3527304673779037,6.63481757912109
2026-03-05 18:00:00,NO,16,0.4,3.600067511957319,1.91908260254457,0.44317663077150105,6.756958393143137
2026-03-05 19:00:00,NO,16,1.0,3.6275227340131755,1.9220815230381811,0.4656986286153675,6.7893468394109835
2026-03-05 20:00:00,NO,16,1.7,3.6248805859699567,1.919598369729885,0.4671412677642959,6.782619904175617
2026-03-05 21:00:00,NO,16,0.5,3.6037518452869266,1.9101656279784562,0.46152938726236625,6.7459743033114865
2026-03-05 22:00:00,NO,16,0.8,3.605220631412884,1.905536023692627,0.47061387243851227,6.739827390387255
2026-03-05 23:00:00,NO,16,1.6,3.632564024910014,1.907397893291981,0.49489449044470524,6.770233559375322
2026-03-06 00:00:00,NO,16,1.2,3.7178413047580054,1.9454977635159925,0.5174974837741977,6.918185125741813
2026-03-06 01:00:00,NO,16,0.9,3.6458987328681305,1.938597939130606,0.45690512299828345,6.8348923427379775
2026-03-06 02:00:00,NO,16,0.8,3.507922298130453,1.9352507442673947,0.32443482381058875,6.691409772450317
2026-03-06 03:00:00,NO,16,0.7,3.4237417742351677,1.9347144569549488,0.24113649254427694,6.606347055926058
2026-03-06 04:00:00,NO,16,0.7,3.3703383190994454,1.9406020985568382,0.17804786697344666,6.5626287712254445
2026-03-06 05:00:00,NO,16,0.7,3.1512408893857202,1.9482622013038637,-0.05365043175913575,6.356132210530577
2026-03-06 06:00:00,NO,16,0.6,2.907334147229034,1.942153053752986,-0.28750762619462833,6.102175920652696
2026-03-06 07:00:00,NO,16,0.6,2.7325683100399814,1.9411634858270443,-0.4606456241455068,5.92578224422547
2026-03-06 08:00:00,NO,16,0.7,2.7196442758668935,1.9486907203590018,-0.4859519591236645,5.925240510857451
2026-03-06 09:00:00,NO,16,0.9,2.734623935488465,1.9428605520575943,-0.4613816726462776,5.9306295436232075
2026-03-06 10:00:00,NO,16,0.5,2.752687664821544,1.9357857523106718,-0.4316798977295111,5.937055227372599
2026-03-06 11:00:00,NO,16,0.8,2.7526255593516895,1.940984218271426,-0.4402934797048066,5.945544598408185
2026-03-06 12:00:00,NO,16,1.1,2.7861268217560604,1.9418589387686012,-0.4082311325182886,5.980484776030409
2026-03-06 13:00:00,NO,16,0.4,2.8935116626127844,1.9316805888502522,-0.2841029060458804,6.07112623127145
2026-03-06 14:00:00,NO,16,0.4,3.0943149654454087,1.9200080821285774,-0.06409832965610107,6.2527282605469185
2026-03-06 15:00:00,NO,16,0.4,3.2404083324942303,1.9127595787348721,0.09391882547536579,6.386897839513095
2026-03-06 16:00:00,NO,16,0.4,3.356808004690345,1.9043955841768023,0.22407726871950517,6.489538740661185
2026-03-06 17:00:00,NO,16,0.4,3.4254191538942034,1.9223330409388748,0.2631813015497544,6.587657006238652
2026-03-06 18:00:00,NO,16,0.4,3.566331576152357,1.903676088117294,0.4347844111994079,6.697878741105306
2026-03-06 19:00:00,NO,16,0.5,3.576743449090606,1.919328742695979,0.41944766735572037,6.734039230825491
2026-03-06 20:00:00,NO,16,0.5,3.609919667697921,1.926625885757254,0.4406200856272382,6.7792192497686035
2026-03-06 21:00:00,NO,16,0.5,3.5920475502066465,1.9277099941272005,0.4209646098674016,6.763130490545891
2026-03-06 22:00:00,NO,16,0.6,3.47256731434815,1.9372046649277919,0.2858656405419322,6.659268988154368
2026-03-06 23:00:00,NO,16,0.7,3.4817010603250402,1.950944057841785,0.27239808517530406,6.691004035474776
2026-03-07 00:00:00,NO,16,0.8,3.6280247412369127,1.9310699195894507,0.4514147235122663,6.804634758961559
2026-03-07 01:00:00,NO,16,0.8,3.5939758134642315,1.9138049767026881,0.4457666267883096,6.742185000140154
2026-03-07 02:00:00,NO,16,0.9,3.5296723192168256,1.8940792508424187,0.413911951581047,6.645432686852605
2026-03-07 03:00:00,NO,16,0.9,3.537760544324287,1.884641409928122,0.43752542499252645,6.6379956636560475
2026-03-07 04:00:00,NO,16,1.0,3.500860988821274,1.8913703477559853,0.38955676676267803,6.61216521087987
2026-03-07 05:00:00,NO,16,1.2,3.3626043142465645,1.906694546705648,0.22609178491577353,6.499116843577355
2026-03-07 06:00:00,NO,16,1.3,3.5231712330073783,1.860023501727286,0.4634325726659929,6.582909893348764
2026-03-07 07:00:00,NO,16,1.3,3.3554802264912995,1.8880196776834441,0.24968785670203397,6.4612725962805655
2026-03-07 08:00:00,NO,16,1.3,3.195576311165689,1.9048746967570138,0.062057435000401284,6.329095187330977
2026-03-07 09:00:00,NO,16,1.5,3.102436453047795,1.9105852915953885,-0.040476351626619334,6.245349257722209
2026-03-07 10:00:00,NO,16,2.0,3.1525858821516324,1.9105330135277359,0.009759074898506803,6.295412689404758
2026-03-07 11:00:00,NO,16,1.0,3.105669809524652,1.9270202341637024,-0.06427847567463862,6.275618094723942
2026-03-07 12:00:00,NO,16,0.5,3.09952978199258,1.928394676740683,-0.07267946124584368,6.271739025231003
2026-03-07 13:00:00,NO,16,0.9,3.2067836098693103,1.8969358685106972,0.08632410616921327,6.327243113569407
2026-03-07 14:00:00,NO,16,0.6,3.437355626356366,1.8505469845341327,0.3932058367977178,6.481505415915015
2026-03-07 15:00:00,NO,16,0.5,3.626781332457112,1.8429315701294018,0.5951588995942458,6.658403765319978
2026-03-07 16:00:00,NO,16,0.5,3.8658742864763593,1.833050204774082,0.8505066996229944,6.881241873329724
2026-03-07 17:00:00,NO,16,0.5,3.8477281267241974,1.878513257217929,0.7575738186007039,6.93788243484769
2026-03-07 18:00:00,NO,16,0.5,3.8077750403067334,1.8974132989972448,0.6865301634562657,6.929019917157201
2026-03-07 19:00:00,NO,16,0.5,3.7483059503280467,1.9130313609041778,0.6013693616406743,6.895242539015419
2026-03-07 20:00:00,NO,16,0.5,3.7601208805362987,1.923587319441331,0.5958197400553091,6.924422021017288
2026-03-07 21:00:00,NO,16,0.6,3.724733902467182,1.9270083741738664,0.5548051269511718,6.894662677983192
2026-03-07 22:00:00,NO,16,0.7,3.639355428857238,1.9359502379517812,0.4547172874265577,6.823993570287918
2026-03-07 23:00:00,NO,16,1.1,3.593264048253009,1.9484787463107236,0.3880165105718687,6.79851158593415
2026-03-08 00:00:00,NO,16,1.4,3.5146685166911786,1.9537782315140928,0.30070332585049586,6.728633707531861
2026-03-08 01:00:00,NO,16,1.7,3.471291946933747,1.938138193220114,0.2830546190866592,6.659529274780835
2026-03-08 02:00:00,NO,16,2.0,3.411157122353181,1.9313804234584204,0.2340363257640794,6.588277918942283
2026-03-08 03:00:00,NO,16,2.2,3.4342663731074556,1.9317286785895829,0.2565726968275919,6.611960049387319
2026-03-08 04:00:00,NO,16,2.4,3.3420489850701296,1.9461869659480886,0.14057142608552375,6.543526544054735
2026-03-08 05:00:00,NO,16,2.6,3.208894212111432,1.952814466875953,-0.00348558589951109,6.421274010122374
2026-03-08 06:00:00,NO,16,2.7,3.2522295126847185,1.9449727805658712,0.052749288653860305,6.451709736715577
2026-03-08 07:00:00,NO,16,2.8,3.247888873106764,1.9428931751984184,0.05182959990536551,6.443948146308163
2026-03-08 08:00:00,NO,16,2.8,3.194321442664033,1.9557950045844554,-0.02296133987739646,6.411604225205462
2026-03-08 09:00:00,NO,16,2.8,3.1575161912291176,1.9560769762107224,-0.06023043463752087,6.375262817095756
2026-03-08 10:00:00,NO,16,3.0,3.1489929678699466,1.952291174820898,-0.06252601471043073,6.360511950450324
2026-03-08 11:00:00,NO,16,3.3,3.148329527620259,1.957818519565286,-0.07228193706463637,6.368940992305154
2026-03-08 12:00:00,NO,16,3.7,3.169718454004479,1.9538757306492864,-0.04440712291359716,6.383844030922555
2026-03-08 13:00:00,NO,16,4.7,3.2918212484828664,1.9320730406083129,0.11356109668219183,6.470081400283541
2026-03-08 14:00:00,NO,16,4.3,3.490230011207836,1.9119047613023215,0.3451466788655173,6.635313343550155
2026-03-08 15:00:00,NO,16,3.3,3.6046722862336456,1.9169237305049864,0.45133274955294267,6.758011822914348
2026-03-08 16:00:00,NO,16,2.4,3.701804663974892,1.9266039005489557,0.53254124757186,6.871068080377924
2026-03-08 17:00:00,NO,16,1.6,3.6741538279533486,1.9423049107507122,0.47906224976842715,6.86924540613827
2026-03-08 18:00:00,NO,16,1.0,3.7280183022307147,1.942764452699235,0.5321707775404731,6.923865826920956
2026-03-08 19:00:00,NO,16,0.8,3.773883407471551,1.9417663625439223,0.5796777410867984,6.968089073856303
2026-03-08 20:00:00,NO,16,0.8,3.71326431501181,1.9441731920848768,0.5150994140321878,6.911429215991433
2026-03-08 21:00:00,NO,16,0.9,3.670142665738677,1.9420752233735077,0.47542892328925657,6.864856408188097
2026-03-08 22:00:00,NO,16,1.4,3.590212271100748,1.944469683024084,0.3915596425261296,6.7888648996753655
2026-03-08 23:00:00,NO,16,2.0,3.570058250340927,1.9486698899980754,0.36449628129409284,6.775620219387761
2026-03-09 00:00:00,NO,16,2.3,3.2411902929297014,1.9617779730885003,0.014065527199118133,6.468315058660284
2026-03-09 01:00:00,NO,16,2.3,3.1456757800562634,1.9552391130037492,-0.07069256083490405,6.362044120947431
2026-03-09 02:00:00,NO,16,2.3,3.0421120436769264,1.9563981302152083,-0.17616288052709095,6.260386967880944
2026-03-09 03:00:00,NO,16,2.3,2.9806527916384984,1.9657205855797952,-0.2529575716402648,6.214263154917262
2026-03-09 04:00:00,NO,16,2.3,2.9151338467143884,1.9727421510804473,-0.3300269918129475,6.160294685241724
2026-03-09 05:00:00,NO,16,2.4,2.813842243432556,1.977676632955805,-0.4394358177797435,6.067120304644856
2026-03-09 06:00:00,NO,16,2.4,2.621603557702556,1.9544464641667558,-0.5934608758517572,5.836667991256869
2026-03-09 07:00:00,NO,16,2.3,2.665231206734329,1.9468500195367435,-0.537337075403614,5.867799488872272
2026-03-09 08:00:00,NO,16,2.2,2.613510980336418,1.9355893239806223,-0.5705334576117056,5.797555418284542
2026-03-09 09:00:00,NO,16,2.0,2.476957898019853,1.921405947454184,-0.6837548855422795,5.6376706815819855
2026-03-09 10:00:00,NO,16,2.0,2.591794982290871,1.9214392099109854,-0.5689725180126999,5.752562482594442
2026-03-09 11:00:00,NO,16,2.1,2.6450057636794972,1.922864044737085,-0.5181055899130076,5.808117117272002
2026-03-09 12:00:00,NO,16,2.0,2.7030538908932344,1.9183989521377294,-0.4527123853733306,5.8588201671597995
2026-03-09 13:00:00,NO,16,1.0,2.8192542967596674,1.9083433838759516,-0.3199705697162729,5.958479163235608
2026-03-09 14:00:00,NO,16,0.7,2.9736677946010626,1.8992537210685858,-0.15060457655676096,6.097940165758886
2026-03-09 15:00:00,NO,16,0.7,3.0718235396028732,1.9015778356342958,-0.056272000015543444,6.19991907922129
2026-03-09 16:00:00,NO,16,0.7,3.158407559315144,1.9086751680692076,0.018636907841297568,6.29817821078899
2026-03-09 17:00:00,NO,16,0.6,3.288498978825696,1.9146126179500165,0.13896122229791885,6.4380367353534735
2026-03-09 18:00:00,NO,16,0.8,3.1841375146090525,1.870008724978706,0.10797316201908114,6.260301867199024
2026-03-09 19:00:00,NO,16,0.9,3.0490031846021886,1.880135260365525,-0.04381931869910005,6.141825687903477
2026-03-09 20:00:00,NO,16,2.0,3.076857326255198,1.870199658527442,0.00037888797755547543,6.153335764532841
2026-03-09 21:00:00,NO,16,2.4,3.098524355464968,1.846570497136714,0.0609158876750735,6.136132823254862
2026-03-09 22:00:00,NO,16,1.2,3.078393713375742,1.8777473839891898,-0.01050073328647505,6.167288160037959
2026-03-09 23:00:00,NO,16,1.5,3.1307945283853846,1.8984379694483278,0.007864068642885247,6.253724988127884
2026-03-10 00:00:00,NO,16,2.1,2.8620934342808075,1.8827479017258582,-0.23502686405822937,5.959213732619844
2026-03-10 01:00:00,NO,16,1.9,2.721951506490776,1.8776410316916143,-0.3667679906419292,5.810671003623481
2026-03-10 02:00:00,NO,16,1.2,2.719139908469477,1.904835465535159,-0.4143144323358592,5.852594249274814
2026-03-10 03:00:00,NO,16,1.2,2.787724567823257,1.9404343092326122,-0.40428987086438983,5.979739006510904
2026-03-10 04:00:00,NO,16,1.8,2.716496019310754,1.9537066702677586,-0.497351453279709,5.930343491901217
2026-03-10 05:00:00,NO,16,1.6,2.3748866576255603,1.9246315746817204,-0.79113228272587,5.540905597976991
2026-03-10 06:00:00,NO,16,1.2,2.186825146743702,1.871509060638561,-0.8918072580067307,5.265457551494134
2026-03-10 07:00:00,NO,16,1.2,2.0862956074332693,1.86181940213742,-0.9763973090827864,5.148988523949325
2026-03-10 08:00:00,NO,16,2.0,1.9644350851425318,1.8672781355496721,-1.1072374478366787,5.036107618121743
2026-03-10 09:00:00,NO,16,1.5,1.8997933986157833,1.8669887358696176,-1.1714030718897375,4.970989869121304
2026-03-10 10:00:00,NO,16,1.1,1.7293118085627825,1.8518995628971346,-1.3170629724030039,4.7756865895285685
2026-03-10 11:00:00,NO,16,1.7,1.6729523567812465,1.8563241799173442,-1.3807009191827848,4.726605632745278
2026-03-10 12:00:00,NO,16,2.0,1.6559760908986043,1.8456911430889877,-1.3801858394827804,4.692138021279989
2026-03-10 13:00:00,NO,16,1.0,1.7029402341730524,1.8160508142604754,-1.2844633552854297,4.690343823631535
2026-03-10 14:00:00,NO,16,1.0,2.3210501116296065,1.8229091426081612,-0.6776354279608188,5.319735651220032
2026-03-10 15:00:00,NO,16,1.0,2.763550742003678,1.850225105823175,-0.28006955707544456,5.807171041082801
2026-03-10 16:00:00,NO,16,1.0,2.9513613693868024,1.8727826986953895,-0.12936616996711336,6.032088908740718
2026-03-10 17:00:00,NO,16,1.0,2.844892658825713,1.799731501460091,-0.11566566107613685,5.8054509787275625
2026-03-10 18:00:00,NO,16,1.1,2.9644642977121096,1.799517653450264,0.0042577577864255645,5.924670837637794
2026-03-10 19:00:00,NO,16,1.8,3.0998602353227707,1.8183920204176969,0.10860536173565949,6.091115108909882
2026-03-10 20:00:00,NO,16,1.8,3.120541060325714,1.8421529601669326,0.09019944085110998,6.150882679800318
2026-03-10 21:00:00,NO,16,1.2,3.0451275416909036,1.9017173234599491,-0.08319745540071288,6.17345253878252
2026-03-10 22:00:00,NO,16,2.0,2.9576806197201004,1.9017421604543274,-0.170685234227268,6.086046473667469
2026-03-10 23:00:00,NO,16,2.1,2.930511187759407,1.9042119818915686,-0.20191752245222316,6.062939897971038
2026-03-11 00:00:00,NO,16,1.3,2.9180289766947034,1.8966769655277393,-0.20200463159842785,6.038062584987834
2026-03-11 01:00:00,NO,16,2.3,2.731893684541416,1.8848519247280078,-0.368687731636157,5.832475100718989
2026-03-11 02:00:00,NO,16,3.1,2.520146028542234,1.922536303209804,-0.6424261902378938,5.682718247322361
2026-03-11 03:00:00,NO,16,1.9,2.37039460576865,1.909871981112422,-0.7713448031612842,5.512134014698584
2026-03-11 04:00:00,NO,16,1.2,2.3601129463457347,1.9121687429836416,-0.7854046358623559,5.505630528553825
2026-03-11 05:00:00,NO,16,1.4,2.2413201432199017,1.8751830523961823,-0.843355977971818,5.325996264411621
2026-03-11 06:00:00,NO,16,1.5,2.163088794414201,1.8697530767403452,-0.9126550168236665,5.238832605652069
2026-03-11 07:00:00,NO,16,1.2,2.0923801628824865,1.8412307871413551,-0.9364444819650428,5.121204807730016
2026-03-11 08:00:00,NO,16,1.4,2.154843466106617,1.8650840649884486,-0.9132198207993811,5.222906753012615
2026-03-11 09:00:00,NO,16,1.4,2.4890781129062516,1.9442756342485241,-0.7092553054325705,5.687411531245074
2026-03-11 10:00:00,NO,16,1.3,2.513346994103288,1.9392511785461832,-0.6767211946051837,5.70341518281176
2026-03-11 11:00:00,NO,16,2.1,2.547003880440303,1.9212836420524244,-0.6135077107359352,5.707515471616541
2026-03-11 12:00:00,NO,16,1.4,2.5645385429173477,1.911533674893332,-0.5799343522821836,5.709011438116879
2026-03-11 13:00:00,NO,16,1.1,2.5892845941488805,1.898579473039837,-0.5338786390016517,5.712447827299412
2026-03-11 14:00:00,NO,16,1.1,2.7471286675110687,1.8951828142513294,-0.3704470619323681,5.864704396954505
2026-03-11 15:00:00,NO,16,1.0,2.8522646863730854,1.7715436220282963,-0.06192457186346223,5.7664539446096335
2026-03-11 16:00:00,NO,16,1.1,2.9122075093956576,1.7787777192215355,-0.013881838723768247,5.8382968575150835
2026-03-11 17:00:00,NO,16,1.2,3.0284908432038287,1.8847279507213686,-0.0718866357328225,6.12886832214048
2026-03-11 18:00:00,NO,16,1.2,3.227149357480931,1.8301295691294623,0.21658621626296526,6.2377124986988965
